	Text	Emotion
0	im grabbing a minute to post i feel greedy wrong	0
1	ive been feeling a little burdened lately wasnt sure why that was	3
2	i feel as confused about life as a teenager or as jaded as a year old man	1
3	i feel like i have to make the suffering i m seeing mean something	3
4	i do feel that running is a divine experience and that i can expect to have some type of spiritual encounter	2
5	i didnt really feel that embarrassed	3
6	i now feel compromised and skeptical of the value of every unit of work i put in	1
7	i am feeling completely overwhelmed i have two strategies that help me to feel grounded pour my heart out in my journal in the form of a letter to god and then end with a list of five things i am most grateful for	1
8	i was able to help chai lifeline with your support and encouragement is a great feeling and i am so glad you were able to help me	2
9	i already feel like i fucked up though because i dont usually eat at all in the morning	0
10	i remember feeling acutely distressed for a few days	1
11	i have been feeling the need to be creative	2
12	i feel a bit rude writing to an elderly gentleman to ask for gifts because i feel a bit greedy but what is christmas about if not mild greed	0
13	i already have my christmas trees up i got two and am feeling festive which i m sure is spurring me to get started on this book	2
14	i stopped feeling cold and began feeling hot	0
15	i found myself feeling a little discouraged that morning	3
16	i hate living under my dads roof because it gives him an excuse to be an asshole to me because hes providing for me to live here i think he feels that he needs to make me feel as unwelcome as possible so ill leave	3
17	i feel selfish as i read back to my former posts how i have never asked for prayers for others how i never considered that there may be others out there that deserve their prayers answered before my own	0
18	i know the pain parents feel when an enraged child becomes violent	0
19	i can feel my ovaries aching talking to me as i like to put it	3
20	i think feelings are one of nay the most important things we have	2
21	i feel like a miserable piece of garbage	3
22	i feel like i need to make a list leanne would be appalled at the thought so that i dont miss anything	0
23	i will be able to lay on my bed in the dark and not feel terrified at least for a while	1
24	i am letting go of the animosity that is towards anyone that i feel has wronged me	0
25	im starting to feel wryly amused at the banal comedy of errors my life is turning into	2
26	i say goodbye to the fam theyre all sad a crying and i feel like a heartless bitch because hey im pretty excited to be flying for the first time and you know also to spend a year in another country	0
27	i feel excited about what im doing again i feel like i have a ton of catching up to do	2
28	i also know how good it feels to look back and see that i honored my word and that helps from the start	2
29	i mean really really hard works to obtain such a high technical skill in wushu feel kinda ashamed but somehow motivated when i saw kids doing wushu performances whole heartedly despite their tiredness	3
30	finding out that i am not ill not seriously	2
31	i am feeling all useful	2
32	i had begun to feel apprehensive when thick black rain clouds stormed into the sky above town	1
33	i didn t feel like getting shaken down by the tsa quite yet so i pulled off to the side at creative croissants for a lunch	1
34	i get into groups i feel really awkward and overcompensate by being too talkative or by getting really quiet	3
35	i feel they are pretty safe on my blog img src http s	2
36	i think if a poem doesn t put pressure on me i don t feel uncomfortable in the sense of feeling more than i can feel understanding more than i can understand loving more than i am able to be in love	1
37	i was still feeling strong	2
38	i didn t burst into tears or some other devastating release of feelings or thoughts because i seemed to know that rich also had to go through his own space without me just dumping on him	2
39	i wanted to get a pumpkin spice latte this morning but it was hot and the last thing i wanted was a hot coffee maybe i am feeling a little bitter	0
40	i suppose he feels badly because he was a bit skeptical of her pain over the last few months shes had a hyperchondria and exaggeration habit in the past though he never openly questioned her about it	1
41	i clench to the corners of the bed to feel assured	2
42	i don t know why perhaps because other girls in the office had nice short hair or perhaps i was just feeling rebellious	0
43	i might go get a car wash if i am feeling really generous my car needs it	2
44	i still feel sleep deprived she is almost sleeping through the night giving us	3
45	i just feel really violent right now	0
46	i feel a need to protect my parents against the witch hunt that repressed memory therapy can be	3
47	i feel disgusted to even be associated with this woman by my race and nationality	0
48	i still feel it does the genre a disservice when stories are resolved artifically	2
49	i always know when i am feeling artistic when i write my name while i am in an artistic mood the i in manitz i draw a circle not a dot the bigger the dot the more artistic i am feeling and if it is just a line like an accent mark in spanish im pissed	2
50	i could feel her whimper to the thought of being unloved and uncared for	3
51	im getting the feeling that my classes are a little intimidated by the concept of a lit	1
52	when i heard a rumour that the st year exam results were out i had fear that i might be one of the failures	1
53	i specifically wanted tango was feeling shy and maks quite the opposite hard to get far enough away from him to get good pics lol	1
54	i just wish okay so i was thinking about it earlier today and heres the thing being all cooped up amp restless has made me feel so needy	3
55	i feel like i m always the one getting punished for stupid things and i feel like i m being chastised for behaving	3
56	i think im just being stupid feeling nervous	1
57	i have to revise my replies over and over again in my mind just to make sure that the reply sounds appropriate enough and that the person who receive the reply will not feel offended	0
58	i felt sad when a friend of mine died and i felt that something had irrevocably gone away from me	3
59	im sure its because when i am lost i feel like everyone is being hostile toward me and i hate that feeling	0
60	i feel now so uncomfortable with all of them i guess is me	1
61	i feel abused and maligned but mostly tired of the nervous feeling anticipating danger	3
62	i am feeling pretty restless right now while typing this	1
63	i feel so fucked like everyday of my life	0
64	i didn t feel like i was being bitchy at the time but upon retrospect why wouldn t he think that i was trying to shake him off	0
65	i still second guess myself and still have a terrible time making definitive decisions but there are certain truths that i do know about myself and i feel assured by those truths	2
66	i go online and i see a friend talking to another one and is not talking to me i feel ignored i feel unloved	3
67	im feeling cranky	0
68	i go to sleep i feel as if i m giving up precious time to do something else with my life	2
69	i shalt say we did cos i din feel a thing when he wrote hw he is keen on xxx	2
70	i feel as if i was abused in some way	3
71	i would feel lucky to call any of the materials and kits on your site mine they are just beautifully curated	2
72	i know i have some obnoxiously immature sounding verbal tics and my voice is kind of nasal and i don t always come across like the sharpest tool in the shed especially when i m feeling awkward but there s knowing and there s knowing you know	3
73	i am feeling exceptionally reluctant to go to school tomorrow even though its monday and the timetable is pretty good	1
74	im sick of feeling crappy	3
75	i feel like i almost convinced myself this is going to be the pattern	2
76	i mainly like to text because i feel like i am so much more clever with the written word rather than the spoken	2
77	i can understand that you may feel youd rather not do your bit for the vulnerable and homeless in london in that precise way	1
78	i can finally stop feeling listless and like a waste of space	3
79	i do feel a shift in me to being more positive	2
80	fear of thief	1
81	i always spend more money there than i mean to and feel dissatisfied when i exit the store	0
82	im feeling really quite angry	0
83	i feel really ashamed	3
84	i finally left feeling judged and ridiculed because i am intelligent	2
85	i is starting to feel a bit insulted by this stranger	0
86	i see women wearing boots i feel envious that i want to curse them	0
87	i was so honoured that this young woman felt comfortable enough to ask me i had kind of a faux hawk thing going on back then so i must have looked dykey enough for her to feel safe talking to me	2
88	i do have to wonder when you re cast as a caveman and you re told you re perfect for the part do you feel insulted or complimented	0
89	i stopped feeling so exhausted a href http provokingbeauty	3
90	i be made to feel rotten	3
91	i feel like i m on the receiving end of a violent attack	0
92	i and i are feeling especially thankful for so many small blessings in our life right now	2
93	i have learnt nothing else in the last two years it is that it s best to feel my way by trusting my instincts	2
94	i feel burdened to share it	3
95	i feel selfish bringing up our loneliness for a child when i know parents out in newtown are grieving their lost babies	0
96	i feel envious and embarrassed	0
97	i could feel the frantic need in him the need to make me his	1
98	i feel frustrated when i have new music and new lyrics that clearly have nothing to do with each other	0
99	i am already feeling frantic	1
100	i feel like this insecurity is a good thing when i first started writing i pictured it all	2
101	i crave as i fall into submission and i did not feel submissive in the least	3
102	i feel irritated pissed even like when someone wakes me up at that moment when i m on the edge of falling into a deep slumber	0
103	im pretty happy but a little on the nauseated side to feel thrilled	2
104	im sure that the folks in virginia florida and the other handful of swing states agree feel not only put upon but insulted by the constant barrage	0
105	i am feeling pretty worthless right now	3
106	i didnt feel especially nervous in finland but when we landed in paris i was a little unsure about what would be ahead of us thought st grade student janne suominen	1
107	i do feel envious of those with kids at certain moments	0
108	im not scared at all anymore im fine i feel terrific about the surgery	2
109	i feel is still really low in my abdomen	3
110	i feel like i ve been welcomed a tight knit family who ll make sure i won t feel alone ever	2
111	i got the feeling brig is sincere and has a very strong desire to help others become successful both financially and also through building strengthening relationships through christianity	2
112	i feel like ive had to fake my feelings a lot more often then i would have liked to	3
113	i wonder how many people are against my do it only when you feel like it perspective but i think if you do it for the sake of doing it without wanting to do it then it will turn out to be the result of crappy work	3
114	i have been feeling so overwhelmed lately	1
115	i feel rebellious because i don t particularly like watching romcoms but i get the feeling that i may be pretty good at writing them	0
116	i feel so honoured to have hosted this series to have such talented a	2
117	i feel after reading allthingsbucks blog which brought tears to my eyes and a lump in my throat and a feeling of not having a worthwhile thing to be upset about that i shouldnt write such a lame blog	2
118	i feel honored to be with many wonderful artists and to display my work for the public to see	2
119	im not only thankful that everything seems to be working out as i wrap week at my new job but also feeling pretty lucky to have the people we do in our lives	2
120	i feel too selfish to talk about you to anyone else thyroid for i do not want them to think i am just dramatic and whiny when really it is just hard for them to understand that yes someone can look fine and still feel terrible	0
121	i was i admit very worried about feeling isolated i work in a cubicle pretty much on my own unless someone needs me	3
122	i found myself in the novel position of feeling a bit uncertain about the stock market rally	1
123	i am feeling super excited as the weeks seem to be flying by and we are getting closer and closer to our due date	2
124	i feel really pathetic confronted with some	3
125	i feel there are dangerous games or activities	0
126	i am not working out the amount i would like to i feel like my lifestyle change has been successful so far	2
127	i feel very passionate about a certain topic i love backing up my position with actual knowledge and facts instead of relying solely on opinions	2
128	i feel wronged but the judges people make at times however i also found out that actually in life we just need to be responsible to our own actions and and the people around us	0
129	i really like how the special edition really does feel special with songs on it	2
130	i feel really lucky to have found you as a resource and have always felt the answers i needed were there for the asking	2
131	i am always so sensitive and my every sense feels like it is being assaulted as i drag myself away from the darkness	1
132	i feel tortured and tragic enough as it is without having any importance or sparkle	0
133	i feel selfish thinking this way but i feel so lonely at times	0
134	i feel lonely at work im not a social bird as i usually am when i was in school	3
135	i feel intimidated by the great women in my family tree	1
136	i feel like i have been rather unkind to it	0
137	i says pressing his torso against siwons and bringing their faces close enough that he can feel siwons agitated breath	0
138	i checked on you was a long time ago i can say you were happy way back then feeling contented with everyone and everything around you	2
139	im afraid im in an environment that makes me feel more relaxed cause	2
140	i have been feeling conflicted on whether or not i as a follower of christ should celebrate the ever popular pagan originated modern day holidays	2
141	i feel uncertain about his motives and feel an inbalance in our committment to the process of counselling for reconciliation	1
142	ive had too much training in grammar and language and reading something written like this kind of feels like im being assaulted	3
143	i is feeling insulted because everyone is comparing sneha with her	0
144	i picked up feeling a little apprehensive	1
145	ive been feeling very numb	3
146	im feeling every bit the spiteful vindictive bitch i can be at times	0
147	i know its easy to twist things to create an explanation and im still not sure i have one but it did help me to feel a little less mad	0
148	i didnt tell you because i didnt want you to feel afraid	1
149	i sort of hate glasses because they make my eyes look small and since huge eyes is all i have going for me it was quite an upset but im hoping these bigger frames will make me feel less paranoid	1
150	i feel really socially awkward and dont like to get out and meet new people and do things in groups and be adventurous	3
151	i admire athleticism i feel like i would be more entertained if i got to watch severely out of shape people participate in olympic events	2
152	i truly feel what you all contribute to the blog world especially with regard to educating writers is so valuable	2
153	i would want to welcome into my home if i end up feeling my mommyhood threatened by my inability to breastfeed my baby	1
154	i feel so honored that students come to my classes	2
155	i had horrible anxiety dreams every night last week and it made me feel really paranoid and of course all of that reading about conspiracy theories and unsolved crimes online didnt hugely help matters	1
156	im feeling indecisive and it scares me	1
157	i believe that what was displayed is a deep emotional yearning for semblance of normality peace since it appears the dancing arabs did not feel threatened by a fully armed soldier	1
158	i feel frustrated that its not easier other days i remember that the blessing of research learning trial and error hard won success and patience will give me a far better garden in the long run	0
159	i will actually feel comfortable speaking to others in just japanese i feel pretty happy about my current progress	2
160	i really am feeling horribly irritable and a little bit depressed	0
161	i simply said how sorry i am and just got out from her car and got into my house feeling restless	1
162	ive been feeling a bit paranoid like its really noticable that im off and that everyone can see that	1
163	i am at the bus stop and i hear the squeak of a baachan trolley i feel a little paranoid	1
164	im feeling rushed and like i should have planned certain things this summer that i can no longer do	0
165	i try to breathe in when i feel frustrated and breathe out the calm that i desire	0
166	i have been highly critical of dennis covingtons book in this article i must admit that he did say something that has merit in this discussion when he noted in his closing chapters this feeling after god is a dangerous business	0
167	i refers of course though i cant help feeling somehow ironically in retrospect to loudons son with kate mcgarrigle the rather talented himself rufus wainwright	2
168	i feel sorry for rafael bosch	3
169	i am feeling miserable and sick but hoping that with the amount of sleep i am getting i havent had much choice i have had zero energy cold meds vitamins and lots of fluids i have high hopes to feel better tomorrow	3
170	i feel troubled because of the ongoing relocation of our front door	3
171	im feeling a combination of terrified and relieved	1
172	i always notice even though she is fabulous at hiding it according to the rest of the world and feel it keenly and am greatly distressed	1
173	i feel so shaken and guilty for not being a better mother and shielding my offspring from this health problem	1
174	i feel like a greedy little traitor i m looking looking among these covers hey little snotface take me	0
175	i feel like i was a rude ass hole at hookah	0
176	i was made to feel like it was my fault that i couldn t control my husband and his violent behavior if they even believed it existed	0
177	i feel inspired and eager to press on when the sun shines	2
178	i want to say how i want to feel just come out so bitter and angry	0
179	im feeling quite pleased this week	2
180	i still feel shaky is because in the worst hit areas the damage and destruction is so complete	1
181	i am feeling hopeful and looking forward once again	2
182	i feel uncertain and uneasy	1
183	i feel nervous about going back to america not knowing what to expect the transition to be like	1
184	i started to feel kind of skeptical about this myself	1
185	i feel it gives even more period feel and detail than sharpe and is certainly good enough to read cover to cover	2
186	i learned the hard way and after being here for about three hours you ll feel like you ve been here for months from all the friendly people you ll stop and talk to	2
187	i feel that something wonderful is going to happen	2
188	i am going to assume a moral obligation to find a way to make sure i feel pretty damn rich every day	2
189	i sense this is wat has let you feeling unsure	1
190	i am feeling very apprehensive about the future at the moment	1
191	i was sleeping in my room but woke in the middle of the night to think i could hear noises and see shadows moving i felt that someone was in the house	1
192	im so overwhelmed with feeling blessed by you i have to pray the fears of this being the last time i say happy birthday to you	2
193	i feel very popular and also a little pressure to keep it up which is exactly what i need	2
194	i begin to have these doubts my stomach clenches my heart races and i feel fearful	1
195	i feel like i have been really cranky at school these days	0
196	i feel like him try to stay as faithful as possible to what he perceives as the real events that happened in that mountain	2
197	i feel glad to have my little blog to share with you the dangers i see on the path ahead	2
198	i say that i feel like im being tortured by him	0
199	im feeling a bit cranky today	0
200	i had then these were truly terrifying and still feel shaken and uneasy because of them	1
201	i want others to be happy but does that mean i step back yet again it feels like and allow them to be happy because they deserve it or do they even deserve it or do i	2
202	i was feeling pretty cranky this morning and stopping in here really made me feel a lot better	0
203	i didnt feel the cold up there because we had a fire every night	0
204	i folk if im feeling sociable	2
205	i finish typing this post i realise i m ok no longer do i feel annoyed angry or even sad	0
206	i refuse to rate the book but if she and her publisher feel snobbish then take it from me when i say jeanette winterson cannot write and essentially does not do wish to do anything with the scope to explore	0
207	i feel petty even though the thoughts arent real fleshed out thoughts just these fluttering i should feel like this kind of thoughts	0
208	i put my leg around yours and wrap my arms under yours for me to feel safe again	2
209	im proud of but having crafted something that other people care about even just enough to click through to makes me feel so wonderful	2
210	i feel as though the concept of lifestyle change rather than weight loss has been beaten to death but it really is something that i believe in and am currently experiencing	3
211	i remember feeling a little jealous and realized that our time together wasnt solely about me but that he has a larger network of social interactions all ready in progress before i got there	0
212	i feel really tranquil where i am right now	2
213	i was on my own tearful and feeling unloved even though i know that i am	3
214	i feel like i had so much to write then got distracted by my home on a wednesday evening challenge and have therefore lost my train of thought	0
215	i couldn t turn my head away even when i feel frightened	1
216	i feel the most uncertain about the project	1
217	i feel i am completely dissatisfied with the whole world and all human characters are inconsistent	0
218	im feeling particularly dangerous a chocolate cookie	0
219	im feeling ok and always has a hand on me or sits very close	2
220	i feel apprehensive about the ride ahead	1
221	i feel bothered	0
222	i do not feel insecure or unsafe	1
223	i cant imagine the agony those folks feel waiting for news about their own sentimental things	3
224	i feel just insulted	0
225	i use an elevated lexicon to feel more intelligent	2
226	i feel agitated and empty and missing something	0
227	i would feel joyful	2
228	i am feeling deeply offended big hurt feelings in fact	0
229	i do not feel overwhelmed nor rushed	1
230	i kinda did steal joshua s customer i feel amused	2
231	im feeling low and forgotten	3
232	i feel like this shows the change that many countries have taken and that many countries are on the way to making this decision that includes supporting and increasing women in all areas of life	2
233	id feel better	2
234	i feel like offended with such question	0
235	i probably love a handful of friends too but i always feel a bit strange when describing this as love	1
236	i feel hated and not wanted but just be an ignored	3
237	i feel pretty jolly	2
238	i feel kind of alone and helpless in	3
239	i feel totally ignored and excluded	3
240	im just feeling seriously pissed off at myself for doing something fantabulous but utterly stupid	0
241	i wish i could say hey you know if i died tomorrow i wouldnt feel cheated on life or regretful that i didnt accomplish something	3
242	i have something to tell you girls i finally feel brave enough to share the news	2
243	i am excited i hope they will be a it more personal with us and i wont feel like i am being rushed in and out	0
244	i don t know why it is that i feel awkwardly hesitant to return to melbourne	1
245	i should have been depressed but i was actually feeling inspired	2
246	i get home i laze around in my pajamas feeling grouchy	0
247	i need to do the best i possibly can do and even when i get out at i feel too listless to study like right now	3
248	i am thankful for feeling useful	2
249	i anyone another lovely day today weather am running late with life generally and not done any art today yet feel deprived bit of	3
250	i cant help feeling mad at this man	0
251	i told im i didnt want him to feel uncomfortable	1
252	i feel constantly at battle like i need to continuously improve myself but then feel like nothing i do will ever be enough and that makes me feel chronically exhausted	3
253	i feel like im a shy enormous pink flamingo man	1
254	im listening to right now because i feel like i need it and i want to share it with you little ones despite my convinced atheism somehow it never fails to make me feel better	2
255	i feel confused too	1
256	i zoom into those difficulties into feeling like having to give up everything and feeling more then helpless alone in a desert cast out by the ways voices and actions of others that is another story when i zoom into it i also temporarily loose the view of the full picture	3
257	i did see some things that i would never have done myself for the movie adaption but feel that if i did not read the book it would not have bothered me	0
258	i think we i can get caught up in the nature of being busy of feeling the need to fill each moment with industry of some sort of occupying blank spaces with effort and chores	3
259	i honestly feel kind of embarrassed and a bit guilty	3
260	i feel like a failure of a parent which add that to the emotional rollercoaster of having to have an unplanned c section and well some days i feel like i have just failed from the beginning	3
261	i need to feel assured i need to feel secure	2
262	i can never seem to get on the good foot and i feel so crappy	3
263	i feel guilty for complaining about my life knowing that there are people out there who have it much worse than i do	3
264	id feel completely lost without him	3
265	i tried to explain what my lyme and coinfections feel like i guess i could say it is a horrible painful nightmare that just won t end	3
266	i feel so uncomfortable about the word hero	1
267	i am feeling very unsure of my future	1
268	i really remember is feeling wonderful in the oatmeal bath	2
269	i didn t walk the whole distance just sampled four or five stretches but i came home feel charmed by the experience	2
270	i have one of the guest rooms in our current house that was supposed to be my craft office closet but i honestly never use it since it is up stairs in a cold or hot room that i feel i can t get messy	3
271	im just feeling very uncertain and	1
272	im not sure i relish the feeling of squelching mud between my toes when its contents are uncertain	1
273	i do not always find myself feeling thankful but over the years i ve gathered a few tricks that allow me to feel grateful in the face of moments when the last thing i want to do is say thanks	2
274	i like feeling suspicious and paranoid about everyone around me including my cat spending way too much time on self loathing thoughts sinking into unwarranted and unnecessary depression and then feeling supremely guilty for acting like such a bitch	1
275	i honestly believe those darker days are the reason i push so hard to be someone of worth in my future i feel it is my duty to make up for all the time i lost	3
276	i still want to be a lady who likes ladies who does not feel inhibited to kiss another woman in public but i guess i will just have to disregard societal views that pertain to my sexual preferences and how i portray them	3
277	i feel suspicious if there is no one outside like the rapture has happened or something	1
278	i did manage two short runs and a walk but today im back to feeling just shy of awful	1
279	i feel really lucky to be part of what looks like an active and friendly homeschooling group here in dubai	2
280	i want her to still feel appreciative of things i do for her	2
281	i doubles victory over brown struff we went back on sunday feeling really optimistic and looking forward to another day filled with more fedtastic tennis	2
282	i hoped to get from her this weekend in an attempt to not feel so utterly isolated inside ambleside with the curtains firmly closed on what was the warmest sunniest day of the year so far	3
283	i visit m ller in my country and go to the expensive make up stands the sales assistants are always standing right next to me and looking at me like im going to steal something so i feel really uncomfortable shopping there	1
284	i feel i am shy and i am afraid of keeping my point of view	1
285	i feel like i get a lot of questions in my list of search phrases that point people here and sometimes i m awfully disturbed at the things that somehow bring my blog up in a search engine	3
286	im not going to lie i feel a little insulted	0
287	i was feeling at the start didnt want to move much at all was really glad to experience this glimpse into the sort of vibrant energy i will gain through out the year	2
288	i email authors about interviews i feel a little intimidated	1
289	i feel shafted or greedy	0
290	i stop feeling so depressed and	3
291	i feel honored to be witness to another s process	2
292	i had a horrible tragedy something that i was terribly ashamed of or something that was causing me great pain or that was making me feel vulnerable i have more than just one or two very trusted people who i know i could call for help	1
293	i feel like this concert was much more successful than the previous one	2
294	i also feel so awful feeling this way	3
295	i feel like i have been beaten hard with a baseball bat under my arm which the doctor said was a very apt description	3
296	i feel completely drained physically and mentally worn out	3
297	im feeling so broke right now but i loved every minute of it	3
298	i always thought that if i contracted something from one of those people and passed it on to him that i d feel awful but after i got the sti test i thought i was basically in the clear	3
299	i feel like i ve regained another vital part of my life which is living	2
300	i pray that each of you who is hurting or feeling afraid tonight finds peace and soon	1
301	i feel more crucified heartbroken tortured and forsaken than i have ever before felt but not at the hands of my enemy at the hands of those i love	3
302	im feeling awfully spiteful right now	0
303	i feel so highly intimidated that i get flustered and cant form my words not even in english with her	1
304	i learned in the foundry of my own childhood that humor made a perfect shield for keeping people at bay for helping me conceal my true feelings for lending the appearance of truth to all the lies i would tell about how happy i was and for providing me with the wherewithal to get through each day	2
305	i prayed to trust god with my desire to feel a divine sense of home	2
306	i found is that feeling worthless is a waste of time	3
307	i will not go into details from that long night but i woke up for our am bus feeling like i could barely stand and not trusting the pit in my stomach	2
308	i was feeling a little like a cold was coming on	0
309	i had ritz crackers in my desk drawer because theyre something ill eat even when i feel crappy and or dont feel like eating	3
310	i feel like the character precious	2
311	i feel tortured by something	0
312	i had coped for barely twenty four hours before i was feeling wrung out and distraught	1
313	i feel like im being a terrible person and that hes going to hate me for thinking these things	3
314	i stopped feeling bitter and sorry for myself and lost myself in the work my work started getting better or rather continued to get better	0
315	i feel more and more stressed	0
316	i fully enjoy music when i feel afraid using headphones	1
317	i feel like ending my life like some song from damaged or something	3
318	i feel totally rejected	3
319	i was to her in fact so i m taking that as she feels regretful for what she has done	3
320	i feel embarrassed by it	3
321	i feel this violence is petty and impractical	0
322	i feel strongly about or a line that i want to draw in the sand so to speak i shouldn t be afraid especially at this point to bring up how i feel about what my conclusion should entail etc	1
323	i still feel its a little shaky at times and can move into the slightly odd jades hair in particular seems prone to this but generally it works well with spencers writing	1
324	i feel is a dumb plot idea	3
325	im doing things that make me feel brave and strong i have a a href http derfwadmanor	2
326	i just love the colors and the way the yarns feel i also love supporting small businesses and it allows me to provide quality products in my own shop	2
327	i remember feeling more amused than sensing that i was in any real danger however i must have been experiencing a little bit of shock	2
328	i feel greedy but too idealistic what is it to expect she would want you to talk to me your proported best friend that she might be happy you have me	0
329	im feeling a little gun shy about this	1
330	i feel a bit stressed so i get up and take two rescue tablets	3
331	i feel that now i am a lot less irritable than i was before	0
332	i feel festive	2
333	i may not feel hopeful and many days i do not but these truths i must call to mind the lord is my portion therefore i will hope in him	2
334	i was feeling so reluctant the whole day today the only thing that i feel like doing is just sticking my ass on the benches ground having heart to heart talks with my favs staring into space and nothing	1
335	im feeling confused but ill keep trudging through	1
336	this happened when i could not get into the school i had initially wanted	0
337	i am feeling generous so you can pick any reason you like but make sure you take your wise mothers advice so i dont feel the need to drag all this to court	2
338	i used to get the worthless feeling like i said previously my gear was going on ebay but now catch or not i m not bothered it is all about having a go i think a little more when fish are thin on the ground but not dejected or angry	0
339	i understand the logic of having a student congress but i cant help but feel thats its really really really boring	3
340	im waiting in my paper gown and plastic slippers for them to call me feeling very apprehensive but a bit dopey in the head due to lack of food	1
341	i notice a lump or feel pain in any part of my body i will somehow become fearful or scared	1
342	i feel without being disturbed by it	3
343	id feel like a heartless bitch if i didnt share these with anybody	0
344	i am beginning to feel startled by how little of last week i remember	1
345	i cant let all these feeling in one blink im not a heartless person like you i give you a lot of change i give you a lot of change to come and change your decisions i give you a lot of change to find me but you threw it like a crap	0
346	i need to tell someone how i feel you are gorgeous	2
347	i feel rude for ignoring your plea for help and its all your fault	0
348	i feel like im so enraged	0
349	i am writing this i remember between feeling assured i wasnt dead and checking the window that me and my mom started fighting	2
350	i feel so selfish but i just want to keep my baby close for awhile and not let the rest of the world in unless i feel like it	0
351	i feel as though you are determined to annoy me you know i dont want you listening to the radio	2
352	i feel like i ll never be as graceful an	2
353	im feeling all triumphant you may high five me if you choose mind you ill laugh at you but	2
354	i guess the trick is i need to go in strong and get what i want and not feel bashful over it	1
355	i was a bit too nervous to focus on the faces and the feeling was not unpleasant i wanted to put in a joke to start with especially since it involved the key note speaker and i thought it was funny	3
356	i feel so bitchy suddenly	0
357	i feel defective or something	3
358	i feel really petty at the moment because i am extremely angry because im broke at the moment and it sort of pisses me off	0
359	i feel most apprehensive about each week probably because it is the one most likely to unavoidably show me my shortcomings as a runner	1
360	i was feeling melancholy on a cloudy rainy lonely easter sunday	3
361	i now feel like i look really ugly some people think i look retarted	3
362	i go to little tiny andover and take a walk at night i feel absolutely terrified	1
363	i really like it a lot and think its a great fit for me and i love talking to the patients and trying to help them feel less nervous or at least that someone cares about them for a few minutes	1
364	i love that she doesnt always feel brave	2
365	i feel grouchy or short tempered then the guilt kicks in	0
366	i feel like any time anyone gets into the ring with him they are so intimidated by his arms and legs they dont even really try	1
367	i feel highly burdened and incapacitated by my stupid flaring legs	3
368	i feel fabulous	2
369	i find them downright amusing but other times i feel slugged in that vulnerable spot knowing that i ll never have a daughter	1
370	i definitely recommend this for anyone who is feeling depressed or anxious	3
371	when my beloved grandfather died	3
372	i feel angered by this	0
373	i know someone who needs to feel respected above all else who maybe deep down worries hes not worthy of that respect because hes insecure about where he comes from	2
374	i already feel myself becoming more casual in my fandom	2
375	i want to feel and maybe something i am feeling convinced myself of the nvm state of mind i am in after due deliberations	2
376	im a firm believer that nothing makes a woman feel much more terrific than a great trip to the salon to lift her spirits a bit	2
377	i always feel invigorated while listening to her that we can win this war against predatory school deform	2
378	ive been feeling reluctant intermittent and lacklustre to pen my thoughts down	1
379	i feel like im a violent mother	0
380	i write this i still have that vaguely spacy feeling and im not sure ill be an effective human being	2
381	i were to ever get married i d have everything ready to offer to him because i ve got it together and when i do go out to clubs even the perfect good looking guys feel intimated after talking to me about my clever self	2
382	im feeling adventurous and my laundry hamper	2
383	i still pretty much feel ashamed and i m certain i m disappointed in my weaknesses i know for fact i am angry and upset and that s just for one situation	3
384	i proclaim to have lost a bit of my sanity and feel so shaky	1
385	i was told to do it continues and the fact i feel fear frightened correction terrified of what is next	1
386	i feel uncomfortable with the fact i am so powerless at the moment	1
387	i want to feel like i m reading something worthwhile	2
388	i remember that beauty truly is in the eye of the beholder people see the beautiful compliment as a statement of how valuable they find that person and people don t want to kick someone when they are feeling vulnerable	1
389	i know they mean no harm but i cant help but feel offended	0
390	im feeling the need to mellow out i find something on the ipod that suits me or when im ready to pump it up ive always got a go to tune or two to get me reved up	2
391	i feel like i have been emotionally beaten to a pulp	3
392	i go to my son s conference next week and i am already feeling nervous and apprehensive	1
393	i was pregnant with my first i remember thinking a lot that i didn t have to feel so sentimental about the time passing so quickly because there would be another pregnancy yes i am one of those crazy people that loves being pregnant	3
394	i feel uncertain and not entirely safe	1
395	im feeling brave this would be nice with black tips	2
396	i know thats not true but thats how i feel i get scared	1
397	i feel that i can answer in a completely un sarcastic way	0
398	i feel so cute	2
399	i wish we could have a huge collective book club about it because i think these conversations are critical during a time when people are feeling increasingly fearful unsettled and disconnected	1
400	i have said this before being a mom has made me feel more vulnerable than i have ever felt before	1
401	i feel valuable a href http idreamculture	2
402	i love my job and know that the surgeries were doing are emergencies i always feel resentful especially when it is am and i was sleeping	0
403	my cat died from an illness it had been with us for years it was a lovely cat it had been ill for one or two weeks and the veterinary surgeon had told us that it was dying	3
404	i could say that will make anyone feel better than actually reaching their goal themselves	2
405	i almost fall asleep but i feel so awkward sleeping beside her	3
406	i feel so enraged that i want to punch him but i don t because he s only years old	0
407	i feel all submissive	3
408	i could just feel the joy rage coming at me for that one but i m glad you re feeling back at it and i m also glad we went to yoga tonight because sometimes you just need to know that you re better than your crossfit coach at side plank img src http s	2
409	i hate to have to clear my voice i hate to stammer i hate to feel the way i do now humiliated and frightened to the bones what do you want of me	3
410	i grappled with was guilt that relatives and friends who usually communicate with me there would feel like i was ignoring them and i felt selfish still posting my burlesque and blog updates there without liking their photos and links	0
411	i even get jealous when my bf speaks to his best friend who is a girl and also friend of mine but i listen and understand their friendship because my trust towards my bf is higher than me feeling jealous	0
412	i feel that the students in this classroom are very hostile towards any display of intellect just like the rest of society	0
413	i feel shitty as fuck	3
414	i feel so invigorated by the sunshine	2
415	i don t know if he knew about buffy but i for one was feeling nervous about how the whole multiple dogs on a flight thing was going to pan out	1
416	waiting for my girlfriend to come from her apt to mine she was very late and i thought something awful had happened	1
417	i feel glad to be teaching nursery children who have special needs and know that the study of art has better helped me to use art in the curriculum to make lessons more enjoyable and interesting for the pupils	2
418	i feel like i want to punch him in his handsome face	2
419	i do when i feel guilty a href http douevenlift	3
420	i feel im being violent is i say no im not going to accept that and here are the consequences	0
421	i feel im back to being that bouncy little chickie i was when i first found the scene but with a lot more depth and understanding of myself and the world around me	2
422	i was insane not liking someone else to do all this but it made me feel less valuable b c i wasnt working and i also wasnt a housewife	2
423	i havent known sue anything like as long as bloater and lisa but i feel like i have you know one of those people you meet and you just click with you can have grumpy old people conversations straight away with them but then roll around laughing the next minute well thats sue	0
424	i could sit for hours with some old friends catching up and just feel like i am in a uber gorgeous	2
425	i feel satisfied with it	2
426	ive been having breakdowns again ive been feeling depressed and for the three four days i was sticking to my old sleeping pattern i was feeling pretty great not the best but better than normal	3
427	i continue to spend hrs into not feeling envious can i really do it	0
428	i was also feeling unimportant	3
429	i feel insulted by this technique which is also proven to be one of the worst for educating because i already read the slide faster than he was able to speak	0
430	i feel drained at least now i have something to look forward to	3
431	i feel that rushed prize giving really dilute the event and in future prize givings will be not rushed and will be on timetable	0
432	i asked them to join me in creating a world where all year old girls could grow up feeling hopeful and powerful	2
433	i can never fall in love with anyone because my feelings make me too dangerous	0
434	ive been feeling so restless at home these days probably because i had been cooped up at school and home for way too long	1
435	im kind of feeling nervous and anxious about all the shit i have to do today	1
436	i execute the trick and work my dishwasher magic i feel so clever	2
437	ive posted a blog and i feel like thats unfortunate	3
438	i just don t feel like having distraught parents breathing down my neck	1
439	ive been waiting to get some time alone for quite a few weeks now and when i finally get it im feeling a bit homesick	3
440	i feel bashful under his teasing scrutiny	1
441	i think since im compelled to act all meek and asian in front of my own kind i feel a tad inhibited to the extent that i cant even be myself	1
442	i vividly remember feeling so offended that she would even dream such a thing could be a choice	0
443	i am very i feel very privileged having said all that i am very privileged	2
444	i was feeling a bit disheartened until one of our black belt instructors at the dojo richard and i own asked why let anyone else set your destiny	3
445	i saw a few pianos that were either newer cheaper or larger but there was always something missing that made me feel uncertain about buying them	1
446	i are another reason why foreign tourists feel reluctant to drive in this island	1
447	i kind of feel lame but still dont regret coming	3
448	i feel super behind in all aspects of my life i need to read	2
449	i feel a bit like franz liebkind in the producers not many people know it but the fuhrer was a terrific dancer	2
450	i feel violent or something today	0
451	i feel a little bit weird	1
452	i guess these expectations of me being so goddamn perfect have made me feel afraid to change	1
453	i feel happy about myself hes the reason why i am where i am today	2
454	i managed a whole tuesday of eating clean but have caffeined up today and am feeling rather shaky	1
455	i feel more energetic and motivated	2
456	i started feeling festive a little early this year	2
457	i feel like its at times like these when things seem a little more uncertain that i thank god more for the small things	1
458	i feel lethargic unmotivated needy and frustrated	3
459	i have been feeling rather lonely	3
460	i feel it breeds loneliness and discontent and then we were onto the economy and recession and how stressful money and unemployment can be for people then she wanted to know what caused the recession and then the topic came to divorce	3
461	i feel insulted to see anyone wearing crocs the fashionable shoe icon	0
462	i feel like ya allah im scared puff it was fun man then id an idea	1
463	im drunk for example i feel a lot less shy about speaking in a foreign language that i havent yet totally mastered	1
464	i feel like the thing im most nervous about is having two kids	1
465	i meet men who feel insecure about women	1
466	i feel sorry for those who use the ghd hair straightener it will not damage your own hair	3
467	i feel fucking terrific after	2
468	i continue to add more so please feel free to explore and let me know what you think	2
469	im feeling aggravated listening to phoenix lost and found	0
470	i feel that the most talented of illustrators designers are ones that know how to get an idea across without the trappings of crosshatching and lensflares on everything	2
471	i feel very privileged not only in being able to share in her artistry but knowing she has my back	2
472	i remember feeling as if i didn t belong and that i wasn t smart enough cool enough or even young enough	2
473	i feel hopeful and will do my best to give it a go next week despite having dozens of final assignments to mark	2
474	im not feeling insecure this month im feeling full of oomph	1
475	i could feel the radiant heat of emanating from her naked sex reaching longingly for the probing tip of my hardness	2
476	i was not wrong to feel angry but i was wrong for what i said	0
477	i did feel slightly shaky and had a headache	1
478	i love taking in peoples smiles the way children giggle the gorgeous way little ones move closer to their moms if strangers smile at them and they feel scared the way teenagers are boisterous and full of life and hopes	1
479	i dont know where she gets her energy frombut i feel slightly shamed about how moody i feel when i havent slept well enough	3
480	i feel so completely helpless to do anything to help those affected by the tornadoes that hav	1
481	i guarantee that if im dizzy or feeling like im going to vomit for months i am not going to be a very pleasant person	2
482	i could already feel the difference in strength during technique class and three classes in i am starting to find my balance though it is still pretty shaky business	1
483	i feel like i get easily distracted in making things and switch around to many different projects throughout a week	0
484	i was feeling helpless as i could not explain it to him	3
485	i feel tortured a href http lawrencewashington	0
486	i start feeling resentful or overwhelmed it s a sure sign that i need mothering	0
487	im sitting there with both boobs hanging out so why do i feel uncomfortable	1
488	i can describe what happens to me is that i feel shaky	1
489	ive been struggling lately whenever i feel like saying something between having a reaction to myself of oh julia youre so clever and witty	2
490	i want to say that i feel as though i dont play a really vital role in anyones life with the exception of one friend	2
491	i feel petty posting with my own complaints right now because its not like i was kidnapped when i was years old and forced to make easter creme eggs for the rest of my life	0
492	i feel jealous on sumthg tat i thk of	0
493	im a lover and a listener i just cuddle and listen and i cant do the cuddle thing so i feel a bit listless	3
494	i think it is possible maybe i am denying it maybe i am not opening myself up to the whole possibility maybe it is only just now i have realised that it is possible to give a man men that power over me to make me feel shaken in my leather sandals	1
495	i did not feel its strange effects no more	1
496	i loathe it as a gamer said molyneux adding that it just makes me feel insulted	0
497	i feel confident that my issue is being regarded with the highest sense of urgency	2
498	i was feeling like garbage all day allergies but im glad i didnt last minute cancel	2
499	while cycling in the country	1
500	ive been watching some episodes of quantum leap recently a show ive always loved and it suddenly struck me today thats exactly how i feel if you are so unfortunate as to have missed out on this show it focuses on a character named dr	3
501	im feeling pressured at my desk due to the piles of tasks waiting for me i will often pack up and go write in a quiet corner in my bedroom living room or kitchen	1
502	i feel so miserable i wish i were dead	3
503	i feel so extrememly bitchy today that ive done something i have never done in my years of life	0
504	when my boyfriend last told me he loved me after i gave him an impulsive kiss	2
505	i indulge in doing some work i forget about the time trust people easily feel restless until my work is been finished	1
506	i suppose most of my writing emerges out of some feeling of emotional urgency so there is usually a sense of darkness	3
507	i could look up the coordinates of the cave but im feeling adventurous and decide to find it myself from tibris directions	2
508	i feel that youve got to be fearless as an artist because there have been times when i think im the only one who believes in me	2
509	i suspect i was also dealing with caffeine withdrawal but i think i have now figured out a system of eating which works well for me and i feel fab	2
510	i feel irritated to have missed out direct instruction from master lee is never to be passed up casually i have to admit my body just feels like it needs the rest	0
511	i honestly feel at heart we should be faithful to each other if its yo girl	2
512	i got up this morning with a heavy burden in my heart feeling a bit discouraged and questioning god about certain things that still are not clear to me	3
513	i feel tortured and sickened exactly the way i felt the last day of lances leave	1
514	i get the feeling people think im indecisive and childish which isnt entirely true not to the degree that i show it anyway	1
515	i kept feeling enraged that she was in too	0
516	i think the sooner we do the better well all feel greg im already in a distressed mood mom	1
517	i don t feel rejected or abandoned which speaks volumes to the expansion of my self worth	3
518	i am feeling regretful and i apologise	3
519	im so damn tired and i feel a little grouchy	0
520	i feel bad for anyone who has ever had to watch a game with me	3
521	i feel stubborn and strong and ready to fight this disease	0
522	i just feel cold said rachel	0
523	i know its been a long time and i feel so pathetic why i have to feel this way but i do	3
524	i feel worthless for letting it happen	3
525	i am a bit out of my comfort zone too and im feeling a tad apprehensive	1
526	i feel like i smell pretty after i use it	2
527	i had grand plans of baking through my two days off but i mostly ended up just curled up on the couch pouting about not feeling well	2
528	i feel like a paranoid annoyance when in reality she wouldve talked to anyone that way	1
529	i left the place feeling heartbroken	3
530	i feel i am quite mad	0
531	i am feeling it and it s really ok	2
532	i should have been at the pub instead of which i stayed at home feeling morose and depressed	3
533	i feel stunningly elegant tonight darling	2
534	i do however feel a tinge of regret now that i know how its damaged my abilities to breast feed	3
535	i can feel what hes feeling but not quite because this is his own beloved brother	2
536	i look forward to continuing this challenge and feel so appreciative for the boost to get my nutrition on a healthy track especially for my pregnancy the most important time in my life to be eating healthy	2
537	i love the most about them is the slight cat eye shape of the lenses they instantly make me feel likeaudrey hepburn in breakfast at tiffanys so glamorous and of course that gorgeous case doesnt hurt either	2
538	i feel i ve been wronged luckily i managed to control myself and not complain or talk bad about the friend either online on facebook or offline in person	0
539	i listen to it a feel peaceful and happy and who couldnt use a big dose of that in their lives	2
540	i feel that the classroom is extremely dangerous	0
541	i did restart my gallery but only because i was feeling very vain and gorgeous at the time	3
542	i read several pages and still feel unsure i feel i ve wasted my time and can t engage with the main argument	1
543	im just feeling strangely indecisive and also because i dont really believe that	1
544	i admit that with all the thoughts that go through my head i feel doubtful at times coz im scared	1
545	i feel absolutely safe a	2
546	i went to a lecture and once again it had been cancelled	0
547	i truly feel i am irate	0
548	i drank a cup of coffee i feel all nervous and weird now	1
549	i really cant count the number of times i cried feeling overwhelmed by someones expression of concern or just by the very fact that they were thinking of me	1
550	i realise im sounding surprisingly like every other person on this site i wish i liked mud wrestling or something a bit more outrageous i feel rather dull and dare i say average	3
551	i present two photos of myself side by side and in one photo i remember feeling cute that day	2
552	ive been more vocal about how i feel what i think and am convinced that i will not let anyone walk all over me or let my opinion not matter	2
553	i am sure the organisation themselves have the best of intentions though i disagree with them whole heartedly its just i get the feeling that some of the demostrators will be slightly hostile to students	0
554	i must have been feeling a little cranky about the	0
555	i get lucky often and most things work out for my benefit but at the same time i feel that i can accept being unfortunate once in a while	3
556	i really feel that im the least talented person on the stage but somehow god uses my talent for his glory	2
557	i feel heartbroken mostly for my daughter and her having to adjust to a new daycare center	3
558	i can honestly say that every good thing in my life right now is crashing down and i feel too stubborn to ask for help	0
559	i understand that any of my extremely positive attributes and there are some are overshadowed by my weakness and subconsciously some people are wired up to feel superior to others and thereby treat them differently	2
560	i feel like my house is constantly dirty because i truly hate cleaning especially when i m tired	3
561	i was still having some contractions but i was feeling slightly defeated	3
562	i know i feel personally offended by this on so many levels	0
563	i highly doubt we would see a young jean and scott but considering this would be limited and no reason to have these actors in future movies since it has been announce that we are moving on to aoa in the next feature it feels like a missed opportunity	3
564	i feel rejected by someone then what part of myself am i rejecting	3
565	i don t try to put my light in where i can i m going to feel fester y and grow bitter and dark	0
566	i feel i m doing to my mom what i despised so much when it was done to me	0
567	im feeling strong healthy motivated and just overall positive about everything	2
568	i don t know about you but i m feeling pretty punished myself right about now	3
569	i woke up emotionally drained and anxious and immediately my defenses rise and i feel irritated that this is my story my life	0
570	i feel like i was assaulted by a titanium hedgehog	1
571	i just feel discouraged	3
572	i feel like we rushed through this weekend	0
573	i can t help feeling jealous	0
574	i feel a bit annoyed and antsy in a good way	0
575	i dont sleep more and i am still waking a am but what this does is help me get off to sleep quicker and i feel like i am going into a deeper more relaxed sleep	2
576	i feel sure a new necklace will come from this afternoon of beach combing	2
577	i still feel fine but i can tell i am getting weaker	2
578	i feel very confused and cant stop myself from digging in a bit more	1
579	i feel like a child who got one lick of the most delicious lollypop ever	2
580	i wasnt feeling at all irritated	0
581	im a huge fan of both london grammar and disclosure so in my eyes this is just a perfect collaboration and it definitely helps to make me feel creative	2
582	i just feel like warner brothers fucked with the final edit and that an even better film will be arriving in director s cut format on blu ray	0
583	i feel really disgusted with myself more than the pain and agony	0
584	i hope that one day they feel as strong and optimist as i do right now in my life	2
585	i am feeling vulnerable worrying that the publishing world doesn t like my stories and won t like this next one if i write it	1
586	i started to feel uncomfortable buzzy short of breath and very mildly panicky	1
587	i feel a lot more confident about the path ive chosen	2
588	i get a little gripped about timing i feel frantic in my thoughts	1
589	i took several deep breaths feeling the cold air burn its way into my lungs and exhaling little clouds of vapor	0
590	i feel like i should continue with the bridge lessons since continuity is going to be vital if i m to learn this game	2
591	ive talked with her telling her that sometimes i feel shes not sincere	2
592	i simply dont want to and it makes me so mad because i want to be able to share these things with you but i feel like were so emotionally far apart now and it makes me mad and makes me unable to go to you	0
593	i was incredibly youthful in my employment in which i had been angry stay when i was feeling i had been offended simply because i wasnt the professional decided on	0
594	i feel this strange bonding with my bed and wardrode have been using both a little more than a decade	1
595	i feel very confident today on my front nine	2
596	i am in an internet cafe with both kids because i feel neglectful of my blog but this is chaotic	3
597	i never feel hesitant or timid	1
598	i look at it like if someone doesnt like me or care about me in a way thats different than just friends i feel unimportant like no one cares about me	3
599	i do feel a bit fearful that he might be feeling stressed to be drinking so much	1
600	i answered feeling rather skeptical	1
601	i feel like im the bitter old lady who has had such a long life and just cant deal with it anymore	0
602	i still did not really feel like myself and i kind of hated these pictures but i am soooo glad we took them	0
603	i admit that in the past ive done a lot of time scoffing and feeling superior to christians	2
604	i love doing kim kardashion make up tutorials i always feel so glamorous with all that make up on	2
605	i feel relieved because finally i can move on without a single tear shed	2
606	im feeling so invigorated and ready for whats ahead and very excited to share all that information with all of you	2
607	i didnt feel there was anything special about it	2
608	i remember feeling excited about that particular day because i considered myself a grown up and woop	2
609	i was capable of doing the same as of late ive been feeling pretty bitter and depressed and not a lot of gratitude in general	0
610	i always plant a big section of lettuce and i leave it open for those pesky bunnies so that they can feel all rebellious as if they are raiding my garden	0
611	i can feel she still angry with me	0
612	ill feel less burdened and confused sighs	3
613	i havent felt much like talking nothing bad just not been feeling very sociable in some ways	2
614	i have been feeling pretty crappy	3
615	i feel virtuous for a few seconds when i reflect that i did spend something when i went to the swimming pool working towards personal fitness yes	2
616	im not sure that feeling slightly wronged by the police the sheriff or the tsa is always a bad thing	0
617	i think of or feel gratitude i think of my kind and gracious heavenly father	2
618	i actually feel like im the completely submissive one	3
619	i think im going to go play with larry now and feel awkward about my singing instead of all that i admitted up there	3
620	i apologize to all the ppl i dragged along with me to see it i feel shamed img src rte emoticons smile embaressed	3
621	i feel horribly insecure about it all	1
622	i was feeling heartbroken this time it had nothing to do with a stupid boy who wasnt worth it	3
623	ill be darned if i will feel shamed for caring about the blogging community	3
624	i know you feel tortured reading this	0
625	im feeling distracted and likewise attracted to all the things that you let me know all the things that you cant let go youre waiting	0
626	i feel impatient to do a final post after four more weeks with tangible results so far its exciting to see how far the philips reaura can go in terms of firming and smoothing	0
627	i told him i was feeling anxious about turning thirty	1
628	i no longer have summer vacation like when i was in school summer still has a feeling of relaxation and being carefree	2
629	i came home one day and discovered that my sister had borrowed my car and had gotten into an accident with it my entire front bumper was destroyed	0
630	i feel a lot of bids i put in for work in for will get beaten on price and price alone	3
631	i feel amused when i hear my neighbour use the word muze instead of mujhe and hey kay becomes zay kay	2
632	i do find myself feeling distraught about getting older and stressed about the impending responsibilities that are to ensue i am generally content with only a little bit of repressed anger that makes it s appearance only when it s instigated	1
633	i worried that i would feel too homesick	3
634	i feel like the heartless from kingdom hearts or really any stock character that is born without feelings and watches enviously as the normal people laugh cry love and feel things that i can t	0
635	i feel jaded at some point of time	3
636	i feel his loss too chakotay reassured then silently approached her and enveloped her in a hug	2
637	a group of youngsters dressed in fads talked foul language on a bus they also insulted the pedestrians on the road and were impolite to the passengers of the bus	0
638	i waited in line longer than usual i didnt feel impatient that my business was delayed i listened to the master about why this was occurring and how i could be of service during that moment	0
639	i feel a part of the family of the universe rather than fearful of it	1
640	im totally walking on sunshine feeling lighter and less burdened by excess weight but then people snicker or i get on the bus and people would rather stand than sit next to me and im reminded of how much work i still have to do	3
641	i will explain here the areas i feel are vital to a successful experience and then i will pinpoint how i plan to assess those areas	2
642	i feel very nervous	1
643	i always think of you as such a violent band violently feeling violent lyrics musically violent	0
644	i have spent more than what i expected when i went to the us last summer so i feel burdened that i have to work to lessen the financial burden of my parents	3
645	i feel like my house is constantly messy and i feel like i am always cleaning up after them	3
646	i feel an emotional attachment to his work that i simply don t feel with anyone else	3
647	im not feeling frantic yet so instead i am going to make this sleep teddy	1
648	i feeling dangerous at wimbledon width	0
649	ive been feeling really defeated for some reason	3
650	i always had this negative perception when i was asked about getting pregnant and my misscariage i always walked away from those conversations feeling somewhat offended	0
651	i feel assaulted when i hear the radio ad	1
652	i never actually felt the sense of suspense springer was obviously trying to build with references to religious programming in that there was nothing there in the book to build suspense with nothing i could see that made me feel uptight worried or anxious about any of the characters	1
653	im home i can feel how the cold has seeped into my arms and legs	0
654	i inquire incheswhyinches are people relocating droves about what they feel is security in precious metal	2
655	i feel reluctant to leave	1
656	ive gone through stages of nervousness and sheer terror but now i am feeling relaxed and excited	2
657	i feel its rude to take someone s photo but rather that i feel awkward asking to take the photo	0
658	i had expected it to be rather sickly and the coconut gives it a nice tropical feel i was disappointed there were only two	3
659	i see how strong and bright you are and as you meet your milestones weeks early i feel assured that my gut was always right	2
660	i really love the feeling of being scared	1
661	i feel disgusted embarrased and sad about how i handled the situation	0
662	i am healing but i am still feeling shaky at times i managed to get myself to finish some work this week	1
663	i did feel bad because its bagel day and i accidentally had a jalapeno bagel	3
664	ive had a somewhat difficult time trying to find something to feel thankful for	2
665	i needed a plan on how to get rid of that feeling it was totally taking over everything i am totally distracted at work with everything i m trying to do in any free time i have in the evenings the projects are taking over my life and the fact that i totally feel burnt out by it all	0
666	i was feeling very defeated and like i just couldnt continue so i reluctantly asked for an epidural	3
667	ive predicted angle to win and im feeling slightly less grumpy than when i wrote that lets say that gallows wins clean here to keep things tight	0
668	i feel i am really a cute pirate girl than the somewhat cute landlubber man that i sort of am	2
669	i know that s wrong but i feel ugly	3
670	i found myself feeling jealous though	0
671	i felt doubtful and the image that popped into my mind was of dealing with a big knot in my shoelace and then feeling frustrated	0
672	im feeling boring	3
673	i told you i never wanted you to rot in hell and most of the time i wished i was just less stupid and clumsy so that you will never ever feel unhappy	3
674	i feel like ive lost everything and everyone	3
675	i feel like it was a bit rushed	0
676	i dont mean that id like to chicken out but i am feeling more insecure about myself and maybe doubting the fact that i should be able to run km tomorrow	1
677	id have to get to the class for eight dance for an hour nine get home ten if im lucky eat i cant eat before a class as dancing when full makes me feel vile sit around digesting etc ish then get to bed and try to sleep before getting up unnaturally early	0
678	i feel he just play my feeling maybe he want to broke my hearts	3
679	i asked that no one gift me but if i go to my sister s house when everyone gathers for the holiday i will feel impolite to show up empty handed	0
680	i remember the very first day of feeling lousy years ago and how i believed my body was betraying me	3
681	i feel utterly disgusted that they would look at me in such a way but the thing continues	0
682	i woke up this morning wanting to cry and the feeling hasnt been shaken yet	1
683	i know i haven t posted anything for months and i feel kind of guilty big thanks to the exams tests and assignments and all but so far so good	3
684	i lose interest in reading stories when i feel like the tension has been resolved which did happen a few times and yet i kept wanting to read more	2
685	i was angry and feeling so disillusioned	3
686	i can feel the beginnings of a cold so i figured i deserve a heinously hot bath	0
687	i am feeling that cranky voice inside my head that just wants to eat whatever it wants	0
688	i feel so hesitant posting them	1
689	i was cleaning up the place and about minutes in i started feeling paranoid and what i can only assume is the beginning of a psychotic episode	1
690	i have never done anything to make her cry or want her to cry but after four months i feel a little strange i have never seen that side of her	1
691	im finally feeling a little more productive	2
692	i feel pressure to act like im so heartbroken but secretly i dont really care that much	3
693	i must have been feeling rich	2
694	i often feel offended by life	0
695	i sort of feel a bit unsure now as to what to touch upon next	1
696	im feeling defeated or doubtful	3
697	i began feeling a bit melancholy until my friend saba called asking to meet me up before waleeds birthday	3
698	i was feeling even less splendid and had nothing that needed to be done all day so i decided to baby myself	2
699	i feel less bitchy in the morning	0
700	im feeling rather bothered because my physical and mental clock is still in october	0
701	im still not sure why reilly feels the need to be so weird	1
702	i just got this overall feel from him that he was an elitist and somewhat jaded	3
703	im feeling irritated by her friggin name	0
704	i spent the following months in a drug induced haze incapable of thought or feeling but it wasn t anything as glamorous	2
705	i feel pain even when i see an unfortunate person in street begging why does my mind race and think why is that person there	3
706	i feel when i just out from my dorm and began to breath a pleased liberty	2
707	i feel burdened by the desire to do something but what can we do	3
708	i feel so pissed off over an old friend and some friends	0
709	i have written i feel suddenly hesitant to post it	1
710	i feel greedy with my self as of late	0
711	i feel reluctant to sell but hey	1
712	i feel pretty officer krupke and somewhere	2
713	i would not have known the details i just had a feeling in my gut that i ignored	3
714	i dont show my insecurity in my persona if not i might come off as a mad bitch whod practically hated on everyone just because shes feeling insecured and being too overly paranoid	1
715	there was joy in me when i heard that i was to take a course as a medical assistant	2
716	i will review the film after this blog entry but for now as i have david sitting here in my garden feeling slightly smug after just discovering his film had been shortlisted for best film out of entries	2
717	i am going to post my training schedule for the next several months right here so i can refer easily to it or if anyone feel like supporting me and joining me in this	2
718	i think she apologizes for a little too much stuff that s not in her control i get the feeling she was sincere about this one	2
719	i began to feel a bit irritable and antsy	0
720	i see my favorite person suffer and there is nothing i can do to take the pain away i feel useless	3
721	i not seeing and feeling the divine	2
722	i did feel unsure about it but thanks to l a lot of people liked it	1
723	i also feel that i am often a burden and in the way more than anything as a nursing student to the other nurses yet i must remember that while some may be grumpy at our presence everyone has to learn somewhere and boo friggety hoo if some medical personnel are irritated by the nursing students	0
724	i feel a little bit brave	2
725	i am for the first time this year feeling the cold	0
726	i feel too rushed	0
727	i feel pressured helpless because i dont have control over this	1
728	i is an extremely positive feeling a divine energy who alone can take our quaking boat to the shore	2
729	ive been feeling all listless this two days	3
730	i feel fine which is good enough on a sunday evening	2
731	i feel there isnt much meat but yoshidas perspective grows ever tragic	3
732	i guess ive been feeling agitated lately	0
733	i know every baby is different but i feel like ive already exhausted pun intended my bag of tricks	3
734	i don t like the idea that women in the entertainment industry especially in pop music may feel pressured to turn themselves into hypersexual tartlets but i get the feeling that rihanna isn t being provocative because she feels she has to	1
735	i feel really bitter	0
736	i don t feel so exhausted all the time	3
737	i have had since july st i am feeling shaken knowing i will be homeless in two months and as close to a home that i have is gone	1
738	i can live out my values instead of just being crushed by debt feeling rejected and feeling empty	3
739	im feeling frantic about time as if the whole summer were a giant hour glass and if im not vigilant all the sand is going to rush out in a whoosh and ill have dipshit to show for it	1
740	i kind of feel fearful of starting	1
741	i kept my laptop close searching for jobs that i could build a career out of and looking for those all important christmas recipes to make this year feel a little more special	2
742	i hit a certain point in the middle and something was revealed that left me feeling so overwhelmingly devastated that i had to set the book down and walk away for a while	3
743	i do for a living and lately more often than not both me and my wife who s also an ubuntu user have been feeling a bit uncertain about linux being the platform where we want to keep working	1
744	im just feeling bashful whenever i talk to you	1
745	i decided that since things were finally starting to go well but i was still feeling a little uncertain i d give myself a little more time to let the training come together	1
746	im feeling more relaxed	2
747	i have finished college had a couple kids worked through feeling entirely discouraged because of a camera that did not have the functions i wanted then feeling like i just couldnt do a decent job taking pictures i have decided to give it another try	3
748	i wear it i feel anxious visable spotlighted different unfashionable stupid embarrassed ashamed and paranoid	1
749	in the army	0
750	i feel like i am part of a team now and far from the isolated feeling i have had for so many months now	3
751	i think this is really great having been in situations where i feel overtly threatened in a public place where everyone pretends they don t see what s happening	1
752	i forget that any time we have a disagreement or she feels like she s been wronged in some way that every bad thing i ve ever done in my life every poor choice every single thing that she doesn t agree with comes back screaming in my face	0
753	i feel a little bit anxious about it	1
754	i don t feel bothered about it getting credit equals getting debt and i have no interest in doing that again	0
755	i feel content alive and motivated	2
756	i am feeling very shaky today	1
757	i am feeling shaky and weak	1
758	i also always feel a little scared	1
759	i feel strange being thankful when such awful things on the other sides of the oceans that surround that country happen on a daily basis	1
760	i was feeling pretty terrified full of nervous energy	1
761	i feel like i am a selfish person	0
762	i was feeling grouchy and all	0
763	ive been feeling so anxious and nauseous and tired but also so elated that some nights its all i can do to crawl into bed	1
764	i like about dating him is how outgoing he is which makes me feel more at ease because im somewhat shy	1
765	im really excited for her birthday but feeling super nostalgic about it	2
766	i feel ever so ever so ever so jolly	2
767	i feel rather agitated by our sliding door that keeps getting stuck	0
768	ive been feeling rather defeated and stressed out but this appointment reminded me that though i may be failing in other areas im doing a pretty dang good job at growing this baby	3
769	i must say i did feel something very special being there	2
770	ive been feeling far from perfect in the area of motherhood	2
771	i try not to let my anxiety show and make him feel unwelcome	3
772	ive played fps games and each time ive left feeling like it was an mentally emotionally dangerous thing to do that i had to switch off an important part of my brain just to play it	0
773	i feel im being ignored	3
774	i feel pressured by a dumb feeling	1
775	im more than ready to meet this little man but knowing that time is running out leaves me feeling a little apprehensive	1
776	i will confess to you i have had moments of feeling overwhelmed and ill admit being a bit melancholy	1
777	i meet in supermarkets banks dentists etc make me feel like im weird	1
778	i feel selfish but i think it s about time i was	0
779	i feel disturbed betrayed untrustworthy slightly disagreeable	3
780	i feel a little bit frightened of islam	1
781	i always seem to feel im running on empty	3
782	i personally feel that this is not a acceptable piece of art but i feel this does test personal moral and ethical views in people	2
783	i go to sleep as soon as my head hits the pillow i sleep deeply all night and i wake up feeling a lot less lethargic then usual	3
784	i feel troubled over	3
785	i feel like i meet the most subtly obnoxious annoying people in the universe	0
786	i feel like hed think that was pretty cool because i certainly do	2
787	i am supposed to feel doubtful but i still think i forget sometimes how amazing it is that i am living in this city and that i get to work with such inspiring young women at my internship	1
788	i mean post and i feel rotten abou	3
789	i guess avoiding the boundaries conversation with him has me feeling a little unsure about my confidence and strength	1
790	i cannot help but feel proud and grateful to be an america	2
791	i did not do all this to feel pretty might i add	2
792	i hated that i hurt him with my feelings i hated that i was dating somebody i didn t love i hated that i pretended lied to a friend i really treassured	0
793	i am regularly in a rush and feel irritated and i dont take the time to communicate my needs or my feelings	0
794	i feel as though sometimes i can be more clever than average	2
795	i feel that this is neither impatient nor dickish and here are some reasons why	0
796	i am struck down by the disease i feel as if i am a fake a person who could not live his truth	3
797	i know he is totally trainable and can be free of his arm chewing habits i feel that the kids would be too nervous around him during the training process	1
798	i thought i should be excited that im starting work but im feeling reluctant as ever	1
799	i did feel a bit like i was being mircowaved which wasnt an entirely pleasant feeling	2
800	i cannot and i feel a strange sadness for a thing that i m now ready for but cannot do	1
801	i feel so like distraught and lost being there	1
802	i mentioned above feel free to hit me up about anything	2
803	i grinned at peter feeling somehow triumphant when it was only partially forced	2
804	i scream every day and every night and no one hears and my face is starting to fall off and i feel anxious and frightened all the time and i don t think i know what anything means anymore	1
805	i feel strange	1
806	i was escorting a relative on a bike	1
807	i feel extremely jealous when ranbir works with other directors ayan mukerji filmfare	0
808	i could before the actual thing and then if i still couldn t figure out if i d feel embarrassed not knowing how to get in line or how to get a drink or where to park my car or whatever i just wouldn t go	3
809	i am able to say with acuity that feeling exhausted is not normal for anyone	3
810	i feel like an emotional train wreck	3
811	im warning you hes feeling cranky this morning	0
812	i saw the pair of them walk out of the gates i couldnt help it the months of suppressed feelings of not being homesick came out for a few seconds anyways	3
813	i feel your motivation will be satisfied when you read this write up also who understands	2
814	i feel like i have to preface this post w a disclaimer of some sort before i have an enraged peta after me or something equally as horrible	0
815	i hardly feel that way m usually hyper and bouncy around everyone	2
816	i knew i wanted to somehow include the idea of natural healing and holistic living but the site is also about feeling radiant vibrant and enthusiastic about life at any age	2
817	i am quite perplexed by liam i m trying to figure out if he s always been submissive or does he feel he needs to be submissive to mark and johnny	3
818	i feel very unwelcome and unwanted everywhere	3
819	i havent been like that lately and i am seriously feeling depressed about it	3
820	i feel ashamed oh how romantic	3
821	i love the feeling of running in the cold when you can see your breath and cold air seems to refresh you from the inside out	0
822	i was feeling hopeful around the time i took it	2
823	i did wake up feeling pretty energetic so thats a positive anyway	2
824	i feel like i have to start taking it more seriously but i m already exhausted	3
825	i feel scared that i own it	1
826	i feel i had to make as a hateful bastard is too stupid to make any assumed connections that are not themselves hateful	0
827	i started to feel melancholy and uncertain and really missing my son	3
828	i can but i feel massively uncomfortable doing it it consumes massive amounts of processing power and i associate it with some very bad situations ive been in recently	1
829	i cant help but feel helpless and overwhelmed by the mistakes ive made	3
830	i start feeling really lousy but figure it was pregnancy stuff	3
831	i brush it to the side or tuck it behind my ear only to feel a few rebellious strands escape and tickle my cheeks and my lips i realize im not the one in control	0
832	i am also now down lbs so i feel so good i still have another to go at least well thats the plan anyway	2
833	i think my feelings remix is the result of how neurotic i can be	1
834	i felt empowered telling him how it had affected me how i had come close to suicide because of the severe distress it had caused me to continue to feel long after the unpleasant encounter where what i felt was disregarded completely	3
835	i still dont know what to make of it all but somehow i feel even more assured that what i teach works	2
836	i rarely feel hesitant to say something sometimes even too much	1
837	i felt jealous when you i feel insecure when	1
838	i feel low and lost and lonely on a grey day	3
839	i felt myself melting away again but this time it was a happy feeling not a scared one	1
840	i feel like this week these photos are kind of boring and uninspiring	3
841	i was afraid i was going to freaking explode my muscles locked into place and all i could feel was the absolutely ecstatic sensations ivy s hands were creating	2
842	ive found it im feeling pretty pumped	2
843	im confident a lot of people who feel that zimmerman should be punished	3
844	i did it i survived our very first big kid trauma though i still feel shaken by the whole event	1
845	i started secondary school at the age of every night i would cry and lose sleep over the thought of school the next day but it wasnt the usual feelings of oh i cant be bothered with school	0
846	i kept my heart open and exposed while watching the news every night i would most likely never recover from the rush of helpless and hopeless feelings created by all the tragic stories	3
847	i am in a place where i feel hopeful of finally getting a job at another warehouse distributors like where i did work but the products are floral instead of stationary accessories art bags and such	2
848	i feel i was successful in doing that for the waxing moon it s quite a bit different than the hidden sun	2
849	i feel really wonderful about myself and love the life i live	2
850	i feel guilty for not having made any blog entries for months	3
851	i honestly feel so unhappy with everything in my life and it isnt simple enough for me to be able to change these things that are making me feel so unhappy with a click of the finger	3
852	i whipped my stuff up from my station and fled to the underbelly of grand central desperate to find a subway map feeling disgusted with how upset i was over my frazzle y meltdown	0
853	i really feel bothered about this specific issue because it feels like i just thrown a couple hundred euros against the wall	0
854	i shouldnt be afraid to go out in public and feel paranoid because ive done nothing wrong	1
855	i saw i had a direct message dm on twitter from a former friend jeff who i no longer feel friendly toward	2
856	i feel xs more indecisive	1
857	i sat down at the computer feeling nervous excited and more than a little silly	1
858	i really had prepared ourselves for the worst but we both had the innate feeling that everything was fine	2
859	i feel paranoid when i wear makeup out	1
860	i also feel paranoid that everyone is listening to my phone conversations whats that all about	1
861	i get to pursue things that spark my curiosity and make me feel useful	2
862	i feel quite rebellious actually	0
863	i feel strange out of sorts and i wont resort to this again	1
864	i dont hate you i just honestly feel so bitter towards you atm	0
865	i viewed all that stuff at the bottom and deciding i was going to come back when i am feeling bitchy just so i could list that as my mood i felt like an ice cream sandwich	0
866	i don t want to cry either because i know she ll think i feel tortured having to eat the black part of the rice	0
867	im sad for the kids whose mother is obese depressed and feeling hopeless because of her health	3
868	i feel skeptical about the sustainability of that	1
869	i told her that we cannot continue this way and when she is starting to feel frustrated she has to let me know in a calm way	0
870	i remember reading red seas under red skies and feeling a bit disappointed	3
871	i feel pride that i don t have to buy a roll of quarters from the bodega on the corner and this feeling is the only thing that keeps me from being irate that our laundry room is oddly devoid of coin changer machines	0
872	i feel shamed hes not here	3
873	i am already feeling anxious then how is going off my anti anxiety medicine going to help me	1
874	i say nothing then i my feelings are hurt i feel uncomfortable and direspected	3
875	i always had a feeling of being in shape and became increasingly frustrated with the daily accumulation of body fat elusive	0
876	i think i was feeling so excited today	2
877	im feeling quite excited because i get to introduce you to my newest fabulous sponsor	2
878	i feel like a woman should be respected at all times therefore i made the right decision he said	2
879	i feel oddly peaceful	2
880	i had been feeling extremely troubled and still am so the note was welcome as roy has a philosophy of life that is very salutary and calming	3
881	im feeling listless i like to go back to this music and remember the time i fell in love with it	3
882	i had a dream in which i was infuriated with my husband and so i woke up feeling infuriated with him but unfortunately a i couldnt remember the substance of the dream so i couldnt adequately express myself and b it was just a stupid dream	0
883	i feel always a tad bit more troubled at the conclusion with the days due to the fact i really often desire to hit my personal sales aim at the office	3
884	i learned to feel the clay and its limits the artistic expression became more important than the mastery of the material	2
885	i get to tell her that i love her to make her feel valued and appreciated to tell her how beautiful and intelligent she is i do	2
886	i just know i feel like i m on potentially shaky ground	1
887	i feel hopeless i cannot cope	3
888	i get changed i am feeling insecure	1
889	i had promised her i will buy their cupcake bt im feeling shy to face her n thn miss it	1
890	i hate being so hungry and weak that i feel stubborn and dont want to do anything productive	0
891	i sit here feeling annoyed at my sons my pets and my husband im also trying to think of something to feel grateful for this saturday	0
892	im feeling scared im going to treat this as sacred something valuable to venerate and pretend im like a cat	1
893	i look into the news especially at these unsettling times sometimes i just feel so burdened to pray and cry out to god for the nations	3
894	i feel like all women are witches in someway why do we have to be tortured for being beautiful and powerful	0
895	i really feel rotten and my ear hurts so bad but i still managed to work out days and really push the intensity	3
896	i can feel the amused smile that tugs at my lips	2
897	i didn t mean to sound as though i feel offended i meant it as a joke guess people didn t get it haha	0
898	i said feeling strange uttering those words but space flight was still a pretty novel way of traveling in my time	1
899	i was going crazy thank god i have a craving for fruits and chocolate it made me go out in the cold with a gross wind blowing in my neck feeling mad and angry and crappy	0
900	i feel like theyre perfect if youre too lazy to fix your hair	2
901	i think writing like this will be more fun and fulfilling and i think that when i do decide to introduce b to my blog it will feel positive and overall more balanced	2
902	i feel like i am one of the most confident people around but maybe my confidence in certain things is not the same confidence i have in myself as a human being	2
903	im not feeling pissed off about picking up those toys	0
904	i definitely felt scared which made me feel vulnerable and i hated that	1
905	i feel that the tips given are very useful especially to parents with young kids like me	2
906	i attempt to convince others of what they should think and how they truly feel i become a title resentful href http en	0
907	i only cry when i think how guilty youll make me feel and yes ive fucked up a million reasons for shame and im sorry	0
908	i was feeling particularly beaten up by istanbul and homesickish i passed a burger king and the door opened and the smell hit me full in the face and suddenly i was in snowpea my white nissan stanza in the drive thru of the burger king on rt	3
909	i feel each time one of my posts gets massively downvoted pagetitle rugmi popular images of the now	2
910	i feel really irritable when im surrounded with it	0
911	i feel helpless	1
912	i start to feel happy and then i think of how lonely my cat feels	2
913	i feel rather petty that i just dont have time to have someone talented like christine make it	0
914	i feel foolish and desperate almost for feeling so strongly about this	3
915	i feel more irritated than peaceful	0
916	i feel distraught worried panicked sick scared sad	1
917	i watch movies set in the s and s i feel pangs of melancholy	3
918	i feel like i am going to throw up or something i hated that site soooo much	3
919	i feel as if it was a way of distracting me from my positive thoughts and i had to work really hard to switch my thoughts around today but i did it	2
920	i don t have any issues with the obvious i went chinese with them yesterday and i wasn t feeling hostile towards any of them	0
921	im tired of feeling troubled stressed up feeling down and falling sick	3
922	i feel bad about being depressed because theres still a part of me that wants to believe that i can think my way out of this then i feel bad about wanting to starve so i do the opposite	3
923	i can feel myself agitated now so im going to have to leave work in a sec	0
924	i was just yesterday feeling uncomfortable with highschool sigh	1
925	i am already feeling heartbroken and alone again	3
926	i feel like these were pretty productive days although i couldve cut back on the thinking as usual	2
927	i love how i can feel totally distressed and hopeless but when i put on a bright eyes record or something all of a sudden i have this realization that there is more to life than the shit i worry about	1
928	i am feeling amazing mostly normal i am going to a pre thanksgiving celebration with our friends from that time we were in softball	2
929	i also like to share my happiness by spreading a smile at work sometimes i feel like the people i work for are a bit uptight so its nice to add some chatter to lighten the mood	1
930	i feel really listless right now	3
931	i feel pathetic because i feel like you never once called me your bestfriend and i just continued to call you my bff and i just get treated like a friend	3
932	i just wanted to write this post because i m sure like myself there are many of us struggling with the same problem feeling deprived and isolated on such a restricted program but i hope you realize that you are doing it to yourself and you don t have to feel that way at all	3
933	i still feel so agitated	0
934	im feeling a little smug too im usually running late for whatever im planning to d	2
935	i have this feeling of security about the characters i want to do if someone else gets the role i am afraid they will not do well	1
936	i loathe stuffed animals they make me feel a bit violent and i have been known to punch them	0
937	i still feel incredibly frustrated by it	0
938	i started to feel some dull cramps that lasted for about two hours i thought maybe the babies didnt like mexican which is cray cray because its my favorite	3
939	i think she is pretty sure she is not the victim then feel really unfortunate to bobo if she is really pregnant	3
940	i feel the echoes of the divine so very close	2
941	i finished it feeling amazing	2
942	i have just had such a crappy week that i am still feeling all agitated and like the day wasn t what i wanted	1
943	ive lost lbs between january of this year and now i have this wicked part of me that feels very keen to try on new clothing and to tell myself that i deserve new clothing	2
944	i acknowledge that i am not actually fat by definition but feeling uncomfortable in my skin	1
945	i feel like i cant handle this deployment or that i am miserable	3
946	i didnt expected to be that much addicted to the nicotine before ive experienced all withdrawal symptoms feeling irritable and so stressed going mad with cravings inability to concentrate dry mouth trouble sleeping i wake up every night at a	0
947	i feel so pissed about myself	0
948	i feel that im not talented in baking	2
949	i still feel that i expect pieces of the world from him but im afraid to come close and place those expectations upon him again in fear that hell disappoint me	1
950	i managed to eat more than i usually can on race morning mostly because jon was there and i didnt feel quite as nervous	1
951	i feel like they might be engineering hostile situations by which i mean wars and missile testing and dropping spy planes out of the sky and all the rest because overwhelmingly they have y chromosomes and because they are bored	0
952	i have come off conquerer others i feel i have missed the mark or perhaps the lesson that i was suppose to learn	3
953	im not enjoying winter hate feeling cold and having to dress in so many layers	0
954	i feel like i should have some wine or something i was amused	2
955	i feel innocent and free again	2
956	i hate to feel threatened totally	1
957	when in a car accident where car was total wipe off wipe out	1
958	i feel there are other options that not as violent probably more costly yet equally futile so whats the problem with keeping our men and women out of harms way	0
959	i know that there is some cynicism involved but i also know that it s come from the lessons i ve learned over the last couple years of life and i don t feel resentful or damaged because of it i feel fortunate enough to have been clubbed upside the head with a bigger dose of reality	0
960	i start feeling angry i need to actually stop and figure out what im really feeling so i can deal with life in a more balanced way	0
961	i feel ive been physically uncomfortable for the last months of my life so nothing new there	1
962	i should just leave him be so he could go on his merry way and so i could stop feeling like i was just unimportant to him now	3
963	i tend to feel humiliated when criticized	3
964	i was overwhelmed with joy when i received the acceptance letter to unza this happened again when i passed all my first year courses	2
965	i feel that when i run i that is me sarah the mind am supporting this body	2
966	i feel instantly glamorous just pulling it out of my handbag and sachaying it about for all to see	2
967	i feel like if there are pickles in the fridge everything will be ok	2
968	i was feeling quite nervous	1
969	i want to tell you what im feeling but i dont know where to start i want to tell you everything but im afraid youll break my heart why would something easy be so hard to do	1
970	i guess she has opened up and known him longer but i cant help feeling a little ignored	3
971	i have the feeling i am going to be tortured tonight	1
972	i go to the gym i can t even get my heart rate high enough to feel satisfied thanks to the level of competition i ve experienced in the past couple of years	2
973	i know is that afterward i feel a hell of a lot more mellow amp relaxed merely by laughing and the stress of being down in the dumps just melts away	2
974	i should do but i think it means that i should always be open to opportunities of inviting and involving others in ministries and that i should be creative in finding ways for others to participate in and feel welcomed into such ministries	2
975	i take lightly but if youre like me you re probably feeling a little skeptical of product that is being sold on the internet as the way to become successful online	1
976	i feel very disgusted by that i cant tolerated her actions anymore by writing this post	0
977	i do not feel bad about it	3
978	i am designing games it really makes me feel excited	2
979	im feeling terrible i couldnt feel worse	3
980	i feel pressured and can not move on to other items in our wedding checklists	1
981	i felt like facebook was a catalyst for me to feel that way about myself and i started to see it as a bit of a hostile online community	0
982	ill write a bunch youll respond and then ill back off in part because i feel shy	1
983	i might have folk over soon if im feeling brave	2
984	i definitely have a ton to learn still and i feel so hopeful about this program	2
985	i do a hobble to the bike rack with one bike shoe on and barefoot on the other side feeling a bit foolish but not too worried	3
986	i dont think i would have touched this book if i hadnt received it for free but once i got past my judgments about the author white people problems entitled rich whining and self delusions i feel like i got something valuable out of this book	2
987	i lets me into his fucked up world and he usually does i feel fucked up too and honestly a little scared	0
988	i sit and remember what longing felt like and what denial feels like it is so strange to think i couldnt have changed my own perspective the experience itself created my view of the world	1
989	i was feeling a little annoyed at some people	0
990	i feel hesitant and uncertain sometimes	1
991	i feel like a blank canvas i have no clue what i am doing right now	3
992	i feel for the people who dont see its worth or are too afraid to discover it	1
993	i feel so determined this time and i say this time because i have tried every diet under the sun	2
994	i feel tortured when i hear them talk or sing or laugh or cry	1
995	i always feel awkward	3
996	i stayed for a short while but feeling like he didnt need me anymore and having my own emotional drainage to work through i decided i needed to go home	3
997	im still feeling shaky i realized that i felt intolerably hot all the time which i may mention is the polar opposite of what i normally feel like	1
998	i cant really understand my feeling cause its a mixture between bitter and a sour one which even i dont get	0
999	i feel wonderful and i m very very grateful for all the support	2
1000	i have been feeling agitated about lately	0
1001	i am feeling more creative now and am able to think outside the box a bit and am going to attempt a more adventurous eating plan this week	2
1002	i feel rediculous and petty and yet justified	0
1003	i have found both in my own life and from coaching hundreds of people during the past years that one of the main things that makes it hard for us to make good decisions is our feelings especially the unpleasant ones such as sadness rejection fear etc	3
1004	i feel so empty idk i came home early from school	3
1005	i feel intimidated to go there again at that time for fear it will happen again	1
1006	i am feeling brave we will go somewhere further afield like a walk in the woodlands around a farm to the beach or some other full day activity	2
1007	i feel even more regretful that i didnt get to go to her senior presentation	3
1008	i feel like he is not so keen on the idea	2
1009	i feel there are some who still wants us together and i im being rebellious	0
1010	i have wonderful family who are constantly on the lookout for me make phone calls for me do pr for me but i feel helpless and folks i am a doer so i always feel like if i cant help myself then	3
1011	i do enjoy large bold prints and i suppose its odd im feeling timid about leopard	1
1012	i range has always been giving you feel reluctant to select your spray for anyone who are to select and exposed variants	1
1013	i was really feeling crappy even after my awesome week of workouts	3
1014	i love running because i feel strong and powerful and totally in control	2
1015	i do have good days and bad days but the bad days are awful resulting in constant trips to the bathroom a lot of pain bloat and discomfort lots of blood and just feeling completely exhausted and rundown	3
1016	i feel defeated and low	3
1017	i feel that learning more about animals and the amazing things they can do just points to a wondrous creator	2
1018	i was an outsider and i never felt part as i was new that made me feel disheartened	3
1019	i just remember spending hours trying to bump my score above the mark and feeling frustrated by the questions they were a mixture of professor generated and usmleasy ones	0
1020	ive been feeling really energetic at night and honestly i needed this	2
1021	i seem to see the five years after the chinese pavilion which is the content of the exhibition on immigration but to see the plateau province in this country is treated as one country so i feel very unhappy and i think this is a national tourist attraction they point then why not prudent	3
1022	i feel horrible most of the time	3
1023	i feel irritated that he either interrupts my quiet time or wakes me up	0
1024	i feel smart and i want to show it off	2
1025	i feel quite nervous and scared too x scared cos ill be taking the plane back to singapore on my own cos i cant stay as long as my two other friends have planned t	1
1026	i thought of that feeling of delicious isolation i feel when i am absorbed in a quest each revelation leading to questions then answers then more questions a cave came to mind at first lined with ancient and wisdom filled tomes a deep comfortable chair and large paper strewn table in the centre	2
1027	i feel as defeated as i did today i wonder if im doing this parenting thing all wrong	3
1028	i began to feel unimportant misunderstood the odd one out	3
1029	i feared i would feel resentful of her or this process but i dont and i am so happy about that	0
1030	i feel any artist that puts forth a piece of work even ones i do not agree with should be respected even if it s just for the sake of them overcoming the shackles of our society s norms	2
1031	i guess a similar viewpoint might be when we feel smug or better than someone else	2
1032	id feel better later in the school year	2
1033	i said feeling a little shaky as i stared at the ocean from which the goddess was rising not knowing why	1
1034	i feel completely agitated	0
1035	i just remember feeling so much pain and being confused and scared and convinced that i could not do this	1
1036	i feel resigned right now	3
1037	i thinks this chiefs ccw should be yanked by the state as i feel threatened	1
1038	i feel like your child is worthless even though they passed the assessments better than anyone who applied with a college education	3
1039	i feel if you re learning about your purpose and the workings of this universe and continue to evolve and transcend you will be productive and such along the journey	2
1040	i am made to feel useless	3
1041	i feel like shes just so distracted but when it comes to my year old brother she waits on him hand and foot	0
1042	i feel reluctant to share because my experiences feel incomplete especially now that my ideas are making a shift	1
1043	i feel so jakun that amused me for whole minutes	2
1044	i used feel frustrated all the time	0
1045	i began to feel less anxious	1
1046	i feel some super shifting some super circles	2
1047	i started feeling reluctant to go because i wanted to spend some time with my family before i left	1
1048	i need to remember something feel like it and not be distracted simultaneously before it happens	0
1049	i feel very apprehensive	1
1050	i feel is hostile kinship or mounting nausea did you know that back means the binding itself	0
1051	i feel grouchy now the football fans have woken me up from the customary sunday siesta	0
1052	im not always able capture the essence of the way i see the world in writing i feel that my weird way of thinking has been generally consistent throughout my short years	1
1053	ive been feeling very intimidated and overwhelmed by the workload this semester and so ive just been avoiding doing what i need to	1
1054	i just feel too stubborn to give up on a dream	0
1055	i feel the need to be distracted	0
1056	i don t understand why musicians sometimes feel inhibited	1
1057	i feel shy of my broken english	1
1058	i feel super glued to my bed	2
1059	i have a bunch of ideas but at the same time i feel intimidated because i am just a freshman and apparently know nothing about anything	1
1060	i was feeling productive	2
1061	i walked away feeling a little dismayed but ive got a mission to carry out now	3
1062	i feel i must apologise as i was a little giggly tonight and received a raised eyebrow from a sensible member of the youth orchestra	2
1063	im feeling more stressed	3
1064	i feel honored that you accept my invitation	2
1065	i often feel the need to defend just about anything even in casual conversation like blue s from the color code are usually christmas fanatics and i jump in and	2
1066	i prayed for love for the people that i was feeling bitter towards and that they would find what was best for them	0
1067	i feel left alone	3
1068	i also feel proud of her	2
1069	i suppose thats wonderful because it means that they can learn so much so quickly and also make me feel like an idiot much the way i did to my parents when they couldnt figure out how to leave an outgoing message on the answering machine	2
1070	i asked feeling slightly wimpy	1
1071	i also find that during those times when i feel victimized by his loss i dont feel him near me at all	3
1072	i mean i already did of course but i feel more glamourous naked now	2
1073	i feel helpless at the same time wherein practically no other option than to just sit and watch the drama	1
1074	i should feel awful about the nonexistence of gods	3
1075	i am yelling at my kids at the drop of a hat for no reason possess no energy to do anything just feeling irritable and sad about everything	0
1076	i think about it with the anticipation i was feeling yesterday its kind of a miracle that i didnt like fake an injury or something just to be able to go to the hospital to see them	3
1077	i also feel that the people in the village friendly and i do not need to be as alert as in manila though as the common sense rule still stays that is not to let your guard down	2
1078	i was just not feeling up to it for a few reasons but i am so glad to be back	2
1079	i have to admit that while the story itself was interesting in their portrayal of the well known biblical story i came away feeling a little disappointed with the end result especially considering the names involved	3
1080	i feel very distressed because i m supportive of this campaign and with the senator jackson told cnn	1
1081	i feel shitty because she quit a job to come here but there is only so much hand holding and training that i am willing to do	3
1082	i feel like a divorcee we were together so long and our separation was so messy	3
1083	i thought this is precisely why i m making the show because i feel very uncertain in the world	1
1084	i have been a procrastinator i have endless potential and passion inside yet im stuck in the cage of my own soul the unresolved feelings hurt resentment that i hold inside has built up even do i try to build myself back up again	3
1085	ive been feeling vaguely dissatisfied with reel pros since i signed up a few weeks ago	0
1086	i am right now i feel amused the sounds i hear are my aircleaner around me i see my bed and my cat i feel most connected to this person michael i think it s weird that im a mom	2
1087	i feel so paranoid i don t want to feel like i did back then ever again	1
1088	i was half feeling very irritated and just wanted to get out of a amp f lol	0
1089	i feel i am writing this blog for selfish reasons but i know god can use it for his her purpose	0
1090	i often feel disillusioned but i look upon it as a test of will and a test of character	3
1091	i just feel terrified	1
1092	i flipped out at guys i feel terrible today i flipped out at guys i feel terrible a href http www	3
1093	i remember consistently feeling dissatisfied with my progress	0
1094	i am hoping the running thing works out like the numerous success stories i have accumulated but so far i am not feeling hopeful today	2
1095	im feeling so pissed off that i wanna scream and shout at the wall facing me right now	0
1096	i feel like a lame bum bum in the sense of a behind not in the sense of a transient because i haven t been keeping up with others blogs	3
1097	i kept crying or feeling cranky	0
1098	i was around and feeling fearless and excited	2
1099	i feel like i am as fearful now as i was when i first threw my leg over the top tube after my surgery	1
1100	i feel like im doomed to forever be the girl that everyone sleeps with but that no one can love	3
1101	i cannot help but feel inspired and uplifted both by martinez himself and by his association with occupy wall street	2
1102	i trust he has a plan and if i stay true to and listen to the promptings in my heart i feel assured that everything will be okay and will be worked out for his plan	2
1103	i was feeling very reluctant about the players even finding a library or sage to identify stuff for them	1
1104	i feel slightly embarrassed that i keep telling myself and trying to make myself believe that life is actually to enjoy just to be let down harder and harder each time	3
1105	i feel like i can breath now and not be so rushed	0
1106	i feel really successful for the fact that i read series books this summer that actually counted for the challenge finishing six total series	2
1107	i know like the recommendation function in modern web shops while it feels a little bit strange to see the product you ve just searched for in a web shop on a totally different site s advertising	1
1108	i feel this way i withdraw become irritable	0
1109	i feel dirty for loving comments	3
1110	i need to be just as open with them as i am with some of my friends when i feel that they have wronged me	0
1111	i feel like dlk could make a pretty sweet full length	2
1112	i didnt feel so stupid then but a still little bit ignorant compared with the native african healers who have been using this for over a century	3
1113	i still feel ashamed at how i treated him	3
1114	i woke up feeling shaky and nauseous with lots of cramping and pressure in my abdomen and pelvis	1
1115	i feel like it gave me a lot of valuable information on ways i can improve my skin in the present and maintain and improve it in the future	2
1116	i wonder if they ever feel any pain or sadness because they always seem lively	2
1117	i feel that this reality is tragic	3
1118	i am feeling a blank space in right testicle area and i think that right testicle size is being decrease through urinate system or the semen s out	3
1119	i feel like i ve fucked up massively for not being able to fight off being suicidal	0
1120	i don t feel bitter about my lot nor do i wish any other mother s son was in my place	0
1121	i feel only a little agitated right now	0
1122	ive got all those books and i feel reluctant to sell them	1
1123	i was way up ahead of raphael and laiya jennifer had stayed behind to watch our stuff since i was feeling particularly energetic and scampering up the mountain	2
1124	i met them great people but i have a feeling i may have unintentionally offended them	0
1125	im also worried that youre feeling a little lost in the middle these days and like youre not getting enough attention from us	3
1126	im feeling stressed about this more than i should	0
1127	i convince myself to write i feel like im just exposing how lousy i am at what im trying to do	3
1128	i just sat there feeling so empty and lost and scared	3
1129	i still have a lot to paint on the warhound but enough of the model is now put together that i would not feel embarrassed fieldi	3
1130	im feeling so insecure financially right now that i dont want to spend the	1
1131	i tend not to shower on those days and feel slightly rebellious getting all stinky and doing nothing	0
1132	im not feeling deprived at all although i do wake up ravenous in the morning	3
1133	i feel foolish for thinking this would work	3
1134	i wonder how they would feel if someone was screaming at them and then saying horribly rude things behind their back later	0
1135	i feel good about the project	2
1136	i just repeat it again and again until i feel myself become less afraid	1
1137	i feel cheated and wronged let down and spurned the vine i tended and nursed how could it do this to me	0
1138	i used to feel devastated when someone criticized what i did	3
1139	i feel like im presenting myself in a less hostile manner now when i am dragged to an event or gathering full of stupid fake people	0
1140	i feel less and less the feeling of fear and being afraid and scared	1
1141	im feeling agitated today	1
1142	i feel like hes scared of a good thing and is sabotaging right now and maybe if i give him space hell come back but i feel like hes had so much space and still doesnt feel like its enough	1
1143	i feel so deprived since i know nothing about the first battle of bedriacum	3
1144	i was feeling a bit lonely because poor henrietta had been in the shop for so long and ariel was right in chelmsford waiting for me	3
1145	i feel so numb like this life i have been living for the past week has been unreal	3
1146	i could ingrain in my mind all my feelings all my experiences reading it so if i hated everything that happened in the next book i could just go back to the first and pretend nothing ever happened past it	0
1147	i know now makes me feel outraged	0
1148	i feel the most peaceful and at my best when i m in nature	2
1149	i feel more disgusted with the woman who s undoubtedly banking off this incident the one who handed the pictures off to political pundits who she has to have known would use them in not nice ways	0
1150	i perform a submarine cartwheel before i feel a violent tug on my ankle as my board gets hauled towards the beach	0
1151	im destashing a couple cuts of fabric that id bought to make clothing and it has just sat around feeling unloved	3
1152	i try not to complain or show them my attacks because they feel so helpless like any parent would	1
1153	i just feel so good inside when i see people walking away with their own handmade pieces of	2
1154	i feel that many people need to worry about their own families their own children and their own self because time is precious	2
1155	id done that though it kind of did a on me and i found myself sympathizing with the demons as the church called them and feeling more disgusted with the people who were supposed to be trying to fight them off	0
1156	i feel most of your parents are republicans i shall not overload the stories with feeling or the need for society to be blamed for the outcome	3
1157	im feeling pretty comfortable	2
1158	im feeling virtuous i do a spinach feta cranberry salad with balsamic viniagrette	2
1159	i believed it was true love and feel devastated i wanted to settle down and have the whole marriage and kids thing with him	3
1160	i know its only the beginning of and im already feeling fucked	0
1161	i am feeling so ridiculously uncomfortable these days the rising temperatures dont help and i have added wicked heartburn to the list of things keeping me up at night	1
1162	i am that woman who will notice and i will send one your way even on days when i feel discouraged myself	3
1163	i know i am not alone when i say i often feel rushed	0
1164	i miss time with my husband and not feeling rushed to get back home to relieve our caregiver	0
1165	i literally just text tychelle to see if she wants to hang out because reading what i just wrote about my nonexistent social life made me feel so pathetic	3
1166	im feeling a bit dull today but a href http thepage	3
1167	i feel like a proud mother watching their child grow and develop into an adult and quite seriously my business is like a child to me	2
1168	i feel rushed trying to get everything together late at night	0
1169	i really dont like attention because i feel pressured to think about a topic and talk	1
1170	im totally digging and all the band business over the last little while i feel like ive been totally socially and emotionally neglectful of a lot of shit in my world	3
1171	i feel like a greedy person for liking two people	0
1172	i feel accepted as long as i am real and am not pious uppity and religious for the sake of religion	2
1173	i know is that right now i feel like i am still in th grade trying to be as useful as my little legs will let me be	2
1174	i am feeling quite smug	2
1175	ive been feeling restless in my career	1
1176	i love the treadmill and i am actually so used to it that i actually feel intimidated running outside	1
1177	i think i m feeling dissatisfied with my life	0
1178	i have been going around feeling like i have roundly abused my poor tongue so ravaged by hops has it become i think it is a challenge to think of taste as a really physical sensation	3
1179	i am feeling so incredibly blessed for the life i have been given and the people that god has put in it	2
1180	i know how you feel and im sorry	3
1181	i went but i did feel shaky	1
1182	i feel petty things but not to the extent that humans seem to feel them wars have been started over stupid little things and try as i might i cannot understand how things such as loving two people or feeling jealous can lead to murder and unhappiness	0
1183	im clocking in the scale in the s and i feel terrible	3
1184	i feel even more empty	3
1185	i had this strange feeling that she was incredibly distressed	1
1186	i do meet that i do date will continue to be sources of apathy or worse people whom i feel i have wronged or in whose confidence i act in bad faith	0
1187	ive never been a huge holiday person but i definitely feel more festive more hopeful more willing to celebrate others joys	2
1188	i feel like the apothecary in romeo and juliet an unfortunate comparison perhaps	3
1189	i feel pretty most of the time	2
1190	i feel like ive become more relaxed as a parent	2
1191	i worried over the feeling of supposed to being at church but rich and dr	2
1192	i guess i m a sucker for the grand and endless battle between apparent good and apparent evil and i m no different than anyone else who feels they have the divine gift of discernment in situations like this	2
1193	i woke up this morning feeling content despite yesterday being a day involved in mundane paperwork that government bureaucrats revel in	2
1194	ive fallen asleep embracing a person but never a book and we both woke up this morning feeling kind of awkward about it	3
1195	i fear that other people ask me about my feelings i am most reluctant to talk about things	1
1196	i never realized just how awful my mother has been feeling about her lack of energy and independence until i had this operation and have been so wimpy and tired	1
1197	i feel so sorry for californians	3
1198	i read which i feel i didn t need to read makes me a little grumpy	0
1199	i feel the most important thing is just someone makes you very comfortable thats all	2
1200	i think maybe about how strongly she feels about him and being there for him but brad looks really distracted	0
1201	i feel so cluster fucked in my head	0
1202	i always feel that it is profoundly worthwhile	2
1203	i can feel the damage in aching joints headaches backaches etc	3
1204	i always feel so unimportant so much that i always wonder if people remember my birthday	3
1205	i want to be swept off my feet and feel special rather than just being told i am	2
1206	when i heard about the way a parent of a friend had mistreated him	0
1207	i worry that he s feeling resentful for doing woman s work	0
1208	i still feel like i get walked all over but well i m trying	2
1209	i was feeling a little grumpy thinking about everything that needs to get done but flipping it around this way well now i m ready to roll up my sleeves write some to do lists and get to work	0
1210	i feel bad that i don t have anything for you	3
1211	i said eventually it brings me down again not only because of the sugar that it contains which as i said ends up making me feel groggy and gives me a tummy ache but also because of the guilt i feel afterwards	3
1212	i feel beaten by it	3
1213	i try not to make anyone feel uncomfortable	1
1214	i feel like i can take on the world and even if it says no to me i wont be afraid and will not be discouraged	1
1215	i can spend my life condemning others i feel have wronged my people or me and yet my own consequences are strangely bitter	0
1216	im feeling lately vulnerable impressionable and a little emotional	1
1217	i asked if anyone has ever confessed their feelings for someone and got accepted rejected	2
1218	i have trusted mike with some deeply personal information and feelings and have delighted in seeing this trust rewarded in pragmatic advice and practical outcomes	2
1219	i think i can finally articulate it the prius is in its own shiny happy al gore wearing patagonia in alaska way somewhat insidious in that it makes driving feel like a virtuous act	2
1220	during lectures	2
1221	i did feel a little lighter in spirit now that i knew that neither he nor warrick despised me for my incredible naivety and stupidity	0
1222	i run to him when i feel threatened and insecure	1
1223	i liked the ending but i did feel like it was a little bit rushed	0
1224	i am feeling rather artistic and felt like sharing some of my artwork	2
1225	i feel troubled and also terrified your minute my partner and i view hundreds of white jackets and obtain caught from the surgeons evaluating area sterile and clean smelling and brimming with numerous devices	3
1226	i hide this secret inside of me away from everyone because i feel ashamed and like i have no assistance in making it better	3
1227	i have to admit that i feel a little irate as well but its under control	0
1228	i dont have a yeast infection in the vagina i could be feeling irritated by yeast due to my diet so i should stop eating lots of sugary foods if i can	0
1229	i am plagued by awkward feelings the charming tale of a not so charming gal named me	2
1230	i have swung between feeling resentful that others need me to feeling ashamed and angry that i am not more with it and able to be a better daughter sister friend citizen	0
1231	i didn t feel alarmed at all	1
1232	i feel like that when i try to try on relationship traditions that i and the people i care about get damaged	3
1233	i may feel uncomfortable or just want to give up	1
1234	i should feel like there is much to do sure because there is but not so much that im overwhelmed unhappy and not enjoying my time with my family	2
1235	i also suspect that like me those who feel like they want to die will be reluctant to share that information with anyone because it is so freaking scary	1
1236	ive been feeling helpless since superstorm sandy hit one of my favorite places in the world and i suspect a lot of you share that feeling	1
1237	i may not feel amazing all the time but i am capable of much more than just lighting another cigarette	2
1238	i feel the cold more than him	0
1239	i may be a bit late this year but im feeling very festive sat by the fire imagination its actually just a hot radiator	2
1240	i remember feeling annoyed but also wondering if i shouldn t stop and buy something	0
1241	i feel on the verge of tears from weariness i look at your sweet face and cant help but tenderly kiss your cheeks	2
1242	i was feeling awful because it felt like i was pushing really hard to maintain the pace which sounded really slow	3
1243	i feel less burdened in a way	3
1244	i want him to feel uncertain and unsettled because he deserves it and maybe itll teach him a lesson	1
1245	i may feel a bit gloomy	3
1246	i feel i have to write about it it was truly innocent even though there was quite a bit of feeling involved	2
1247	i feel that i was damaged by gt gt gt religion and i will not let that happen to any children of mine	3
1248	i really do feel for kids who are tortured in highschool	1
1249	im feeling a bit apprehensive about it as i dont know if my little note cards will stand out from the mass of talent on etsy	1
1250	i can assume they are not feeling the cold like i am their water is not frozen they have plenty of feed though they eschew this in favor of foraging and scratch	0
1251	i feel like a total bitchy person today yay	0
1252	i feel a little tortured and lost	0
1253	i am stories this week and decide not to be separated from the feelings you are after any longer by introducing a little sprinkling of the delicious feelings you are after right away	2
1254	i am not a professional historian by any means so some may feel as if i left out important things or took them out of context	2
1255	i dont know why but every time i feel like i am doing someone a favor all the time i start to feel burdened and stressed by that	3
1256	at one of my close friends saying she didnt like the way i am nice to people i dont know	0
1257	ive had two shots of lupron and im feeling fine	2
1258	i still feel a bit overwhelmed	1
1259	i might have a potential job on the line so i m feeling generous	2
1260	i hope to always remain grateful even when feeling a little unsure about my endeavors	1
1261	im feeling insecure and sad because i dont know what to do with my book	1
1262	i never thought i could feel thankful for such an awful thing but i am for making me stronger even as my husband gets weaker	2
1263	i am heavy and i feel dull all over i think i ve stopped breathing	3
1264	i also feel strongly about supporting the local economy so for the past years i am proud to have driven gm cars in a gm community	2
1265	i feel a little more confident about doing it at school now	2
1266	i chose innocent worlds alphabet rose jsk for its longer length longer lengths on lolita dresses always feel more casual and innocent to me than knee length styles and it reminds me of jane austen	2
1267	i feel that i was innocent i did not want to hurt anyone	2
1268	i didnt even have time to feel jealous i was so busy pinning her pictures and writing down a href http nanashi	0
1269	i can pay the bills and still have some cash in the bank should leave me feeling pretty satisfied right	2
1270	i always feel a bit anxious before i preceptor because i am still learning	1
1271	i appreciate the award i feel there are so many wonderful blogs out there that we are all winners	2
1272	i realize i should be extremely grateful for your act of kindness lord i m feeling quite distressed at the moment	1
1273	i feel like im taking care of a needy puppy not living with a mother	3
1274	im feeling annoyed to add on i dont feel important or whatever shit anymore	0
1275	i feel very annoyed with this kind of people who comment and try to be so philosophy on their religion	0
1276	im feeling a little melancholy tonight kinda like the paint on this door	3
1277	arriving in new zealand as a teenager first overseas trip something exhilarating about the change of scenery etc	2
1278	i am speaking for myself right now but i know there are a lot of people who feel drained because of that non closure that occurs when we never get to be done with something	3
1279	i or you are feeling adventurous you can buy k ji kin spores by mailorder and make your own kome k ji using the rice of your choice	2
1280	i aint feeling it this is where been carefree deffinately is worrying in its self	2
1281	a gigantic spider climbed over my face and what is more in my own flat	0
1282	i don t know how it works but asking for divine assistance certainly makes us feel more graceful even when our situation remains the same	2
1283	i feel like most designers shy away from using color in the kitchen so i just love how julia incorporated bright splashes of orange blue and green throughout the space	1
1284	i don t really feel all that bothered by it to be honest	0
1285	i feel triumphant so deal with it	2
1286	i feel like ya maybe i am dumb weird and strange	3
1287	i no longer have that angst inside me the kind of yelping passion and feeling of being wronged or what have you that drove my initial connection to emo	0
1288	i feel like ive been shaken around a thrown down	1
1289	i feel like if i was here long enough i would have my emotions back b c i could either be so stressed out by the people that i cant hide my emotions or that i would have my support back and feeling would be safe again esp without uw school work	0
1290	i feel so fucking lame saying that however immature it may be something that i just imagine have imagined all this time	3
1291	i guess the mild pain had made me feel even more impatient to just get on with it	0
1292	i feel burdened and guilted by the weight of a decision gone bad	3
1293	im down to blogging again simply because im feeling very distracted though im suppose to study cell bio now	0
1294	im feeling nervous about it	1
1295	i am going to feel annoyed with myself	0
1296	i couldnt get to sleep i was feeling quite irritable and restless and every time i was dropping off to sleep a mosquito would land on my face or squeal around my ear	0
1297	i feel indecisive it feels like the security that i usually feel from sensing the ground beneath my feet is suddenly gone and i am left feeling wobbly and unhappy	1
1298	staying in a relatives house which was broken in before	1
1299	im moving back into vegitarianism and it feels delicious	2
1300	im feeling pissed and sad right now	0
1301	i hate feeling that im so indecisive	1
1302	i feel that i am getting more and more timid these days	1
1303	i feel amused at the absurdity of it all	2
1304	i guess she was feeling pretty hesitant	1
1305	i feel burdened a href http scratcheverything	3
1306	i feel less stressed and at the end of the day usually discover that ive done more	3
1307	i feel more resolved and less like smoking my lungs today are obviously not very happy with me	2
1308	i suppose i am a bit on occasion but now ive become this horrible annoying person and i feel so strange about it	1
1309	i feel uncertain about something i will act in a more positive and powerful way	1
1310	i feel like the class clown because im the only outgoing person there	2
1311	i feel not offended in any form and should not make this big and in the end it doesnt bother me at all but ive learned to show some balls in the past and say what i think not anonymous so if we would give some weight to the content of these comments there would be the questions what is behind it	0
1312	i have now lived in virginia for about eight whole months and it feels super weird	2
1313	i dont know if i feel apprehensive about it or apathetic	1
1314	i get close to feeling what that is like is through dance which is putting music and motion together in a similarly creative way	2
1315	i should go to sleep but i m feeling reluctant to let go of the day	1
1316	i guess that s where the phrase down in the dumps comes from try this think of something that is mildly upsetting for you some sort of negative emotion perhaps you were stuck in traffic or there was something on the news this morning that made you feel a bit grumpy	0
1317	i was out shopping with a friend the other day and she asked how i was feeling about the book coming out and i said i was terrified and she asked why	1
1318	i feel depressed i will sing	3
1319	i remember feeling dismayed from this observation	3
1320	i do know im feeling times more guilty	3
1321	i play it i have more different feelings around a cold grim back drop	0
1322	i feel like i m going to be living a rich and sustained life throughout this year due to work	2
1323	i feel very carefree xd	2
1324	i like that i don t feel pressured yet i like spending time with him	1
1325	i have done music and movie production in the last four years and i feel its time i do fashion which im very passionate about	2
1326	i will state right now that i feel strongly that someone should be punished for the hurt that was inflicted on him	3
1327	i seek the presence of people of conscience and i feel around me the optimism of youth with its stubborn refusal to accept a fate forced upon it	0
1328	i want to be to be worthy of them especially when i m feeling the sarcastic crone	0
1329	i am just remembering it now and i should have told him it was birthday but i am such a selfish idiot and was feeling jealous of all the people who met nao	0
1330	i feel more inspired to get back into the mindset of putting the good stuff into my body	2
1331	i feel terrible about that	3
1332	i stand by that he is actually annoying giggle i also acknowledge that i have been feeling very dissatisfied	0
1333	i love how a whiff of a certain scent can take you back to a certain time or place remind you of a certain person and make you feel content or nostalgic	2
1334	im not sure if what im feeling is so extremely vulnerable or now that i feel so depressed and sad	1
1335	i have noticed that if i go with out i start to feel irritated at him or easily annoyed by the things he does i feel this tiny ache inside of me almost unnoticeable the first few days as if a tiny hair had burrowed its way into my foot	0
1336	i am starting to feel like a worthless person	3
1337	i read the ny times i feel very inadequate	3
1338	i can feel it clever of them and	2
1339	i feel insulted video pete edochie responds to death hoax i feel insulted a href http olajideolafunmbi	0
1340	i feel like i ve been distracted all day or i ve been dealing more with fiddly necessities than actual creative work then i ll feel like the day s been wasted	0
1341	i purposely put that statement in the negative to show that im now feeling gun shy	1
1342	i do i hold onto them i look into their eyes and breath them in and i feel immensely deeply thankful	2
1343	i was feeling quite something im not sure	2
1344	i want to enjoy this and feel successful	2
1345	i still have such a hard time writing my work down and when i do i feel its not perfect	2
1346	im glad that peter doesnt feel threatened or concerned by my recent interest in decidedly egalitarian almost feminist christian blogs jonalyn finchers a href http soulation	1
1347	i feel like everything is just so fucked	0
1348	i shouldve stopped feeling envious she has her own life i knew it but its still so hard	0
1349	ive been kicked in the stomach by the eating disorder so many times that i feel kind of numb	3
1350	i were to create a piece similar to this again i would improve on it by spending more time on the background as i feel i rushed this and it could have been more detailed	0
1351	i have a feeling something startled her but either way she started on my shoulder and ended up across the room a very slow flutter mind you	1
1352	i bet you are feeling really mad and hurt	0
1353	i do however feel myself feeling a bit reluctant	1
1354	im just being straightforward theyd feel hurt	3
1355	i feel distracted or scattered i take a few moments to close my eyes and just breathe	0
1356	i believe that if i by myself make a person feel uptight and want to be envous of me then they have another sin called jealousy	1
1357	i was down feeling greedy and depressed	0
1358	i am feeling thankful for warm sunshine crisp autumn air and bright fall colors	2
1359	i feel a timid six other times a wise sixty six	1
1360	i feel equally morally outraged regardless of whether its michigans or new yorks governor sleeping with prostitutes behind his wifes and daughters backs	0
1361	i feel like i am being punished for the choices i made in the past	3
1362	i walk out of the studio feeling exhausted soaking wet with sweat and with a startling clarity of focus and quiet inside	3
1363	i still feel dissatisfied	0
1364	ive been idling away this past year i realize im feeling more and more doubtful of my path	1
1365	i apologise in advance i m feeling somewhat angered and stressed and the following is just going to have to come out	0
1366	i want to get up in the mornings feeling excited about going to work instead of wanting to hit the snooze button	2
1367	i don t feel hopeless or depressed	3
1368	i go with their flow i always feel shitty so i do what fits me best	3
1369	i feel annoyed but its because im afraid i wont be able to speak well just like them	0
1370	im really just here to write whats on my brain if you want to read it and tell me im crazy stupid boring awesome genius then feel free	2
1371	i feel a little foolish for ever having left duluth	3
1372	i feel like i should be suspicious of her but im just so happy to see her	1
1373	i feel better about myself almost tasting my success	2
1374	i feel anguish for a family that was assaulted raped and systematically assassinated by u	1
1375	i should welcome feeling those that have gone before me i almost feel doomed by it	3
1376	i feel fearful seeing this bridge an emotional tith sam ath whose year old son died in the disaster told afp	1
1377	i have to admit i feel shaken up	1
1378	i need to do everything i can to push away the boundaries i feel listless and overwhelmed	3
1379	i posted this lovely picture on instagram and was feeling slightly rebellious walking on that plane feeling	0
1380	i am pretty sure they took the two most horribly sounding words and stuck them together so fat people would feel shamed for being fat	3
1381	im feeling very frustrated with my novel in progress right now and i cant even decide why	0
1382	i almost feel hated by everyone	0
1383	i was going to be loved made me feel a woman like me could be valuable that i stood a chance there was more out there and told me that i could get over him it was a lazy bandaid where i didn t have to better my character i could just hope	2
1384	i feel still very honoured and i am deeply thankful that i was granted this opportunity	2
1385	i will adress those issues and attempt to reason with them so they may feel less threatened and more supported and loved	1
1386	i wish crushing on somebody was so much easier i dislike being the emotional one i hate being the one that feels needy but i am here craving her attention and im just trying to ignore it	3
1387	i feel ok an that kai can take the emotions that he will be feeling today	2
1388	i have control issues though they really only kick badly when i feel unprotected or dont trust my safety net	1
1389	i am not feeling well or grouchy or lazy ill sometimes forego my bed in favor of our futon couch for a little shut eye	2
1390	im feeling all kinds of conflicted about the bit with his rather violent reaction towards the paparazzi over that zq jcho cpine lunch	0
1391	i also feel it can be rude to see your family doctor out and about and approach them together with your ailments	0
1392	i feel more vulnerable	1
1393	i wrote it feels slightly strange starting to write this about cambodia as i sit in lax airport waiting to bi	1
1394	i am feeling rebellious which is often i suppose	0
1395	i have a feeling we ll see the aftermath of laura and gilbert a target blank href http theybf	3
1396	i am determined to lose weight the healthy way work harder in school be a better friend speak freely of how i feel be truthful with some people and get more sleep	2
1397	im feeling a tad rebellious right now	0
1398	i was thankful to at least feel well enough to sit with my husband and kids at the table even if it was only for minutes before i felt like passing out which carson actually accomplished into his sweet potatoes no less poor guy was sooo tired	2
1399	i feel troubled deciding whether to go to this hot pot thing at pm or not	3
1400	im so happy that he loves my husband and feels that he doesnt need to worry about this troubled girl anymore	3
1401	i find it very hard to feel relaxed for more than hours	2
1402	i might also write a bit about science if im feeling particularly energetic	2
1403	i feel lame for not posting the recipe but mi madre is protective of em and i respect that	3
1404	i would feel drained after my workouts but that to be expected after any workout at least in my experience	3
1405	i feel very awkward	3
1406	i hope you will also feel a little foolish for doing so	3
1407	i was feeling very festive i decided to paint my nails for the holiday events	2
1408	i feel like im not as stubborn	0
1409	i could be feeling this way from the cold medicine ive been taking for this chest sinus cold	0
1410	im still feeling groggy but i got more than hours so i should be fine	3
1411	i shouldn t feel so apprehensive	1
1412	i left the eagles complex sunday feeling cooper will have the chance to as he told the team when the news broke last week make it right	3
1413	i feel deeply pleased as my hand plane takes off thin shavings of wood with a precision that is truly marvellous	2
1414	i should just relax for now but it feels so distinctly strange for me	1
1415	i start to feel groggy as if i have been drugged	3
1416	i feel like i m watching another copy of my beloved son created for the english speaking world being wonderful clever and delightful in new and different ways	2
1417	i may not be completely sure on a lot of things but i am a very opinionated person and when i have opinions on something i feel very strongly about them and i can be very stubborn when it comes to them especially when it comes to politics	0
1418	i feel that he has lost the game	3
1419	i didn t even feel cranky about it	0
1420	i begun to feel distressed for you	1
1421	i was feeling angry and jealous and deceived	0
1422	i feel uncertain of how i can keep my personal development of fitness and health going in the right direction	1
1423	i feel we are getting into dangerous territory when we simply ignore the parts of the constitution we don t want to follow or create extra constitutional bureaucracies	0
1424	i told her yeah they feel insecure and they bully people because it makes them feel powerful physically	1
1425	i feel fab if i can get hours sleep in one go but sam doesnt always oblige	2
1426	im going to be talking a bit about how i feel about the important role of the fan in this wonderful game we call music	2
1427	i was feeling joy happiness ecstasy triumph or love i felt contented somehow	2
1428	i feel less pressured to check on my phone and i gain better space to concentrate on what is more important in life	1
1429	i not feel the tension that permeates the air in the calm before the storm	2
1430	im feeling so ignored right now like no one ever ever cares about me when in the first place im the one trying to push everyone away	3
1431	i try explaining my feelings and someone dismisses them blindly i feel frustrated and disinterested in discussing my opinions because they cannot put themselves in my place and know what i have experienced by living there	0
1432	i feel in the tragic case of the woman who was raped though hard may it be the baby should be put up for adoption if the woman cannot bear to keep him her	3
1433	im feeling rather listless today probably because of whats going on around me	3
1434	i feel a bit more confident about them now so heres a gorgeous pair of cream amp lemon shorts i recently purchased in the warehouse sale for	2
1435	i am still feeling extremely damaged from many different events some of them seeming to repeat themselves i havent given up nor do i ever plan on	3
1436	i feel more free to enjoy the possessions i do have like this rock or that book or these clothes	2
1437	im sinking back into feeling rejected and also wondering what i could have done differently	3
1438	during the last academic year ie just before the closure	1
1439	im feeling disgusted already but seriously though i dont really like to have my pictures taken cause ive always referred to myself as ugly	0
1440	i feel like i can still hear her cute voice in my ears	2
1441	i went back to work feeling agitated and lazy which transformed into this state where i just yelled i dont know	0
1442	i read of my friends good news and have an unexplained feeling of melancholy what s up with that	3
1443	i tell mummy that my stomach really not feeling well i really wanna go to toilet mummy ask me keep on eating	2
1444	i was getting motivated about losing weight and getting healthy and wearing that outfit and feeling fantastic	2
1445	i know and trust how i feel but i generally shy away from it with strangers	1
1446	im really feeling skeptical about clinique products	1
1447	im feeling rebellious amp ive missed the last couple of ffs on twitter so i thought id share two blogs that ive been loving recently	0
1448	id probably be okay wearing either of them as id have more fun making ashlotte and feel gorgeous wearing it but i look more like talim and would most likely have more fun in her costume as itd be easier to sit and move around as well as to get on	2
1449	i resorted to yesterday the post peak day of illness when i was still housebound but feeling agitated and peckish for brew a href http pics	0
1450	i feel pressured when people say im going t beat you or whatever	1
1451	i feel happy i feel elated but i also thank god for bringing me to this stage	2
1452	i am now feeling more and more confident and with little improvements here and there i know i can be fighting for a top in most races and a spot in the money if i stay the course	2
1453	i have a feeling there are a few more perfect moments coming	2
1454	i want to tell him how i feel how disgusted i am that he can hurt my husband the way he does and then just laugh about it how he treats his grandchildren how he treated my husbands mum and just scream at him to stop being such a selfish bastard because the world does not revolve around him	0
1455	im suddenly feeling lighter less burdened by the weight of my life	3
1456	i feel uncertain if the most of similar families can be reached the uncertainty does not preclude us from serving those we can in the meantime while discovering the ways to reach the others	1
1457	i can feel again i want to talk about the positive feelings of love good will and support that are raining down upon my detoxified mind and body and on behalf of the team here at iws radio i want to give a virtual hug and say thanks to some people for making me smile during sunday s show	2
1458	i feel so impatient and sometimes i feel thankful that god gave me more time for the moulding of my heart	0
1459	i didn t feel terrific	2
1460	i feel a bit more energized today and less grouchy	0
1461	i can t help but think what they must be feeling with the loss of jon s talented advanced horse coupled with the joy of a new baby on the way such a mixture of extreme emotions	2
1462	i am so proud of him and who he has become and i feel privileged to call him brother	2
1463	i feel more resolved than ever to persevere with the use of web based technology for learning despite problems mistakes and frustrations	2
1464	i know i shouldnt be reacting this way to it all but i cant help it and i feel terribly petty and horrid but this is the way im reacting and i have to deal with it	0
1465	i am feeling very restless irritable and discontent	1
1466	i can do all things through christ who gives me strength is a lovely little verse that i repeat over and over when im feeling a little unsure about something	1
1467	i feel sorry for her she had a good thing in dh but she abused it and him resulting in his depression and diagnosis of generalised anxiety with panic features and then lost it	3
1468	i realise that desiring a substance to feed a feeling only compounds the desire to feed the feeling i realise ive abused substances since early childhood	3
1469	i feel kinda lost posted by a href http jumbleupon	3
1470	i don t feel stressed	0
1471	i feel like wow that s very cool that could be me	2
1472	i feel quite content right now s i mean nothing amazing happened just a stupid frenh competition where im sure i did shit and tutor but i dontt know i feel ok	2
1473	i think i feel the coldness more compare to other people who can withstand low temperature	3
1474	i feel reluctant to join the class trip to beijing	1
1475	i began to feel a bit regretful	3
1476	i was feeling kinda discouraged because i was stuck but today i proved to myself that i can do things that i didnt think i could do	3
1477	i just feel drained by most of the gameplay i do	3
1478	i feel rich in it	2
1479	i want to wimp out on feeling outraged	0
1480	i have not conducted a survey but it is quite likely that many of them feel as assaulted by onel s demons and other creators as i would have felt had the walls been covered only with eminent figures patriotic heroes and epic deeds	1
1481	i don t want to mention the afternoon because i am a highly conscientious person who would hate like to make you feel that unsuccessful	3
1482	i feel remorseful for my dao ness	3
1483	i start to feel agitated	0
1484	im fine mary anne answered feeling a little impatient	0
1485	i feel like my life is the movie sweet home alabama	2
1486	i am feeling impatient in so many ways but i am equally aware that it is important to learn all i can while im in this season	0
1487	i think everyone should make a goal that they feel as passionate about	2
1488	i feel like todd is getting too stressed or tired with caleb i will take him because i dont want caleb to feel that frustration	0
1489	i would veer from feeling utterly terrified to utterly disorientated to utterly queasy	1
1490	i feel far too distracted to actually write anything of substance	0
1491	i feel anxious about a coming event or activity that will require physical energy that i may not have or emotional events that will require emotional energy i look to my parent and adult to take charge	1
1492	i had been feeling slightly distressed and my pride was resisting me just waiting for the next peregrinos to walk past and help me out	1
1493	i am feeling restless for some reason today	1
1494	i say it when im stressed feeling bitchy when im slacking in the toilet or when i feel constipated	0
1495	i feel my heart shaky all the time now	1
1496	i have to look for more problems to heap on myself when i already am feeling burdened	3
1497	i really didn t feel like there were any though so i was quite delighted when my brain came up with the amazingly obvious solution of asking the guy who lives in the other half of my duplex if i could just get dsl on his line and set up a wireless network	2
1498	i feel playful today a href http www	2
1499	im feeling quite agitated irritated amp annoyed	1
1500	i have forgiven anyone who i feel has hurt me	3
1501	i will feel shy and won t be able to talk to her	1
1502	i feel about kids and this just about broke my heart	3
1503	i like the phrase having submissive feelings then being submissive	3
1504	i feel kinda popular	2
1505	i look at my life my beautiful family the fact that i feel truly blessed and that all that ive asked from god and the universe all that has happened and beyond how my imagination fathomed it	2
1506	i continue to succeed in something and having someone seems unattainable because i feel men will be intimidated or when there is a prolonged moment of silence	1
1507	i am feeling really bad for that guy	3
1508	im feeling distracted and a little bit flighty	0
1509	i would not knowingly wound the feelings of any not even one who may have wronged me but would seek to do him good and make him my friend	0
1510	i wasnt going to post anything about his death because i made me feel mad and shitty	0
1511	i wont feel regretful	3
1512	i feel like you didnt really care that alexis did that to me and you were irritated that i was even telling you	0
1513	i party wah wah wah nationalism blah yay aryans wah boo jews with there stupid brown hair blah blah should feel appreciative that we even talk to them because it makes them cool by association blah blah	2
1514	i am also feeling a bit bitchy about the way things are when we have conversations and others are around	0
1515	i need nine hours but it s true and if i get less even seven hours which is supposed to be the norm and which some people consider a lot i feel grumpy unhappy and seriously unmotivated	0
1516	i feel the reader will get confused with because it bounces and uses references from its earliest time period which is like the dawn of time till now	1
1517	i am not really in financial straits yet so why do i feel so insecure	1
1518	i also have the feeling i need a very relaxed practice today	2
1519	i just feel skeptical	1
1520	i feel blessed to have found such a wonderful friend	2
1521	i was also feeling pretty low being fired four days before christmas	3
1522	im guessing with everyone standing there she was feeling timid about moving through the crowd again	1
1523	i do know that the stresses from this past week sensory overload oh and i have not been sleeping well are all contributing to my stoic type of feel however i am rather jolly and do not feel like i am in an icky mood at all	2
1524	i hurt and feel suspicious and definitely get angry	1
1525	ive always been feeling restless and dissatisfied with our relationship	1
1526	im not sure why i even bothered to open this website let alone this feature but as expected its left me feeling boring poor and	3
1527	im feeling the need for a cute little monogrammed one in green for mommy	2
1528	i am feeling bitchy cross whatever	0
1529	ive been feeling needy lately	3
1530	i began to feel bitter towards them	0
1531	i was just reporting to a dear soul that the energies feel strange today and wondered if somethings up	1
1532	i feel like karen is being far too greedy pushy demanding on all fronts	0
1533	i really thought i was because i liked what i was feeling when in all actuality i hated his personality	0
1534	ive been feeling a little frantic recently because our summer together is flying by so quickly	1
1535	i travel i feel like men expect me to be neurotic superficial and easy only sometimes true	1
1536	i feel moderately handsome at the minute but as soon as i go out ill look like a twat	2
1537	i first started and i m feeling more confident behind the wheel	2
1538	i talk about in this essay is that people feel differently about poetry when they re angry or sad	0
1539	i over think you think i really feel insecure	1
1540	i have an interest in a relationship with the person long term and an end goal in mind little spats here and there in which i feel i have been wronged are really of rather little consequence in the grand scheme of things	0
1541	i feel like i should be more appreciative but im struggling	2
1542	i would have liked to go out but i just wasnt feeling it and i think it was partly because it would be with someone that i am not thrilled with being around right now	2
1543	i wanted to say something to her but it was just a bad vibe and i was feeling hostile didnt think it was a good night to do so	0
1544	i feel and im irritated by it	0
1545	i swamp uncaring unfeeling fucked up apathetic humanbeings who wont pull their heads out of their asses long enough to turn around and look at me and say i see you	0
1546	i feel deer supporting mice parade at the hope rel bookmark permalink	2
1547	i have been so happy these past two months you give me so much that i feel ungrateful admitting i think i need more	3
1548	i feel more grounded and less fearful	1
1549	ill admit to feeling a little paranoid and wondering about how many others had defriended me	1
1550	i go to school feeling miserable but end up laughing for some reason is weird	3
1551	i can t stop thinking about it i feel paranoid like they re judging me i know they re probably now but i just feel that way	1
1552	i was feeling irritated with the supposed guy who wasting my valuable time talking to a lady	0
1553	i feel a bit shaken though	1
1554	i feel more vulnerable and more in touch with my heart with making choices that are better for myself and my family and less worried about pleasing everyone else	1
1555	im looking through pictures and feeling the creative tingle in my blood that makes me feel like home	2
1556	i feel incredibly slacking mrs greedy guts is still in desperate search for an unspoilt base on her career ladder	0
1557	i wanted other women to feel envious of my figure and say oooh youd never guess youd just had a baby	0
1558	i have found a no of people raising this issue but then i have not yet come across any officials addressing the same i am just feeling helpless	1
1559	i feel petrified about his future	1
1560	i didnt like my former fob and felt joy when i received a telegram offering me a new one that i though better and for which i had been waiting	2
1561	i could feel tears welling in my eyes and felt disappointed at my lack of fitness and ability to keep up and my annoyance at letting it get to me	3
1562	i was feeling relatively indecisive and not very hungry until we walked past a barbeque place	1
1563	i feel is a dull worry	3
1564	i could quote you a recent poll showing of young american muslim men feel suicide bombings are acceptable in defense of islam so apparently things like dont kill are not universally shared moral values	2
1565	im feeling very hesitant about wanting to buy another house	1
1566	i just feel like lex has convinced you that youre something that youre not martha said her eyes getting misty	2
1567	i witness what i feel helpless to change i take up my arms my heart and my pen and i write	3
1568	i feel like i ve already read every clever profile seen every picture and more importantly gone out on a first date with every guy on okc eharmony match etc	2
1569	i normally would call meaningless and stupid but i guess im feeling a little bit adventurous	2
1570	i can make someone feel unwelcome rrreeaallyy fast without saying a word	3
1571	i feel it is rude of me to ask	0
1572	i continue to feel nervous inside and long to talk sensibly even just one time around someone its so wrong to have these feelings for on so many levels i have no clue	1
1573	im going to be honest with you i feel distraught	1
1574	i feel this energy of the divine flame	2
1575	i feel thrilled this will all be over in a matter of days	2
1576	i like to watch people do horrible things so i can be outraged at them and feel superior	2
1577	i would spend hours prepping for the meeting with my supervisor and feeling convinced that i ve nailed it	2
1578	i still feel jealous of my friends when their moms talk politely with them	0
1579	i shook it off as we walked into the expansive beijing capital international airport feeling utterly un amused at the prospect of an international transfer in china	2
1580	i agree it looks gorgeous and feels amazing but i have only worn it out on the town one time on new years eve	2
1581	i feel that if he hadnt appeared out of nowhere and distracted me i would have noticed the light change and none of this would have happened	0
1582	i feel rather pissed off	0
1583	i am tied down to my thoughts in class as in life i cant perform i feel ashamed and afraid to be in myself	3
1584	i mean its beginning marks the end to one of the best months of the year which im left feeling exhausted from	3
1585	i like to pray a decade whenever im feeling stressed or scared	0
1586	i say that i feel like im hated	0
1587	i never want to be rude even when i feel someone has been rude to me and even then i don t want to i feel like i need to like if i don t crush the offender thoroughly i will be left in tears in front of everyone because i am so sensitive	0
1588	i feel my repressed emotions surfacing im glad for the solace i can seek in my writing	3
1589	im great at complaining because modern society is geared toward making people feel inadequate	3
1590	i am still feeling pretty lousy from this allergy induced stupor so last night i just was not really feeling wildstar and interacting with other human beings	3
1591	i feel even more bothered because here i am being bothered by this when the boy probably isn t even thinking about this	0
1592	i grabbed him by the collar and pulled him against me in a passionate tonguey kiss feeling his long member slide between my waiting ass cheeks as it pulsed on the frantic bud of my clit	1
1593	i feel out of place posting here since i feel so hesitant to join aa full force but i could use some insight from the people on the inside	1
1594	i feel i am being neglectful to a lot of you by not responding to your comments	3
1595	i feel much alarmed at the prospect of seeing general jackson president	1
1596	i am feeling quite anxious about it all	1
1597	i feel so honoured so have been allowed to write my story and	2
1598	i achieved was deepening my realization that i need to plan ahead to feel satisfied and avoid making silly food choices	2
1599	ive been feeling homesick for several months probably since christmas	3
1600	i stropped about for a bit feeling grumpy because i was missing out	0
1601	i feel completely inadequate and unable to express any of it in words	3
1602	i like your t shirt can achieve that and instill a sense of making the customer feel valued as a person but such comments should be sincere	2
1603	i kept staring at her quivering flower feeling that it was like a violent flower in time lapse photography a flower shivering with vigorous growth as it accelerated out to the flickering sun racing sky heralding the end of our relationship before it had even started	0
1604	i really do feel it is beaten into us to breastfeed	3
1605	i am sitting here typing this and wondering where i belong feeling distracted feeling comfortable feeling misunderstood and hurt	0
1606	i didn t feel very faithful at that point	2
1607	i feel its a reminder that im taking care of something so precious and need to treat myself better	2
1608	i would have taken more but something feels weird about going to a foreign country and taking pictures of places and things that most of the people probably consider commonplace	1
1609	i gave my honest opinion revis told reporters in the jets locker room adding i feel that people let him slide when he says smart remarks on certain things	2
1610	i wasnt sure companies would be hiring this time of year but i am again feeling hopeful	2
1611	i remember as a child feeling totally scandalized and outraged when i found out that girls didnt play in the nfl	0
1612	i read other peoples posts there are moments where i feel id give my left fingernail to be them my left fingernail is precious because its the only one i can polish perfectly out of the	2
1613	i feel angry im happy	0
1614	i seem to be feeling a little less anxious this week but i sure wish that i could check on her every week at the doctor instead of the that are scheduled	1
1615	i had a feeling you were in need of a gorgeous envy	2
1616	i woke up today feeling pissed off	0
1617	i wanted both but i feel greedy	0
1618	i feel any team pretty dangerous in playoffs york left wing ruslan fedotenko notes said	0
1619	i tend to stop breathing when i m feeling stressed	0
1620	im feeling less than thrilled about having to go back to my second choice donor now that mr	2
1621	i somehow feel distraught and hopeless	1
1622	i was feeling grouchy and everything for the past few weeks but yesterday was such a happy day	0
1623	i feel it is unfortunate that in the end my year old will hate her father unless he ceases to use his daughter as a pawn to impress these women while she s still young enough to not realize what is really going on	3
1624	i believe even though at the time i didn t feel i should be hospitalized i m pretty sure it was a good thing i was	2
1625	i feel like i am losing confidence but for now i feel calm	2
1626	i could have checked it down to the back and i feel like i got greedy and took a shot at the endzone and didn t throw the right ball i wanted to throw and then it got picked off	0
1627	i feel that the out of people that i encounter in the day that are rude and mean to me for no reason at all	0
1628	i always feel afraid of telling people because i dont want them to see me differently my self image is very poor and i dont want to transcribe that onto them	1
1629	i was feeling resentful enough to want to write about it here which means i need to work on look getting my hackles raised when others judge me	0
1630	i feel thoroughly unwelcome at this school and there are individual people who are clearly deeply moved by my work and my choices	3
1631	im a marketer and i couldnt be bothered to investigate further which makes me feel that consumers probably cant be bothered either	0
1632	i am still feeling the positive effects of my visit with therapist and i feel very confident in her abilities and connections to psychologists with the necessary dr	2
1633	im feeling a bit less anxious about it all now and im actually starting to look forward to the challenge of the big event	1
1634	i am sure the pleasure of living in the open air with the sky for a roof and the ground for a table is part of the same feeling it is the savage returning to his wild and native habits	0
1635	i just need to express my feeling badly ignore this if i offended you	0
1636	i feel is useful and even adding my own two cents	2
1637	im honest when i say a part of me feels tortured as though this is part of the system of function in your life the one that allows you to order and manipulate people in such a way so that they are lined up and positioned to serve their prupose when you should need them	1
1638	ill still need chemo but at least i can feel relatively reassured about my prospects	2
1639	i feel the skeptical looks and eye rolls when we say we need a bigger house after all we re dinks double income no kids which is prettymuch the most awesome acronym ever	1
1640	i feel frightened in a kind of a raw way	1
1641	i really feel devastated seeing him witness these things around him	3
1642	i wish i knew how he was really feeling aside from reading the nervous twitches	1
1643	i feel more optimistic about pakistan for now	2
1644	i feel like the last three months are going to go by super quick because we are going to be moving in a few weeks and then just getting situated and then bam	2
1645	i just didnt feel like taking her bitchy attitude	0
1646	i lay myself raw and bare and let the enemies attack me for feeling so emotional over something they feel is silly because i want to be honest with myself and others	3
1647	i tend to feel a bit cranky when i ve gone for a few days without making art	0
1648	i feel it would be pleasant to have a cigarette there is a sort of deep rooted memory of enjoying sucking that carcenogenic smoke into my lungs but i believe that feeling of pleasantness is an illusion	2
1649	im one of girl who feel insecure about herself always	1
1650	i want to be able to declare how excited i am in the most sickening sing songy voice that anyone has ever heard but frankly i feel more terrified than anything	1
1651	im feeling pretty numb and focused on thinking about what needs to be done	3
1652	i have to admit i always feel apprehensive to order the wings when im eating out	1
1653	i feel the earth move death cab for cutie this charming man spoon my mathematical mind	2
1654	i think i wake up every day feeling terrified in some way but then i feel totally exhilirated when facing things i ve always been scared to do	1
1655	i feel supporting herself and four	2
1656	i feel like i should feel contented but i am not	2
1657	i have a lot of moments where i will feel optimistic	2
1658	im frightened and feeling paranoid	1
1659	i really feel that when people consistently make us feel unimportant in the grand scheme of life	3
1660	i have grown i m blessed i m proud to say that i am a healthy year old black male with no children and it feels good	2
1661	im not feeling particularly creative at the moment	2
1662	i do and it is really starting to make me feel really distraught and upset all the time	1
1663	i feel like a lousy person because i really cant think of anything profound to say	3
1664	i think the ideal preparation for birth for anybody not just me puts you in a place where you feel confident in your knowledge in your caregivers in your support system and in your body	2
1665	i remember in particular one new years day in high school when i was feeling all tragic and melancholy and generally fifteen year old girl ish	3
1666	i feel for him but the thing is he is so popular and entrenched in this gerrymandered district that he would totally be reelected as an out gay man	2
1667	i am standing so close to said cow her name is gabriella btw i feel rude calling her a cow	0
1668	i cant say that i feel as peaceful when my loved ones are the sufferers	2
1669	i eat biscuits crisps and ice cream all day yeah it tastes great but it makes me feel so groggy the following day take more photos	3
1670	i like sonam deepika and genelia who i feel are very talented and beautiful	2
1671	i start to feel really awkward about the tubelight reflecting on the glossy paper with a picture of a red laced bra	3
1672	i went to bed super early so i havent spent a ton of time with alot of these resources but enough to feel like these will all be useful in the future	2
1673	i haven t quite figured out and whenever i can t find the time or ability or money to take care of each side equally i end up feeling disappointed	3
1674	i ignored her minor tantrum and jumped down from the table beginning to pace again and feeling agitated	1
1675	i feel so deprived on calories a day	3
1676	i feel angry at him for being so selfish and giving me absolutely nothing to go on	0
1677	im used to feeling empty that i dont know what happiness feels like	3
1678	im feeling very sarcastic today	0
1679	i was left feeling slightly intimidated and overwhelmed	1
1680	i get mad at my brain for slowing down in the summer and i have gotten frustrated that my work doesnt get done and i forget things and on top of it i feel lousy for a good chunk of the year	3
1681	i listen to dubstep when im feeling damn irritated	0
1682	i look at this list and think no wonder i have no idea who i am that i feel like a blank	3
1683	i feel fearful	1
1684	i have really come up against some intense struggles since moving in here and i have to say i am very proud at the way we are giving each other the respect to feel however we need to feel mad stressed whatever and yet we still pull together to fix the issue	0
1685	i don t feel petty	0
1686	ive been feeling a bit disheartened blog wise recently	3
1687	i feel excited just exams left to freedom m wish me superduperreally luck	2
1688	i am feeling very cranky this christmas	0
1689	i got the feeling she hated that that i would not admit it let it in i know ive hated every single obstacle that kept it from her every single leaden block that kept being placed in our once clear path to one anothers arms	0
1690	i feel a little discouraged here and there but i m not giving up	3
1691	i also havent been feeling photo friendly of late as i have three coldsores on my face	2
1692	i feel like a cold object with no identity	0
1693	i was beginning to think that i had been cut from the ranks of the frugal antics improv challenge and was beginning to feel a bit insecure about my first entry last month	1
1694	i know that i will find a job and god has a plan but im feeling a little uncertain about everything at the moment	1
1695	i just didnt feel they got me which meant i was reluctant to open up and really share what was going on	1
1696	i feel so overwhelmed im nauseous	1
1697	ive always felt like ill finish my masters i was raised and told that its really important to finish university and i kinda feel like im intelligent enough to really finish it see my pride	2
1698	i feel like ive been talking about creation stories forever and im excited to finally be able to move	2
1699	i find myself feeling shamefully skeptical of the wisdom of popular gurus especially when it comes to persuasively explaining seriously complex phenomena even when its offered to standing ovations coming from cheering audiences	1
1700	im feeling a lil restless about axel	1
1701	i didnt think he could honestly feel this way about himself and if he did he had no reason to because again he was popular and incredibly hot	2
1702	i also have learned that feelings cant hurt me unless i hold on to them	3
1703	during my holiday i met again a friend who had tried to commit suicide she had just left hospital	3
1704	i feel a bit jealous because i been trying to date him long time ago but he doesnt want me	0
1705	i p i could sit here and beat myself up over it all but im feeling far to rebellious for that today basically im feeling angry at the world and at myself all at the same time	0
1706	i hoped she wouldnt feel disappointed if no one called	3
1707	i feel like i do understand my divine nature as a daughter of god but clearly i dont	2
1708	i feel hateful sometimes	0
1709	i am feeling a little stressed as aaron has friends over for a sleep over	0
1710	i guess i feel that the things i wrote about were so petty and small that im kind of embarrassed to go back through them	0
1711	i feel so tortured	0
1712	i could feel the cool air marillac was like a giant residential freezer flow with more ease through the teeny extra hole in my right nostril	2
1713	i feel sarcastic more often than not	0
1714	i think the thing of it is that i feel like i get to be thankful more easily than a lot of people	2
1715	im skipping floors one and four because theyre two of the most conventional feeling and quite frankly boring maps in the game for me	3
1716	i havent been measuring out food drinking nearly enough water tracking any fitness and overall i feel completely shaken and unfocused because i dont feel like my foundation is steady at the moment	1
1717	i really am feeling so impatient	0
1718	i don t a feel like an idiot and b not get illogically mad at people for going to bed too early sorry for the anger family	0
1719	i feel so so tortured by looking at the lecture notes and nothing is going in except for my holiday plans	0
1720	i came to a theory whereby even if you feel that you do not want to hear the truth in the end you would have to face it for my case i had to read it which was a remorseful feeling for me	3
1721	i feel threatened or anxious i become numb and detatched from my emotions and environment	1
1722	i am so grateful for that today and feel very blessed to have two grandsons right now	2
1723	i feel determined to do well for my mother tongue paper that will be here in odd days time	2
1724	i feel like a person who tortured somebody because i like to see the fans confused and embarrassed at the same time	1
1725	i am new to this forum and i wish to have extended friends and acquaintances here as i feel this is quite a friendly forum	2
1726	i know it seems strange writing to you after all this time and i honestly feel appalled at my behavior as a mother	0
1727	i went to the church function instead feeling pretty lame	3
1728	i still feel happy whenever i think of that	2
1729	i feel for her i am glad that it was a starter that allowed us to interact and be what we are today	2
1730	i used to always feel jealous about most things they received from compliments to some valuable stuffs	0
1731	i might push myself little too hard sometimes to feel better but there is no one else out there to do that for me	2
1732	i feel hesitant unsure doubtful of myself	1
1733	i feel proud that illinois is a little ahead	2
1734	i am a very generous person in that i give quality time and make people feel special	2
1735	i can pass test two this time round ill feel much better about the main exams in may next year	2
1736	i was still feeling optimistic at this point	2
1737	i know it s kind of funny that i m feeling hesitant about making fashion from something we use to scent our clothes but it does worry me a bit	1
1738	i seriously still feel so insecure and dreadful that the new guy would suddenly pop back up and change things	1
1739	i feel very dissatisfied with myself	0
1740	i still have cramps plus i get really dizzy when i stand up and my whole body is aching and i just generally feel extremely uncomfortable	1
1741	i know how you feel and im gona try to decribe what i went through as humorous as i possibly can	2
1742	i not feeling as melancholy as i was the other day	3
1743	im feeling bitter towards them god	0
1744	i attended a free individual academic consultation which has helped me manage my time efficiently so i can fit my classwork activities and social life all in one day without feeling completely stressed out	3
1745	im feeling pretty contented too having an instructor to assist me with higher level math again for a while is very helpful	2
1746	i had a feeling you were being sarcastic but ivspirit a href http translatethis	0
1747	i gotta feeling da bul taewuhbeoryeo burn it up i gotta feeling niga ulbujitneun nal ah neoneun wiheomhae gal ttaekkaji gatsseo get away woooo becuz i m cuz i m dangerous b	0
1748	i go to bed feeling very distraught otherwise	1
1749	i still feel disappointed though	3
1750	i feel that the names also reflect on the person as to how dignified it comes together or not dudley dursley cornelius fudge minerva mcgonnagall neville longbottom peter pettigrew oliver wood	2
1751	i sit here feeling blank about this	3
1752	i feel today is any indication of the next week its doubtful that there will be much energy left for more than a low key new years eve party	1
1753	i feeling so uncertain concerned afraid of this person circumstance environment change	1
1754	i feel like people seem to be intimidated by me or this blog	1
1755	i feel bitter but i want to rise up	0
1756	i feel like im in a really strange stage of my life right now as im entering my th year	1
1757	i feel weird this morning	1
1758	i didn t wish to be the president i hardly know these people and i got the feeling that they hated me for being quiet and not smiling	0
1759	i keep seeing facebook updates of friends who get to go and i am feeling rather envious	0
1760	i was already feeling mentally crappy and it was just ridiculous	3
1761	i always feel pressured to socialize or i get eight missed calls and some texts from my host brother in the span of an hour	1
1762	im feeling uncharacteristically gloomy	3
1763	i feel excuse the messy thoughts i cant wait to make new friends im afraid to leave	3
1764	i hate that feeling and its making me antsy and irritable	0
1765	i wanted to make sure i didnt feel rushed getting to century college on friday afternoon	0
1766	i love reading your comments so please feel free to leave them	2
1767	i just feel really needy	3
1768	i feel agitated about it	0
1769	i feel invigorated and energized and ready to go out and save the world	2
1770	i just feel very satisfied and content	2
1771	i personally would gladly pay someone more just to be treated with dignity respect and actually feel like a valued customer	2
1772	i feel like my dream of being a good guitarist and playing with other musicians was just a prideful dream	2
1773	i just finished a long day of work and am feeling a bit sentimental and its been a few weeks so i thought id get on here and write a few words	3
1774	i feel so scared for him	1
1775	i feel i find i felt target blank clasheen by nicola brown a href http keepmeinstitchez	3
1776	i feel disrespected and insulted	0
1777	i grow learn more and mature a little more which really makes me feel a sense of joyful peace within	2
1778	i really love the feel of these lipsticks and these colors are really gorgeous	2
1779	im glad no ones feelings got hurt	3
1780	i cant even get through schindlers list much less see the actual death chambers and feel the ghosts of the tortured around me	0
1781	i just didnt feel like i really got to know him which i feel is why im so unsure of his character	1
1782	i can feel it in my aching bones	3
1783	when i ate a rotten apple	0
1784	i won t feel so shy and ashamed about it	1
1785	i i feel for you rel nofollow add to delicious a href http www	2
1786	i feel welcomed and acknowledged and can nod my head or give h	2
1787	i reflect on the past year i am feeling so blessed	2
1788	i dont know what it is but i have been feeling less paranoid	1
1789	i feel sorry for those who taps and feeds from others good intentions	3
1790	i still feel like a tragic waste	3
1791	i finish a steinbeck i feel invigorated and enriched	2
1792	i was feeling anxious about my yoga homework	1
1793	i am feeling so nothing that i am not even getting agitated anymore	0
1794	i feel way when meet again i ll ask you re doing and you ll say fine ask i m doing and i ll lie i ll say ordinary it s ordinary day	2
1795	i never wanted to be kissed never wanted to break the code but shed stolen that from me and i feel like i lost something i will never get back	3
1796	im feeling easily irritable lately too	0
1797	i made it and enjoyed most of my run but now i m feeling greedy	0
1798	i feel like i cant afford to be afraid to show that i am sometimes weak to allow others to see me as anything less than the strong wife and mom that i feel i am	1
1799	i feel like i lack any real knowledge or skill that would make my photos turn out well more consistently	2
1800	i realized that constantly checking my phone and multitasking made me feel rushed and ragged by the time i reached my destination even if i was talking to someone i really like	0
1801	im feeling indecisive about what i want to do with the rest of my life	1
1802	i normally feel kind of awkward at birthday dinner parties since theres always someone i dont know but not this time	3
1803	i feel like a confused year old that has no control	1
1804	i bought the most expensive pair of shoes ive ever owned on a whim over the weekend and i love them but i feel a remorseful pang every time i look at them	3
1805	i feel a bit strange publishing these beautiful photos	1
1806	i feel that someone is being rude or has wrongly done something to me i lose it	0
1807	i didnt feel terrified	1
1808	i feel heartbroken that a group of my fellow americans fell for the prosecutions fear mongering theory elashis daughter noor said outside the courthouse late monday	3
1809	i keep feeling weird sensations img src http s	1
1810	i am feeling a bit ecstatic about a kinda new clothing business brand sendi	2
1811	i can genuinely say that there isnt much to dislike for me when it comes to this foundation as it stays put and makes my skin look and feel flawless	2
1812	i feel so super not old	2
1813	i feel she was wronged	0
1814	i feel like ive been sooo distracted and i need to regain my focus again	0
1815	i feel more and more dissatisfied with each passing weekend	0
1816	i was feeling all resentful that id been given such a boring assignment and	0
1817	i feel for all those who lost their homes those without power and all from this last bad storm	3
1818	i was beginning to feel fear nevertheless a stubborn person i am i swept the superstition away but i reminded myself to pay extra caution	0
1819	i feel terrible for mrs	3
1820	i feel that there is no way to determine if a machine possesses consciousness and thus whether it is intelligent	2
1821	i was joking around and feeling good and the next hour i would feel horrible	2
1822	i feel like i am very passionate about youtube and so id quite like to explain why i think youtube is the next best thing for entertainment	2
1823	i still couldnt believe that they are in that much pain to not feel happy when other people are celebrating grandiosely	2
1824	i didnt feel pressured to do more or like he wont get anything out of the one day	1
1825	i know the environment i live in we all smile and politely wave but i have my moments of feeling absolutely appalled at how shortsighted people can be	0
1826	i feel somewhat remorseful that i wont be around for this move in weekend but i think its for the better that i do this study if it doesnt seem like a good thing i can always back out and come home to oakland and everyone	3
1827	i look at him and say nicely and friendly well im sorry you feel that way i do apologize to you this angered him more and he stormed out saying i dont need this shit not a good night overall but im off till friday thankfully	0
1828	when my relatives and i were in a car going slowly on a frozen road	1
1829	i feel afraid to write because there are so many thoughts that need to come out	1
1830	i feel very excited after my graduated what kind of lifestyle well have at the same time cafe are going to open but not that soon and we have to think about before a coffee shop what job we have to work as well to me i already fixed and i think youll be soon too	2
1831	i did not feel like i was on the edge and it got to a point where i wasn t bothered about who wins and to hell with it whether this fight will even end	0
1832	i had just eaten a particularly dreadful railway burger and so was feeling irritated before i even read his remarks hence my suggestion that he was only a so called environment secretary	0
1833	tutorial again a fearful feeling came to me when i sat on the chair and looked at my fellow students all around i was really scared that they would ask me some questions or challenge the ideas that i had presented	1
1834	ive been feeling really shitty lately	3
1835	im feeling a little anxious	1
1836	i just feel so wronged and sad that i cant even have the space i want	0
1837	i feel their pain their suffering	3
1838	i feel so honored to have been the one chosen to stand on the sidelines of this journey of his cheering him on and watching him excel and grow into one incredible doctor	2
1839	i feel like the most hated person on the planet for turning brendon down	0
1840	im feeling surprisingly blank about the whole thing not good not bad not happy not sad	3
1841	i completely lose ability to segregate my feelings with my actions is when they are rude and hurtful to their father and my husband who is also my hero and best friend and heart	0
1842	i often times feel helpless in regards to my life s path	1
1843	i don t ever have to fully feel any unpleasant emotion	3
1844	i took part in a football match the referee was extremely partial to the opposite team this stirred up my discontent and anger	0
1845	i feel so fucked up most of the time because not being able to concentrate on anything amp feeling anxiety all the time about everything makes me stressed apathetic amp i cant handle stress at all	0
1846	i feel like i missed out not being born into any particular religion	3
1847	i would feel radiant with confidence that both the baby and i were doing well	2
1848	i got this amazing news from tracy today the final covers only chapters no wonder we were feeling so rushed and it seemed we didnt have enough time	0
1849	i worked thought that it was a good reason to either feel pity for me disgusted at me or more rarely intrigued by me and that was a class of people i didn t care to talk to	0
1850	i really feel very bad	3
1851	i feel called to do and delighted in doing	2
1852	im not sure if all my stuff with andy as in me feeling annoyed at him was just my messed up chemicals	0
1853	i am hating myself at the moment because i feel so hateful to another person	0
1854	i get a good feeling i get a feeling that i never never had before i thought it was so clever sticking a needle in my arm to that song	2
1855	i left the place feeling slightly shaken it s hard to read and hear about such things	1
1856	i feel so weird that it feels like i wanna curse everything and bang my head onto the wall so that my world will be back to its focus	1
1857	i feel everything intensely and emotional and physical distress is a daily part of living with the disability	3
1858	i was feeling especially disillusioned and unhappy allowing the last lines to make the most difference but most this is especially telling of how much my life has changed since i was fourteen how my experiences have altered my perceptions	3
1859	i feel less groggy my trousers were a little looser and truthfully i would rather reach out for a fruit salad then a fully packed sandwich which is going to leave me feeling uncomfortable for the rest of the day	3
1860	i was bitten by a dog	1
1861	i compare your beauty i feel unsure where to begin to angels or nature or what	1
1862	i feel very rich today	2
1863	i feel pleasant although im not keen on the hour shift i have ahead of me	2
1864	i can t relax my heart skips a beat now and then i feel other people s emotions i get irritated when i am pacing around not knowing what i need to do to feel better	0
1865	i just feel so annoyed with the way our economic job market is set up	0
1866	i feel i am too stubborn and resistant for therapy	0
1867	i feel it would be too messy	3
1868	i woke up feeling grouchy and irritable didn t feel settled all day had to remove myself from the patio when the small read his school book and ended up storming out of my own house after discovering he still doesn t flush the toilet	0
1869	i feel most of the time i think i look pretty cute	2
1870	i like you and im feeling generous	2
1871	i feel humiliated by my ignorance and lack of ability to accommodate the other	3
1872	i feel a bit ungrateful that i feel like leaving already once i get everything taken care of laundry packing some winter clothes etc	3
1873	i was a child this song makes me smile because i was brought up the mediterranean because you only love the sea when you feel it in your bones when it makes you frightened and when it surprise you every day somehow so many ways	1
1874	i knew i wanted frosting to decorate the cookies and write a message but was thinking of the cream type frosting which uses butter or shortening and feeling a little hesitant about adding all that fat trans fat no less	1
1875	i dont have enought time and i get tired of being made to feel unimportant	3
1876	i feel so clever recent comments a href http www	2
1877	i feel like supporting a yorkshire team you never know they could be the surprise packet of the round ha ha ha	2
1878	i can t help myself from feeling a bit apprehensive in the meantime	1
1879	i was to worried about them knowing if i was high or not and feeling a little paranoid and i have never never been that type of person that would think and care about what people think about me and would always focus on what i had to do to get to where i needed to get in life	1
1880	i feel no compulsion to bludgeon onlookers with how fabulous i want them to think i am because of the designer labels i was able to acquire	2
1881	i know it signifies him feeling not dangerous secure and relaxed so i don t guess it is causing him any undue stress	0
1882	i always feel slightly embarrassed	3
1883	i still feel defeated	3
1884	i feel so guilty	3
1885	i feel the word rich is accurate to describe texture and color payoff	2
1886	i was at the cinema with my sister and her boyfriend a man sitting beside me started to stroke my leg for a while	1
1887	i feel more determined than ever to not just help people facing these challenges but do my part to change the infrastructure of our society as a whole so this cycle of inequality is put to an end	2
1888	i still feel very emo but its now a bouncy butterflies in my tummy everythings gonna be ok kinda email rather than a feeling shitty emo so	2
1889	i feel more confident and have to think less about what i say on the days i avoid english and read french grammar in the morning	2
1890	i feel i ve had years of being told i m intelligent	2
1891	i woke up this morning to a text from mr c declaring he was walking to work as he typed miles and was therefore feeling virtuous	2
1892	i climbed over that day and awful hump and i feel fabulous	2
1893	i feel joyful inside	2
1894	i need some to hold me to hug me like they love me really love me to be there in quiet to just sit to be there just to stop me doing something stupid it cant be my parents cos i know id just run i cant run from other people i feel rude	0
1895	i feel very happy each time i saw him	2
1896	i want him to feel emotional pain	3
1897	i have trouble not focusing on it not feeling it all throughout the day because i know he s suffering and i know my mom is suffering in a whole other way	3
1898	i feel ugly to my fellow humans	3
1899	i feel like i m not really sure where everything is leading and i d look like a boob if i misrepresent things	2
1900	i was thrilled to have that outcome but because i was feeling so crappy i couldn t even celebrate that until i started feeling better which mainly seems to have occurred with an increased dosage of my thyroid replacement hormone and supplemental estrogen	3
1901	i go i see our flag flying at the turkish schools and i feel very proud	2
1902	i feel so weird about it	1
1903	im feeling homesick for him	3
1904	i look at his sweet little face crying for his mama just wanting me to hold him and love him and i feel so horribly awful for being frustrated with him	3
1905	i am very motivated to learn from the lessons of history because otherwise i feel that we are doomed to repeat the same mistakes	3
1906	i didn t give up blogging but i still feel that i want to make my posts more useful to my readers	2
1907	i feel a bit reluctant to write this	1
1908	i already feel the atmosphere around it seems dangerous	0
1909	i feel a little suspicious	1
1910	i am generally a pretty happy and positive person there are times when the nerves kick in and i am not feeling quite so happy and smiley	2
1911	i feel sure it could be developed into a thrilling piece of theatre	2
1912	i feel that karma punished me because i don t know the meaning of contentment img src http www	3
1913	i remember feeling paranoid	1
1914	i still have a way to go but i am so much closer to the finish line than the start line and that feels amazing	2
1915	i feel angry or resentful all i need do is remind myself that each day sober has been made possible by a fellowship which supports me all the way	0
1916	ive stayed at a few of the trendier hotel in north america and some have a tendency to feel cool and unfriendly	2
1917	ive been feeling a little overwhelmed about the whole thing lately but somehow the small step of finding out where my lectures will be has helped a bit	1
1918	i want to avoid feeling terrified	1
1919	i still feel stressed	0
1920	i woke up feeling cranky this morning	0
1921	i know that i made things sound bleak in the last paragraph but it is moments like these where i do feel very happy that my life has lead me to this point	2
1922	i feel impatient but much thanks to nic she knows how to calm to me down	0
1923	im feeling irritable and sick	0
1924	i didnt feel as isolated from the world as i did during last years holidays	3
1925	im with her most of the time i feel perfectly content	2
1926	i would give up feeling fucked to feel neutral	0
1927	im feeling so jaded right now	3
1928	i hear you loud and clear that this is an important issue for you but in the grand scheme of things i cant help but feel that this is so petty	0
1929	i feel lame even saying it	3
1930	i feel like i m always stressed worried or upset about something	3
1931	i feel angered because it makes me feel like somewhat of a liar	0
1932	once i was caught by thugs aged between	1
1933	i could feel what was going to happen at the very end but it still startled me	1
1934	i feel hated i feel angry i feel very sad i feel like im going to be abandoned i feel angry because i abandoned someone but in reality no one at this age can expect that neither party will be abandoned	0
1935	i feel bore and restless	1
1936	i wrong or ridiculous to feel pissed	0
1937	i hope the nathan and haley fans droop in there as a result of i feel theyll be terribly glad with the result	2
1938	i left the office feeling so relieved	2
1939	i get to feel all virtuous when i do something like whip out my cloth napkin or reusable shopping bag	2
1940	i know that i do not feel repressed or a prisoner by the guidelines of the lds church	3
1941	i feel a bit afraid of not thin and thin i would like to know is elevated thyroid hormone eat less because of the movement to improve the metabolism or drug but that still in the normal range within the distressed in the end because of hyperthyroidism thin or i was really healthy thin	1
1942	i feel absolutely elegant in my white coat and now i have a cheaper version that i m not as worried about getting dirty	2
1943	i feel a bit optimistic some days	2
1944	i live this amorphous lifestyle the less i will be subjected to these feelings but as of now it feels fantastic to be back in the rhythms of working full time	2
1945	i didn t feel very reassured by her tone but i understand this is a big shock and adjustment for everyone	2
1946	i dont know if he ever cheated on me but it does looked like it cause he has known her for years and i appear in his life around that time and it makes me feel mad	0
1947	im with you when your professor looks at you like a spitball when your friend is dying when you cry into your pillow at night when you feel the dangerous tickles of jealousy luring you down into its lair	0
1948	i was feeling a bit annoyed but it didnt really affect me very much	0
1949	i do feel that i need to do something more productive with my days not having the stress of exams has made me feel like i dont have a goal which im working towards if that makes sense	2
1950	i had moved to my own little flat in london and i was struggling to look after myself which made me feel really useless	3
1951	i legitimately feel less intelligent at the end of the day because of how worthless and stupid it all is like how you feel after sitting through a michael bay movie	2
1952	i have a feeling that somehow this week will go quickly which is splendid because i wouldnt have it any other way for my two favorite men await me at the end of the week ryan and andrew bird of course	2
1953	i do find most to be geocentric and i feel we sure do get enough of them	2
1954	i feel so unimportant it sucks	3
1955	i suppose we had these moments of feeling vulnerable together and we laughed a lot and i felt very alive	1
1956	i want to feel happy	2
1957	i found myself feeling so angry	0
1958	i feel so useless when im stuck in those situations	3
1959	first anatomy lesson	0
1960	im feeling exhausted	3
1961	i just feel so useless and utterly worthless	3
1962	i feel uncontrollably agitated and i have no idea why	1
1963	i kept thinking that if i had the right mindset if i put enough effort into pushing away the feelings then i would not be afraid	1
1964	i know all art animals are lame and i feel particularly violent about the crabs	0
1965	i feel hated by jim martin s	0
1966	i am feeling any less submissive	3
1967	i feel deeply humiliated when i read in ari ben menashe s book entitled profits of war mousavi s friend manuchehr ghorbani is was a cia agent	3
1968	i feel like im getting barely as much free time here as i do at oxford	2
1969	i feel so wronged but what can i do	0
1970	i guess i just need to see how it goes so while im feeling very nervous im also very excited	1
1971	im sure that in a couple of months i will be feeling homesick while i skype with my family on thanksgiving and when im working for the first time on december th taiwan has already surprised me with the interesting and enjoyable holidays they have here	3
1972	i went over my feelings she said i am very fearful and conflicted	1
1973	i have no better word to describe the way i feel than heartbroken	3
1974	i am feeling fairly virtuous	2
1975	i would still feel unhappy and sad	3
1976	i was okay but thats an awful feeling to be falling with no way to stop it maybe thats why to this day im so afraid of falling	1
1977	i feel like it only had created in me a more grumpy state at the meanness around me	0
1978	i did say she could but its just a bit annoying and it reminds me that im really unfit and that i have no determination and then i feel really poo and have even less determination so its all a bit of a vicious circle	0
1979	i sometimes feel like the heroine who is never stressed or teary or worn out with all the hardship is pretty shallow	3
1980	i live though it is my husband my children my spirituality my love for nature and my enthusiasm for life that keeps me feeling grounded and happy	2
1981	i need the cantor ministry after you made me feel that they all hated me and supported your views of me	3
1982	i could loose my job i would be so f amp ed for xmas i hate xmas i hate holidays i wish they would go away i feel nervous i feel sad what if i disappoint my family my friends	1
1983	i know it will come next week and i will sit in it relish it love it hate it and feel the hurt	3
1984	i can tell you that i feel oddly vulnerable and disjointed and like i just dont want to come out and play a lot of the time	1
1985	i still have a lot of my normal symptoms sore boobs constant peeing irritability and irrational feelings a superior sniffer and gag reflex etc	2
1986	im still not feeling too keen on the whole billy dee lee triangle thing partly just because im sold now on the whole lee kara thing but partly also because i havent really bought yet that dee has any true interest in lee past raw attraction	2
1987	i think feeling insulted was a good thing maybe if we all felt insulted and made that clear when someone attacks with a racial religious slur even though it is not aimed at you personally those that made the comment might learn something	0
1988	i feel like i have missed out on every single holiday last year so we are hitting it hard this year	3
1989	i don t want anyone to feel inhibited if their bodies are not typical ballet bodies	1
1990	i feel so disgusted and ashamed of myself	0
1991	i like the idea of wearing things that are comfortable and make me feel cute	2
1992	i feel very satisfied to have gone through this challenge	2
1993	i will try not to feel rushed along with others or busy myself with this or that	0
1994	i frantically try to get it done and now feel frantic as i walk in the studio	1
1995	im kind of at a stage whereby im feeling disillusioned about being myself	3
1996	i look in the mirror these days i do think i look pretty but i also feel like i look boring at the same time	3
1997	i am feeling weird and feel wanna know	1
1998	i was feeling very passionate and connected to treating the population of kids with sexually maladaptive behaviors	2
1999	i have a feeling i will be making a few more architecturally inspired window quilts this summer	2
2000	i feel reluctant in applying there because i want to be able to find a company where i know at least one person	1
2001	i sit here to write i start to dig out my feelings and i think that i am afraid to accept the possibility that he might not make it	1
2002	i feel so relieved but at the same time i feel so lost	2
2003	i was feeling pressured but it looked awful to have my make up on and my dark wig and then my eye brows look so light	1
2004	i am feeling tranquil today	2
2005	i wish i had the week off too i feel like a mellow week of tidying and cleaning watching old movies and daytime tv with them	2
2006	i hope you don t run around irrationally killing people when you feel threatened like animals do	1
2007	i said it pops up every once in a while that dread but for the most part i m too busy feeling depressed or elated or a horrible mixture of the two to notice it	3
2008	i wear my perfume i feel elegant and beautiful	2
2009	i often feel very angry seeing these things around	0
2010	i left the meeting feeling a little hesitant about the situation	1
2011	i strongly feel that these are valuable human resources who could actually take the state in the virtuous cycle of development growth prosperity and general well being	2
2012	i cough alot more and feel somewhat irritable at times	0
2013	a scene in a film in which one man repressed another one by concidence	0
2014	i possibly understand what she was feeling i ignored her words ignored my feelings of uneasiness	3
2015	i was feeling wednesday night so i wasn t thrilled to be in training again ha	2
2016	i feel empty inside iphone wallpaper mobile wallpaper a href http www	3
2017	i read said to start kick counts after weeks since movements are not very consistent or reliable before then but i had been feeling fairly strong movements and kicks towards the outside so when it changed i didnt know if it was normal or not	2
2018	i feel quite proud of myself this month as i managed to get through wait for it ten books	2
2019	i listen when he tells me he has an ominous feeling but i ignored him this time because i so wanted to see what was down the trail	3
2020	i always feel as if i take something worthwhile away from it not matter how badly it ended	2
2021	i am so desperate to save her that i feel i will do anything yet i was so skeptical to consider chemo as i was told by her radiation oncologist initally as well as the internist that nasal sarcoma is not chemo sensitive	1
2022	i feel like that wall is boring amp needs a pop of color	3
2023	i woke up feeling terrific today and my head is so clear	2
2024	ive been feeling quite miserable wouldnt be lying	3
2025	i needed but i m feeling greedy	0
2026	i dont work its friday and my pink toenails and i feel especially playful so play we will	2
2027	i as many others are feeling helpless that we as a world can not hold the grieving parents hands especially the mothers and grandmothers of nigeria as they desperately wait for assistance to have their girls return back home safely and let their laughter ring out through their home once again	1
2028	i usually feel energized i just felt exhausted	3
2029	i havent gotten them yet because i still resent paying dollars for a procedure that wasnt fully successful and since i wore glasses for years i feel ive been tortured enough	0
2030	im feeling less annoyed with him	0
2031	i admit to feeling slightly alarmed that her book was also based on olden sarawak and there seemed to be parallel plot lines to the jugra chronicles	1
2032	i was feeling restless no one was home and it was sunny outside	1
2033	i feel paranoid because nobody is saying anything	1
2034	i am feeling so blessed so happy	2
2035	i feel however that this administration is so dangerous i have no moral choice but to speak	0
2036	i feel petty jealousy or anger yesterday in the face of my wifes happiness and our decision to chaperone a trip with my sons school	0
2037	i feel angry alone unwanted vexed irritable all the time	0
2038	i feel a cold coming on or drink a little extra xango juice when i am stiff and sore	0
2039	i really want this challenge to be a fun way for everyone to knock a few games off our backlogs without feeling pressured to reach any certain goals	1
2040	i am feeling grumpy i put this on	0
2041	i was exceptionally hurt by it and i m definitely still feeling the impact when it comes to trusting people	2
2042	i feel really terrific so far	2
2043	i didn t want to tell him because arun has these single line solutions to all my problems that leave me feeling extremely dissatisfied	0
2044	im moved in ive been feeling kind of gloomy	3
2045	i feel terribly burdened to have to deal with the results of it lol	3
2046	i have written i don t know why this would make me feel shy	1
2047	i think about it how harmless that insect is i feel pathetic to be so overpowered by fear	3
2048	i have to have it done but i feel terrified of another intrusion to my body	1
2049	i don t feel resentful i feel guilty	0
2050	i miss our talks our cuddling our kissing and the feelings that you can only share with your beloved	2
2051	im more scared of like dramas or thrillers that are actually capable of happening and so leave me feeling disturbed i	3
2052	i would experience this a number of times later in life but this was my first experience with an icky racism that prevails in all cultures and skin colors around the world it made me feel dirty	3
2053	i had never read the posts i never would have spent the emotional and mental energy to argue with them in my head or feel irritated by them	0
2054	i joke about her leaving me or tell her that i know shes going to fall in love with the city the country the people and never come back theres a place deep in my mind parallel to the empty sick feeling in my stomach that is terrified she really wont come back	1
2055	i have a sick feeling that our hour bus adventure will be in vain	3
2056	i have also known the pain of feeling worthless too broken too scarred to ever span style mso bidi font size	3
2057	i was washing the trees hoping it would do some good and concurrently in the general trajectory of my life feeling more and more suspicious of much of the trappings of christianity and even sometimes maybe just kinda or a lot suspicious of its heart and in my head is this song	1
2058	i feel like nobody is giving me a chance to explain and accept that i am never going to be happy doing what they expect me to do	2
2059	i have to say i feel slightly envious of julian	0
2060	i don t know why that surprises me because whenever i get exercise whether it s working out in my garden or going to the gym i feel terrific afterward which is naturally the reason i don t do it all the time	2
2061	i feel thats a valuable piece of consumer knowledge and one item of many ive added to my good to know stores	2
2062	i am feeling a little weird as i compare this big old number with how young insecure childlike playful silly i feel inside	1
2063	i reply feeling suspicious	1
2064	i was feeling awful friends before i left for my dads	3
2065	im feeling more vulnerable writing about this than i do writing about my melt downs mishaps and toddler challenges	1
2066	i feel proud now	2
2067	i could set all these discouraging feelings free	2
2068	i am mostly feeling contentedly terrified about it all	1
2069	i left feeling quite dissatisfied with the whole thing specifically that she dictated to me that i should be on meds and did not discuss with me why she thought this was necessary nor what other lifestyle options there might be to reduce my risks etc	0
2070	im thinking about death at the moment and feeling really sad because my lovely uncle shaun has died	3
2071	i thought made the room feel playful and kid friendly	2
2072	i wear makeup not only to reflect how beautiful i truly feel on in the inside but also to break the stereotype of the nerdy timid out of the loop woman in the sciences	1
2073	i feel the self pressured expectation to keep up to date with our family events so in order to assuage the guilt here we go	1
2074	i guess yelp wouldnt be a useful website if people only wrote positive reviews so i feel kind of lame about it	3
2075	every time i meet a certain dog that has once bitten me	1
2076	id be less than honest on this blog if i didnt report that im feeling very petty right now	0
2077	i know its not always as great an experience as ive set out here but if youre feeling a bit jaded and would like to remind yourself of what it was about teaching that attracted you in the first place you might like to give it a thought	3
2078	i have been feeling for quite a while that i am just not satisfied with my stash when it comes to blushes	2
2079	i appreciate not having to do it but it feels so strange to be sitting around not packing when a move is so close	1
2080	i feel disgusted just looking at that number	0
2081	i help a lot of people at a later time when i m feeling pissed off with things i might look back at my life and say hey i m not that bad a person	0
2082	i feel agitated i become easily overwhelmed	1
2083	i feel quite privileged because myself and the other foreigners live in a complex known to all as the foreign experts building i dont think im really an expert at anything but if thats how theyd like to call it im fine with it haha	2
2084	i feel about myself is so fucked up	0
2085	i feel as fantastic as a beauty and beast moment would have been i did not go through any magical dramatically lit transformations as i exited the first trimester and emerged in the second	2
2086	ive been thinking about that this morning and realizing that my ordinary life is starting to feel dull	3
2087	i feel it isnt enough times i dont feel respected or special or that this relationship is good for me	2
2088	i understand that every memory is something precious and that i should cherish it but at the moment i feel disgusted at how i had become during that time of my life	0
2089	i came out freaked on the brink of tears feeling angry confused ridiculous small	0
2090	i didnt feel inhibited in my own journal and to tell me that he isnt going to read any more of it	3
2091	i believe in you moment we all feel til then it s one more skeptical song	1
2092	the patient whom i expected to get well suddenly passed away after he showed had his meals	0
2093	im sure ill get through it im just feeling whiney today	3
2094	im feeling a need to revisit my artistic influences	2
2095	i feel the nearness of my beloved grandpa bishop hi grandpa	2
2096	i come home from work too often feeling irritable and it s not fair or loving to dump all that ugliness onto my husband	0
2097	i feel optimistic about the remainder of our time in the military	2
2098	i leave his words feeling doubtful of the naight ever ending	1
2099	im not going to lie ive been feeling rather happy lately which is odd for me since im rarely happy when school is in session	2
2100	i feel less bothered my get the rape stick out of your ass because i think a statement like that says a lot more about the speaker than the target	0
2101	i feel like this was a very productive year for me in that area	2
2102	i feel more mellow again	2
2103	i feel the sting of pain from its teeth but im angered	0
2104	i hope my generation will pass on good values and beliefs to the next generation because i feel that is very important	2
2105	i tend to come away feeling insulted by books that deny them	0
2106	i spent a while in here otherwise i was in my room reading and working in the feeling good handbook or making notes on how to further keep my anger under control once i was discharged	2
2107	i prove myself wrong here i am feeling ugly because i made no attempt to get out of my sleeping clothes oh and my eyebrows	3
2108	i just hope we can help him feel less afraid and more supported and loved	1
2109	i may feel that i am not precious to others	2
2110	i almost always feel fantastic after i exercise so i recommend doing it every day if you can	2
2111	i know it s weird to see me call something review i feel weird saying it myself but i digress	1
2112	i feel so appreciative to have their support	2
2113	i feel like it is cool for now but we wonder when fabolous plans to release his long awaited losos way rise to power album	2
2114	im feeling really lethargic and weird today	3
2115	i feel extremely proud to live in a country where i can help to decide how i want my country run	2
2116	i really do feel unfortunate for the person who has to carrry me	3
2117	i am feeling festive and in the mood to give a gift	2
2118	i started this blog is because i was desperately lonely and i wanted someone to know how i was feeling all of the ugly thoughts and emotions	3
2119	i know that im carrying an obvious prejudice into all of this because of my own feelings about watching them be repeatedly tortured on this topic	0
2120	i have been feeling is any indication on this childs personality then i am petrified	1
2121	im not as mad and upset as i was on day but i feel scared now	1
2122	i feel so lucky that my parents made a point to take us everywhere and anywhere they could	2
2123	when my mother was seriously ill and had to be admitted to the hospital	1
2124	i should be able to head shot someone at the other end of a football field because i feel threatened by them	1
2125	i feel furious about him not leaving	0
2126	i have learned to not take myself seriously enough to feel humiliated	3
2127	i feel weird when yuuki talks to other girls	1
2128	i needed with money that i had occasionally made me feel guilty	3
2129	i feel just complain that companies are becoming too rich because of the taxes imposed upon them	2
2130	i found it to be a deeply moving read and i feel it s a book that should be read twice because there s so much in there you ll discover the second time around which you might ve missed on the first read	3
2131	i worked very hard on holding my technique when i was tired and i feel sure that it is improving	2
2132	i feel empty inside iphone wallpaper mobile wallpaper to your wap folder img src http images	3
2133	i feel reluctant to supply this motion picture a score of stars from	1
2134	i feel like we tortured him that whole time	1
2135	i may have spent the last hours feeling like a tortured soul but on the other side its all sunshine and rainbows	1
2136	i very much enjoyed the build up and the air of suspense and confusion throughout but i cant help but feel dissatisfied by the ending	0
2137	i do not believe guns are the solution to feeling afraid	1
2138	i also chat when i feel frustrated with guys but now i think about my future husband	0
2139	i can feel it physically sort of aching and now im kind of expecting a response i dont know what it would say but ive got a good idea	3
2140	i wont feel resentful or smothered or annoyed	0
2141	i feel like i missed my calling id be a damn good special ed teacher	3
2142	im feeling rather hostile over the whole hostel situation	0
2143	i do eat rawly goodness i feel radiant	2
2144	i feel ecstatic when youre with me mr mrs lightning rod	2
2145	a girl entered in the division where i work and greeted everybody but not me	0
2146	i was worried that it would be awkward and i would feel lonely	3
2147	i am a bit too impractical in thoughts as i feel that makes life less doubtful	1
2148	i feel like if i m too fake with lighting you ll be taken away and not immersed in the story	3
2149	i feel so rude i thought as i dialed my house	0
2150	i will probably just be lazy and lounge around the house and possibly go down to the pool depends how im feeling and what i can be bothered to do its my last day off before i go back to work so yeah	0
2151	during the weekend at home	0
2152	i feel low or exhausted i either watch this movie or listen to this poetry	3
2153	i feel embarrassed looking at wedding dresses	3
2154	i consistently ask myself especially when i am feeling low or having doubts about my future	3
2155	i had to go to the gym so many times this last spring that i just kind of got used to feeling neurotic and then the neurotic feeling kind of went away	1
2156	i dont think that happens a lot so i feel insanely cranky when i couldnt get an ear immediately	0
2157	i would constantly feel agitated	1
2158	i have to visit them every after school and later i have to go tuition and i do not have the time to even study for my exam next week and i have a feeling that i am so going to fail a lot of my subjects and to be blamed for either not concentrating during class or not studying	3
2159	i am feeling so much sadness realising that i have gone through life like this but it is such a celebration that now i no longer have to harden to hide that i am scared from myself and others	1
2160	i feel i begin to compare myself to others what an ugly and painful thing to do	3
2161	i was left feeling embarrassed stupid but i was on a mission to fuel up with coffee is this an excuse	3
2162	i fall off when my uncle hits so i cant imagine what it must feel like to go mph other than cool and possibly painful	2
2163	i have reason to wonder to be confused to feel angered to say youre selfish to say youre cold	0
2164	i was still feelin kind of irritable and funky from the day before but so it goes	0
2165	i feel welcomed by my confidence that i belong here	2
2166	i write these words i feel sweet baby kicks from within and my memory is refreshed i would do anything for this boy	2
2167	i can t wait to get it over with i m not feeling stressed but absolutely hating studying	3
2168	i feel petty for thinking like i have i feel stupid that i let things get to me so easily	0
2169	i know takes a lot of present moment awareness and part will be the challenge of accepting things as they are so i don t set up a feeling of wanting or discontent	3
2170	when they phoned me from greatbritain to tell me that i could go there	2
2171	i was hoping i could rock a bikini with my belly this summer but im not feeling very cute at this stage	2
2172	i bet taylor swift basks in the knowledge that the boys she writes songs about probably feel tortured	1
2173	i do feel weird making an exact replica of someone else work	1
2174	i felt like spock amongst a world of humans it was difficult for me to reciprocate feelings for someone because i was so terrified of being hurt and i refused to let other people into my world	1
2175	in sweden	1
2176	i feel idiotic and wierd in this class	3
2177	i die wont some man make me feel that lifes worthwhile	2
2178	i am not holding in my anger but i am holding it back so that i can still choose with a clearer mind and can feel it without executing someone for something petty	0
2179	i was feeling apprehensive about my journey because i would be using public transportation the whole way	1
2180	i woke up feeling this aching in my heart	3
2181	watching a violent movie	0
2182	i feel like she needs more but shes content so i guess its working along with that shes our little pipsqueak	2
2183	i cant help but feel so helpless	3
2184	i usually have a solution to these kinds of situations but right now i just feel unhappy and run down	3
2185	i would not be bragging about what amounts to a b but i feel very triumphant about it because i had such a struggle in algebra before and would have been thrilled to get a b then	2
2186	i just had a baby i feel crappy about myself and my husband doesn t seem to want to have sex with me as often	3
2187	i dont know that i am feeling fearful	1
2188	i feel that while i was furious with the ra and the mug i was polite to her	0
2189	i feel i hated you despised you yet you can make me happy even when i was sad in a matter of minutes	3
2190	im still feeling pretty gloomy if truth be told	3
2191	i am angry that my employers do not invest in us at all training pay increases bank holidays and it feels like injustice so i feel helpless	1
2192	i couldn t feel positive emotions of any sort	2
2193	i feel i am so strong enough to take this pain thinking how you did me wrong	2
2194	i start to feel annoyed about the whole thing and end up ordering pizza	0
2195	i feel a bit hesitant about the whole thing given my past two experiences and the fact that i m going to start a new novel while i work on my current wip because i feel like it would be cheating to count the words on my current wip even though i m only about words into it	1
2196	i am feeling and it allows me to be distracted from my own life and caught up in someone elses even though theyre not real people	0
2197	i know many young women sometimes feel like their career is much more important than a family but i would like to share with them the fact that they have a biological clock and at a certain time they may wish to have children but can t yet a man can still have children	2
2198	i feel that i have often entertained people by not saying what came to my mind in that moment and instead by making up stories or adding some extras especially because	2
2199	i feel really lucky for everything i have this year a job a roof over my head heat and the ability to give my kids a fun christmas and if i have a little left over i want to pass if forward as the saying goes there but for the grace of god i go	2
2200	i will still feel insecure	1
2201	i didnt let the swim leave me feeling defeated	3
2202	i do not however feel in any way hostile to anyone or capable of violence	0
2203	i feel bad for searching for rule	3
2204	i feel like people are aggravated with me but why	0
2205	i admit to feeling a little foolish when i first arrived	3
2206	i feel irritated useless and hopeless	0
2207	i feel especially strongly about this since i have hated my teeth forever i was one of the unlucky ones who got bad genetics and an even worst orthodontist and pediatric dentist	0
2208	i have played a great set i feel really hesitant to ask	1
2209	i plan to volunteer for red cross helping immigrants and refugees to feel welcomed and accepted in our local community	2
2210	i feel but night time is something utterly charming for me	2
2211	i was starting to feel nervous all this lifetime of fandom and build up and there i stood donning my vip sticker	1
2212	i quit my job in financial services feeling disheartened and disillusioned and i took a complete u turn in my career returning to university and studying something very different from what id been doing in my job	3
2213	i am feeling faithful about my project	2
2214	i feel so impatient when it comes to certain issues	0
2215	i feel that the perpetrator should be punished to the full extent of the law	3
2216	i feel the carefree days of my youth doing the same	2
2217	i feel resentful of him trying to control what i do but i also don t want to do anything rash	0
2218	i feel all depressed	3
2219	i feared would happen with a amp a after last weeks ep is now playing out just as i had pictured it in a way that makes every scene with annie and auggie just make me feel miserable	3
2220	i dunno where that feeling came from and im not terribly keen to feel it again	2
2221	i do feel respected and loved more and more at school and within the community	2
2222	i hate when im refered to that game guitar hero i mean its cool but i got the name kinda before lol and now i feel bitchy so stay the fuck outta my way	0
2223	i am feeling extremely annoyed and restless	0
2224	i go back to that day however and hear jesus words the son of man has authority to forgive sins on earth i feel electrified and doubtful	1
2225	i get the nasty feeling that my posts are boring the pants off everyone	3
2226	i dont really feel his presence but im eager to hear news about him	2
2227	i go to tell someone to feel her kick she gets shy and stops	1
2228	i feel deeply offended by some of the rhetoric and behaviour of some of the apc leaders and i cannot be expected to remain silent in the face of such expressions	0
2229	i feel so blessed and honored that we get to be its parents	2
2230	i feel like all this allergen free cooking is making me way better prepared for christmas because now i have recipes that will accommodate all my family s restrictions	2
2231	i feel bad about that but this last years i started to realize no matter how many friends i have or know it doesnt matter im still a loner	3
2232	i was feeling somewhat defeated and completely at a loss of what to do next	3
2233	i think we ve all known the tyrant he dedicates his whole life to making money so he can use it to feel superior and control those in his life	2
2234	i can t believe i feel so petrified	1
2235	i feel like im almost uh afraid of everything so to speak	1
2236	i feel writing to sell to pander to popular taste just to make money is a sucker s game	2
2237	im slow about this but it does feel weird returning to a home without your mum anymore	1
2238	i feel hated betrayed paranoid childish and hurt	3
2239	i feel very privileged to know each and every one of you	2
2240	i can feel myself slowly uncoiling from the fearful place inside and enjoying the time as i hope he can enjoy it and starting to actually swim around a bit rather than just walk in the water	1
2241	i somehow feel terrified as though if i dare slow down or walk in place to catch my breath billy blanks will jump out of the screen and yell into my face with all his fierceness	1
2242	i am feeling uncertain and insecure and fearful	1
2243	i feel like i am kinda being bitchy to alot of people but whatever	0
2244	i feel like drinkin drinkin angry someones gonna die whiskey and beer les paul a href http farm	0
2245	i be able to look them in the face again without feeling awkward	3
2246	i moved into uni today and i feel so homesick and lonely and useless and part of mes saying fuck it go home and get a job and sod the degree	3
2247	i didnt want aubrey to feel pressured or rushed into baptism but then i realized that she doesnt need to have a perfect knowledge in order to be baptized	1
2248	i think he was feeling playful and lonely cuz he was the only creature in the living room	2
2249	i wasnt sure if i could be concerned when there were people around me feeling incredibly apprehensive some turning back while i may as well have been dancing up the cliff face	1
2250	i am feeling a little skeptical today	1
2251	i awoke an hour after feeling groggy	3
2252	i want to please him but i feel resentful that he doesn t get how exhausted i feel all the time and how painful it is for me when i m not warmed up properly	0
2253	i feel a mad connection with your body and this is how i decided to kick off side a	0
2254	i stopped feeling intimidated when looking at a wod i guess that means i am learning how to find a right balance where to scale down and where to push harder	1
2255	i left feeling hopeful given i had felt some really good twinges releases aaaaaaand	2
2256	i read after watching the film argued that it makes sense for its author to feel so offended by the changes from the truth that were made in the film as it is being used in an attempt to effect real life verdicts	0
2257	i feel at this point i ought to just add my sincere apologies to her for taking so long to commit my tag to my blog and hand over the baton to someone else to run with	2
2258	i was trying to be a friend to him so that he wouldnt feel rejected by me	3
2259	im also pretty close to just exiting out of the window because i feel like this makes me look freakishly neurotic	1
2260	staying alone in the biology building after the dark	1
2261	ive come home for the holidays i feel so much more mellow	2
2262	im feeling a little disillusioned about vision therapy lately	3
2263	i have been staying in the word and memorizing scripture and through this i feel that god is showing me just how ugly my heart is	3
2264	i hurt went on and found someone more worthwhile so why when i cast my mind back to those times does it still make me feel ashamed	3
2265	i feel nervous i dont feel super confident that i have it until i have the trophy	1
2266	im feeling kind of lonely right now even though i just talked to jack sarah and a lot of my other friends	3
2267	i feel there was something divine happening there	2
2268	i finally fell asleep feeling angry useless and still full of anxiety	0
2269	i didn t expect reps to make me ache really especially as i often lift heavier for more reps but i have to say i can feel my muscles aching already	3
2270	i am so thankful that though things are a bit overwhelming he has sent people into our lives to help me not feel so neurotic	1
2271	i feel it is so important to support them with that extra money so they are able to go to a pub for a drink or anywhere else they wish to	2
2272	i feel like being sociable having someone over or going out and chilling somewhere	2
2273	i commented trying to keep my voice reasonably free from the feelings which gripped me i believe were beaten hendricks	3
2274	i finally feel content with life	2
2275	i am feeling that he does i wonder if such a dangerous place could be settled with the mentality that the enmayi have to bring to the possibility	0
2276	i almost feel startled	1
2277	i remind myself or am reminded of my passions and opinions i just feel incredibly agitated and frustrated there is this ball of energy with no channel to travel	1
2278	i know but i m also upset because i increasingly get the feeling that i m a pleasant accessory	2
2279	i dint feel any strong pain yet just cramping which comes and go like what i used to have during menses	2
2280	i not now creative muse feels so low lack words to haiku for haiku heights prompt confession p	3
2281	i feel honoured to have won a few prizes this year in a local photography exhibition and have recently been asked by getty images for quite a number of my photos to be part of their world renowned collection of photographic images	2
2282	i feel suspicious when i see this redundant use of the credential	1
2283	i even got mad at god a little because i feel like im being punished	3
2284	i feel it is important to give my views regarding the events which took place at general synod this last week	2
2285	i feel pressured to come up with something else funny to write about	1
2286	i feel strongly it could be helping people and doing what i am unsure of but it isn t within the us	1
2287	i know but it still feels very unpleasant	3
2288	i wish i didnt feel this afraid to talk to new people	1
2289	i feel the market is in a somewhat dangerous position for traders who end up on the wrong side right now	0
2290	i think about it the worse i feel in his shoes i would be devastated not least because it was as far as he was concerned sort of out of the blue	3
2291	i it did not feel sincere	2
2292	i can feel the pain and remember that im in here thats when i can relax a little and breathe normally and calm myself down	2
2293	i feel like i have gone for broke	3
2294	i woke up feeling listless and dehydrated from a weekend that included a strip club tackle football hours of binge drinking and a hockey game so i decided not to go to work	3
2295	i tuck the fear back into a quiet chamber of my heart to ponder it for another day when i am feeling less brave	2
2296	i was feeling stressed and a little lonely earlier and now i feel stressed lonely and sick	3
2297	i slow a bit to stay with him partly because i am feeling like if i start to win he will just give up and partly because i am afraid that if i push it he will kill himself trying to stay with me	1
2298	i feel the earth move tribute to carole king karaoke mix bewertung rel nofollow target blank	3
2299	i feel like an ass when i have to ask someone what their delicious looking dessert is made of	2
2300	i feel as though my own snowglobe is being shaken and im still flying through the air	1
2301	i mustered up energy to feel christmassy i remember feeling kind of pissed off at the bad timing of everything	0
2302	i feeling so low now	3
2303	i feel a bit insulted by that as i am nothing like other women i bloody hate them and their incessant bitching in general over bloody nothing most of the time	0
2304	i feel like a soda in a can shaken turbulently and flew violently out of its container the moment it felt air exchanging its freedom to you	1
2305	i feel very hostile at the thought of taking out my credit card	0
2306	i feel insecure and lack of confidence	1
2307	i have been aware of one traumatic memory that has been surfacing on and off leaving me feeling nauseas and gently terrified always	1
2308	ive been feeling disgusted and ashamed	0
2309	i have exactly weeks to train and prepare which is perfect and so now with week one almost done im feeling excited and trying not to get too nervous as i look ahead at some of the longer runs on the schedule	2
2310	im feeling wimpy about this i know a one year old who has been sent to the old country for a year so the parents can work	1
2311	im not taking naps during the day i havent really been feeling sleep deprived during the day and ive cut my caffeine intake to a third of what it used to be since coming back from the uk	3
2312	i feel foolish	3
2313	i feel agitated annoyed and i see feel the darkness everywhere	1
2314	i think unconsciously subconsciously i feel like a vile vile being	0
2315	i will close my eyes and recite the following mantra every day and whenever i m feeling unsure frustrated or shiftless with my progress towards my top body	1
2316	i feel sooo soo lucky	2
2317	i feel super warm and nice so i smile or i cry	2
2318	i try to speak up stand up for myself or simply try to insert myself into a conversation i feel selfish like an attention whore	0
2319	i was feeling i half joked ive been undressing you with my eyes for months already the rest of me is eager to share in the fun	2
2320	i feel jealous when i know he go out with other women	0
2321	i feel they re going to strengthen the divas division with even more talented female wrestlers and then we re gonna see things shake up more	2
2322	i have had a few days off work and i am feeling very relaxed and lucky to share and enjoy them with my hubby	2
2323	ill feel uncomfortable although i always heard people or friends around calling their loved one honey babe my angel darling peaches pickle gt	1
2324	i am not actively seeking gods heart i feel lethargic directionless and slow when it comes to who i see god as and even more so how i think god sees me	3
2325	i feel like i m in some weird limbo between childhood and adulthood	1
2326	i feel irritable like no other and running will def cure that	0
2327	i dont drink green charged water for a few days i feel irritable and disoriented	0
2328	im feeling a bit jaded	3
2329	i feel extremely awkward when they interview people for my job	3
2330	i feel pleased with myself when i see you proud of me	2
2331	i feel resentful that i have too	0
2332	i would then plunge into the icy depths feeling invigorated and invincible	2
2333	i feel it s so obnoxious another vocab word	0
2334	i feel completely blessed to have such wonderful family and friends	2
2335	i have to feel whiney when i m just today one week out of surgery major abdominal surgery	3
2336	i remember feeling impatient with the endless and convoluted fairy tale that was told throughout the book	0
2337	i will admit that i do feel a little envious when i hear of young writers who do so well	0
2338	i don t look beefy even though i m older now i feel dirty i feel like no one would like me because i m no one	3
2339	i feel like i missed out a bit in not reading this series in order	3
2340	i don t i risk feeling vulnerable the feeling that everyone is staring at me and examining every little dimple in my thigh and sag in my arm	1
2341	i do love making them feel welcomed and excited about starting high school	2
2342	i apologize to anyone who may feel i have been a neglectful slacker mcslackerson	3
2343	i think they enjoyed the event because it made them feel welcomed	2
2344	im so stoned on endorphin that all i can feel is my leg muscles seizing into petrified meat	1
2345	i remember feeling frantic at this point	1
2346	i feel like if you get something really cool you could easily turn it into a finished piece but that s kind of up to what you get out of the two hours	2
2347	im still feeling terrible even though ive had some good days	3
2348	i was most stressed about have finally come to an end and i feel relieved	2
2349	i hoped he didn t feel the shiver that ran through me but maybe he did i was startled when he pulled away from me	1
2350	i am drawn to totally solid neutral bags in black and brown throw in a vibrant patent red and maybe if i m feeling dangerous a metallic clutch but that s usually the most adventurous i get with my accessories	0
2351	i feel like im some troubled sad anti social person	3
2352	i feel kinda worthless and unwanted at times cuz ive always felt that im the ugliest among all my friends cuz they are so freaking pretty oh dayummm like forever feeling inferior and stuff la	3
2353	i just make assumptions based on what i see think feel i ve wondered this before with strange things	1
2354	i ignore her once shell keep trying and trying and trying till i break down and feel horrible about myself	3
2355	i drive home i feel like a petty thief having just stolen the exposures crudely stuck in my camera from the ancients	0
2356	i refuse to let myself feel bitter about the small sacrifices we have to make	0
2357	im zooming right through the second trimester and i feel fantastic just as i did with trinity	2
2358	i feel uptight is it any wonder i dont know whats right	1
2359	i sooooo understand feeling like an ugly brown pair of shoes in a world of designer tuxedos complete with diamond cufflinks	3
2360	i feel like the fans see the girls as wimpy and not as good as the guys	1
2361	ive also begun going through a round of self edits on the first episode of season three and im feeling quite thrilled with how its fitting together	2
2362	i feel so dull and inadequate around big house but such a constrained extrovert in my own home	3
2363	i noticed earlier not involved in the group s turn to speak in front of the class and you could feel how nervous he was	1
2364	i am missing some very important information or anything please feel free to post comments below because even though i have been interested in the style for years i have only been wearing the style and officially in the community for about a year and a half	2
2365	i feel annoyed img class aligncenter size full wp image src http mrdanbaird	0
2366	ive been feeling particularly thankful for my husband which is a sure sign i have a brain tumor or something terribly amiss with my noodle	2
2367	i would not hurt you or make you feel pain i would not have been so vain	3
2368	im feeling intimidated by my own achievements	1
2369	i feel really blessed	2
2370	i feel honored to have that kind of support	2
2371	i feel low just thinking about my motherland gives me a fresh boost of energy	3
2372	i feel fucked tape last year make sure you get this	0
2373	i feel like i can play with the work more than if it was trying to be some precious expensive masterpiece	2
2374	i feel like they would only mask or dull the problems instead of help me work my way through them	3
2375	i miss her so much every moment but now i feel like i miss her even more like she is as far away as she has ever been because i am so distracted	0
2376	i feel the need to knock one of my beloved darlings off of my list to make room for hugh laurie aka dr	2
2377	i had already gone on my morning run with gyp and was feeling fairly energetic	2
2378	i take a long sip and feel the cold sensation of the iced capp	0
2379	i feel really thrilled to learn	2
2380	i dont know if i should feel dismayed or pleased that he tells me that they have just taken on new staff first time in years	3
2381	i do this if i allow myself to sit in this cycle today i will cause a nasty big blow up fight in public and i will feel humiliated and proven right that i am an unstable bad person	3
2382	i had not yet gotten married and that coupled with the pressures of being a senior pastor coupled with the reality of my glaring inexperience made me feel quite stressed	0
2383	i feel soooo impatient	0
2384	i know at least one other person besides myself was feeling nervous and anxious about getting started	1
2385	i might start feeling nervous tomorrow but im not sure	1
2386	i wasnt feeling so ashamed that i spent a whole lotta time and precious energy doing this mind you	3
2387	i did feel scared now	1
2388	ive also made it with both sugar measurements but i feel like cup is just too sweet for me	2
2389	i remember feeling outraged to my core when i read a particularly heinous series of articles in the friday times where else if not this paper	0
2390	im desperately trying to stay away from black so i really am feeling proud whenever i put together a colourful outfit	2
2391	i am able to write a full letter in insular minuscule and i will probably never have the skill of xviith century writing masters such as maria strick or jan van den velde but i feel that learning a craft is a worthwhile effort in and for itself	2
2392	i possibly feel foolish for	3
2393	when i first heard i like you from my boyfriend	2
2394	i still feel so irritable every day	0
2395	i like to be comfortable and usually silence helps although at times i absolutely need music and a couple of hours off just so that i don t feel rushed	0
2396	i wasnt feeling that playful or that drunk	2
2397	i feel very helpless and even useless	3
2398	i reali feel glad	2
2399	i honestly loved this place and felt pretty comfortable here but after this i don t really know how to feel the school has taken action to help me get through this unfortunate situation which i am really happy about because i wasn t expecting any support	3
2400	i cant stop talking even though im already feel weird uncomfortable feeling swarming me but still my mouth keeps saying unnecessary word	1
2401	i almost feel greedy with my rd child when so many people i know are working so hard for or	0
2402	i think you only ask for help to make me feel useful and help me gain some perspective	2
2403	i can really truly only say that i feel that i am passionate about teaching	2
2404	i started feeling like i was being paranoid since it kept happening	1
2405	i do not like exposing myself because i end up feeling vulnerable	1
2406	i love my increased intense feeling of connection to the divine	2
2407	im sure ive got it right and my state of unencumberedness despite many years of feeling like i couldnt keep up anybody else is causing me to see my life as charmed	2
2408	i feel ashamed to tell somebody that	3
2409	im so afraid that im bipolar because that feels too much like being like that kids i hated in th grade the kids who nearly drove me to suicide for the first time in my life	3
2410	i always love working with different designers for the first time especially when i feel they are talented innovative and fun	2
2411	i made this i felt some relief from the fear and anxiety but i started feeling pissed again with a whole new set of memories	0
2412	im feeling pretty guilty for not even being in the library whilst writing this so imma get my stuff together and dramatically exclaim	3
2413	i have to tell you that i feel insulted	0
2414	i alive i feel so defeated with this issue	3
2415	i feel horrible they wrote again and again personifying an act they were not the cause of it was their progeny who should be genuflecting at her the wronged woman s feet	3
2416	i have been neglecting the feeling of people around me i was stubborn	0
2417	i feel like i only get mad if i think someones doing something thats really unjust	0
2418	i have not read any of the books but i feel sure that there is one man in the moon at least if not more	2
2419	i feel paranoid that every time i log onto facebook or attend church that im about to find out yet another friend is pregnant	1
2420	i feel a bit frustrated with myself as i know i m not getting out of my dogs in the ring or at training if i m honest at moment due to me but i ll continue to do the remaining shows i ve entered until the end of july as long as we re all enjoying it	0
2421	i would still feel weird	1
2422	i feel like a horrible rotten person for thinking that this is the most isolating thing a woman can go through and some days being tough is not an option	3
2423	i feel i feel ok and then i wake up	2
2424	i was feeling awfully indecisive this morning when i started to think about what i wanted to do to get my heart pumpin	1
2425	i don t want to feel resigned to the typically american life and i know a lot of others aren t happy with that either	3
2426	i know you feel supporting an inept city manager who has cost the tax payers millions already with his bungling is important	2
2427	i remember feeling uncertain about what to say well erm we are trying and my period is due this week so erm	1
2428	i just feel you so so dont be afraid naega deo apaya hae and pray again dasi neol chajeul su itge sigani heureulsurok gaseumi apawa i need you go back in time dan hanbeon manirado forgive my sins wo doedollil suman itdamyeon i gotong ttawin naegen so so sloth	1
2429	i feel so vulnerable i need to have a mask on to go into the world or if my desire is caused by a need to divert attention or cover up weakness i should probably be making more constructive use of my time than trying to look pretty	1
2430	a few monthe ago	0
2431	i can flirt along with the best of em and i rarely if ever feel intimidated by male identifying folks or the idea of striking up a conversation with them regardless of how hopelessly attracted i am to them	1
2432	i feel this is very dangerous	0
2433	i often find myself feeling assaulted by a multitude of sense impressions	3
2434	i am left feeling like the greedy bastard and i hate it	0
2435	i feel strong style color black line height	2
2436	i feel kind of uncomfortable as i m about to write a not so favorable review about starters	1
2437	i like to know just because i hate feeling like the drama doesn t know but in this case i feel like there s so much territory to mine that i m content to enjoy the ride	2
2438	im feeling passionate about in my own home	2
2439	i do not know what to do in my current space to make myself feel more comfortable	2
2440	i feel like im a hateful person sometimes	0
2441	i feel very distraught tonight	1
2442	im feelin spiteful so well actually visit my house to watch rally finland	0
2443	i came away from the experience feeling rather confused and it left a sour taste in my mouth	1
2444	i feel dumb packing when i can t even get a straight answer about whether or not i m actually going to be able to move somewhere	3
2445	i went into that feeling more than a little bit scared as my running training to date had been almost non existent	1
2446	i now can t help but feel like i ve been sloughed over like an unwelcome burden kathumped on the ground	3
2447	i cannot help but feel a bit anxious on how this delivery will go hopefully another vbac if all goes as planned	1
2448	im feeling a bit stressed by the sheer numbers button pressing enthusiasts gathering around my bike	0
2449	i am feeling fine today and felt fine yesterday	2
2450	i feel like i missed the point with this book and therefore i feel kind of dumb	3
2451	i feel so uncertain about everything right now	1
2452	i just feel really irritable and everything drives me insane	0
2453	i really hope you like my card and feel inspired to make christmas cards and a href http papermakeupstamps	2
2454	occured while preparing for a midterm in social welfare that i thought was going to be very hard and felt unprepared for	1
2455	i feel pretty weird about that considering what my friends and colleagues in nyc and new jersey are going through but it s just the reality	1
2456	i have even a time or two found myself feeling a bit jealous of the mothers who had perfect babies who have been sleeping through the night since they were three months old and speaking in sentences by age two	0
2457	i realized this weekend that i am feeling somewhat apprehensive about this surgery	1
2458	i feel kinda idiotic because i talked to the bass player shahzad ismaily when i got two shirts and i didnt say anything to him	3
2459	i wake up and i open up my eyes i feel an aching in my heart that s when i realize	3
2460	i feel i just couldn t be bothered with some of the things that used to keep me up at night	0
2461	i feel that the world is a tragic and woeful place to live in	3
2462	i am no longer red it feels weird	1
2463	i just couldnt shake the feeling that he is being left out somehow and i sort of hated that i had done this to him	0
2464	i put forward to all their social diktats make them feel i am rebellious towards their authority	0
2465	i feel jealous of everyone who has the chance to meet you everyday	0
2466	i didnt feel threatened at all by the people like i would have for the first minutes walking in indonesia	1
2467	i know people usually feel devastated when someone they know dies the fact that they didnt invite me to the funeral has hurt a lot	3
2468	i am saying that i am feeling helpless now that i have to walk on toes	1
2469	im feeling pressured because it is crunch time with looming deadlines once i hit the airport thursday i know ill be too busy to worry with the other items for a few days	1
2470	im starting to think we may need to have to put a big sign on our door telling them so at least that would save me from feeling rude	0
2471	i was feeling apprehensive about my life as a student i felt like i couldnt succeed wouldnt succeed could never succeed	1
2472	i feel shamed mentioning the fact that i owned a nokia	3
2473	i feel like having read ulysses is a club of really smart and fun people and i want to join that club	2
2474	i have been writing and playing too which feels quite wonderful	2
2475	i am not an expert i am simply a filmmaker and i feel really uncomfortable speaking from a level higher than the audience especially when there are often real experts in the audience who know much more about medical and radiation issues than i do	1
2476	i was feeling frustrated somewhere between season and season of ccs anime and found the anipike website and that there were fanfictions written about ccs characters	0
2477	i feel so useless and idle	3
2478	i feel pretty content i feel pretty content	2
2479	ive seen the way serina feels strange if shes not being useful and it sure helps that the cleaner is pretty expensive and not having to pay that money would be pretty great	1
2480	i feel pathetic and am asking myself how i could even let things get to that point but i did	3
2481	i am so jealous im always jealous when he has fun without me and i fucking hate it i feel pathetic	3
2482	i coaxed myself up onto a high horse reminding myself how gratuitously and nastily homophobic stand up comedy tends to be and how even if sam kinison s semi famous friend or his opening acts did not happen to fit that bill i still didn t feel like supporting the industry	2
2483	i have a desk job and sit on my ass all day long so sometimes i feel paranoid that i m not being active enough and think things like dear god what if i get so fat that i can never lose the baby weight	1
2484	i feel like such a confused person lately sigh	1
2485	im feeling cranky im very defensive about it	0
2486	i often feel dissatisfied with such discussions partly because of the persistent everyone is beautiful nonsense but partly because they rarely go past the effects of advertising on body image	0
2487	i have nothnig to say im just feeling giggly as someoen on lauging gas	2
2488	i feel intelligent on the outside in comparison to most people i know though i feel so empty on the inside	2
2489	i am feeling like i need to add this photo to my if he wasn t rich she wouldn t be with him a title there is no way this man would have this chick if he wasn t rich biggie kevin hart wiz khalifa bu thaim and jay z href http www	2
2490	ive planned and there are still days when i feel stressed to the point of tears and helpless but the good far outweighs the bad and i can honestly say that im happy in this moment	0
2491	i generally feel just hopeful enough to get by	2
2492	i am still spinning from all the activities but also feeling invigorated and excited by all the demos talks panel discussions exhibitions conversations the art fair the communal meals the art exchange the books the vendor room	2
2493	i get involved into a tale of good versus evil i want to feel afraid of the dark to a certain extent	1
2494	i asked whether if he feel shy around me he said no and he say because im a very active person	1
2495	i feel embarrassment and shame of being victimized	3
2496	i feel offended when friends especially married friends somehow judge me for not being married yet	0
2497	i had this feeling that i would be welcomed by the art scene here	2
2498	im under a lot of stress and feeling overwhelmed	1
2499	i never want to diminish the pain ocd has placed on peoples shoulders and so i speak only for myself when i say there is and has been worse to go through than the burden i feel i think to watch my children starve suffer or be tortured would be much worse	1
2500	i feel more self assured and confident in my abilities	2
2501	i just feel left out hated extra	0
2502	i don t feel insulted because it doesn t sound insulting at all	0
2503	i feel pissed my friend didnt offer me a soda	0
2504	i am no i feel melancholy despondent often angry	3
2505	i cant even tell you how refreshed i feel exhausted	3
2506	im feeling somewhat sleep deprived and dreading my alarm going off tomorrow morning	3
2507	i feel our relationship is more divine and informal	2
2508	i have a feeling she wasnt innocent in this	2
2509	i feel disgusted c kj rel bookmark class permalink nov middot	0
2510	i thought i hope our vanquished england failures are watching this and feeling very envious and determined to do everything to improve and maybe one day do something similar before i die	0
2511	i feel so happy today me so	2
2512	i was feeling really rotten	3
2513	i feel ugly today	3
2514	im wrong but i have a feeling the studio was reluctant to give clint money to fund a movie from the perspective of the japanese	1
2515	i was in control and now i feel that i have lost it	3
2516	i struggled to feel any empathy for any of the characters the main characters anyway while the supporting cast were much more interesting in some ways	2
2517	i learned from him that being rich and feeling rich are two different things	2
2518	i look upon one of the main reasons wherefore guys feel that they have to one or the other be rich or have some crazy ableness or be a jerk to breed women is because that is which we see whenever we look forward television or on any other indulgent of media	2
2519	i have loved not feeling rushed here	0
2520	i think that for as much as i could feel myself trying to hide it my face must have betrayed the fact that i was none too pleased about being woken at such ungodly hour in the afternoon	2
2521	ive got a feeling that yesubais story sets up everything that happens in this world and im hopeful that all these horrible things she goes through brings around some kind of goodness	2
2522	im feeling kinda shaky my mind is full of doubt good luck love you	1
2523	i am surprised no one is feeling repressed misrepresented or offended by it	3
2524	i am feeling a bit groggy today	3
2525	i feel it when i get hurt on little things	3
2526	i sci makes you feel like the earth and life as we know it is doomed	3
2527	i just mentioned i m feeling kind of stress free right now	2
2528	im feeling really annoyed today	0
2529	i was still feeling terrible sore throat body aches stuffy nose congested etc	3
2530	i am hoping i am still feeling playful in a few days	2
2531	i can give some support to these young people i feel like i m doing something worthwhile	2
2532	i do feel picoult is a talented writer the subject matter put me in a state of depression	2
2533	i feel lonely a class post count link href http sporkgasm	3
2534	im still feeling a bit shaken	1
2535	i feel annoyed at the fact that i m three weeks out of chemotherapy and i m getting annoying pinching niggles in my back	0
2536	i think of these folks when i am feeling miserable for having to acknowledge i must actually do something to make the world a better place	3
2537	i am again in the same place waiting and i cant help but feel i am waiting in joyful hope	2
2538	i feel for these people they are some of the smartest most talented people i have ever met	2
2539	i feel cool calm and collected	2
2540	i feel uncomfortable depending on my partner to meet my needs	1
2541	i sometimes feel i am being stubborn not out of spite but rather in spite of myself	0
2542	i feel agitated right on through	1
2543	i had to do was heal they said and i was feeling pretty hopeful about that	2
2544	i feel are flawless while they slowly declined in quality after that	2
2545	i feel like i am nothing but pathetic	3
2546	i was blessed but in some ways i feel like im being tortured by divinity	1
2547	i was like that too before i really heck care about having nice feeds and post whatever photos i feel like they only comment on cool peoples photos	2
2548	i feel proud about her	2
2549	i always feel pressured to act normal with my eating around family at christmas so yeah ill need to lose weight to be comfortable eating dessert and stuff then	1
2550	i went to pick up the kids feeling scared and trembly and very self critical for my stupidity	1
2551	i feel like a beaten pi ata spewing unhealthy emotions and defeat	3
2552	i just feel really pissed off actually and stressed	0
2553	i hate that colby wasnt feeling well that day but im very thankful that he is feeling better now	2
2554	im gonna end up pressuring myself and feeling really disappointed when i get to doing the actual thing and its on tuesday and i really should study but i cant jhbdjhdfbjdfhbfd or maybe when i get off this comp ill go start typing stuff up	3
2555	i feel soo dull these days	3
2556	i don t want to go home to toronto and feel like a nobody tortured artist loser for two weeks and smoke pot alone in my bedroom and watch degrassi junior high and then weep	1
2557	i actually begin to feel sorry for him that he has settled for someone like me for life	3
2558	i was feeling so angry so upset that i just want to run away	0
2559	i feel uncomfortable when i need to sit through a bad presentations	1
2560	i feel like i m running out of breath and i just can t be cool enough to do anything else	2
2561	i always feel this tangle in my stomach i never just feel content and wanted	2
2562	i feel super reassured or that until i move on from this	2
2563	im happy to report that im not feeling too petty these days mostly because there have been countless examples lately showing me how irrational a woman reaching adulthood and some who should all ready be there can actually concieve	0
2564	i expect fast food sales to rise a smidgen a negligible blip and for someone to be benched and half of the people to feel jubilant and about the same number to either feel let down or house their disappointments in hopes for the next season	2
2565	i watched him run by i couldnt help but feel envious	0
2566	i guess ive heard enough over the two months because each time i hear such comments i honestly feel offended	0
2567	i pictured a twin set of copper pipes running through me somewhere and while i was cool when i contemplated the one that flowed outward it made me feel weird to think about the other one	1
2568	i feel freaked like im not safe anywhere i run	2
2569	i didnt feel threatened or concerned really but i wasnt entirely happy about the situation either perhaps instinctively because im usually quite prepared even pleased to speak to a passer by	1
2570	im tired of feeling lethargic and im hungry and im going to eat this bread and the sausage and the entire chocolate bar the minute i get home	3
2571	i was feeling like death was knocking on my door in the living room and i would have gladly welcomed an epidural at this point	2
2572	i feel stupid using this name	3
2573	i feel so privileged to be part of this and in my own way keep some of the traditional skills alive of course with a little ballistic owl magic	2
2574	ive not been back to the doctor in a year and it feels so fabulous	2
2575	i feel offended by those books in which they take you for an idiot thats a tv reality attitude	0
2576	i can just feel all of our stress and discontent levels rising	3
2577	i set off to drive back to derbyshire on friday afternoon i felt so emotional and suddenly didnt want to leave its a funny feeling being homesick for a place before youre even out of the county borders but it does make going back all the more special	3
2578	i feel dirty if i dont	3
2579	i don t just mean that the sensations we experience influence our moods i m not simply pointing out that say discomfort in our bodies makes us feel irritable	0
2580	i feel very passionate about my future career choices within the video gaming industry	2
2581	i remember feeling a bit confused and really questioned her saying that to me	1
2582	i feel like im doing something slightly productive even if i have zero follicles in there	2
2583	i was feeling like a beluga whale and quite grouchy	0
2584	when it became clear that a man had used many people sexually and psychologically	0
2585	im feeling wimpy and whiny and generally tired	1
2586	im feeling resolved	2
2587	i love my family and i have such a wonderful life so writing all of this down and complaining makes me feel ungrateful	3
2588	i get to feel virtuous in comparison to him but i don t really have to put out	2
2589	i feel that is how we can be safe to be ourselves and trust	2
2590	i feel that this was their mistake and they are just being rude	0
2591	i didn t feel overly drained	3
2592	i know that this lady is a real athlete but this morning i am not thinking of her athletic abilities i am feeling that i am so pleased that it is jonti and her that are doing this long event and not me	2
2593	i am thrilled with the way my skin and hair feel if you are like me you are skeptical	1
2594	i get to purchase the best fruit the shop gets to reuse their bags and i feel virtuous about walking out of the shop without a scrap of new plastic the bag in the picture is old and well loved	2
2595	i sat there feeling frustrated that i didnt know about some of the different things ashton and isaac could have been involved in why werent the boys pro active about getting involved in more things and getting more awards	0
2596	id like to be less afraid to say how i really feel less afraid to travel	1
2597	i was feeling pretty wimpy in it	1
2598	i feel his innocent and loving breath on my neck	2
2599	i am sitting here feeling pretty miserable at the moment	3
2600	im feeling quite adventurous and tried out those drinks that i just normally read through the pages of pocketbooks	2
2601	when i was ten i got shut in the school with a friend i had to jump out of a window and cross a beam metres high	1
2602	i hate feeling this pathetic	3
2603	i feel so cranky and disconnected	0
2604	i feel suspicious of innanimate objects and as though my house is actually the set of a play or a movie or some kind of model of itself and how did i come to be here and why is that carpet looking up at me like that	1
2605	i finally feel like im getting treatment for my injury and that im not being punished for having been injured during an assault	3
2606	i feel like im being punished and it makes me sad stressed worried	3
2607	i am feeling a little sarcastic today	0
2608	i empathize with the feeling of being dissatisfied not where i want to be but no i dont feel that way	0
2609	i was feeling really invigorated by the process	2
2610	i needed to get all that out of my head and onto a screen where i can come and reread it later to see that while we have numerous blessings there are some challenges and that its okay for me to feel overwhelmed at times	1
2611	i have a feeling that id pick up some of the artistic skills there too	2
2612	im happy to say im feeling so much more creative than i have in a long time	2
2613	im going to sit and crochet some more squares and try not to feel alarmed at the amount of them i need to do before these babies are born	1
2614	i know how old people feel when they have greedy family members who are trying to take their stuff before they even pass on	0
2615	i was feeling grumpy not women problems grumpy but five year old i want to get my way kind of grumpy you don t think there s a difference	0
2616	i wouldn t feel as offended as i do now because the sign would be accurate	0
2617	i feel shaken open as though my heart were broken into and there are no words to speak	1
2618	i will get an angled face brush or the eco tools blush brush again and lightly sweep muas pressed powder into the hollows of my cheeks up into my temples and when im feeling brave maybe a little down my nose and on my chin	2
2619	i feel like if i ask them to stay for me then im being the selfish one even though they are the ones making plans that they know i cant do with them	0
2620	i get the feeling im watching to see charlie be charming and zen rather than because i actually care what hes going through	2
2621	i hope you get that butterflies feeling again one day because it was really fantastic	2
2622	i tackle political ideas only when something makes me feel angry and even then it is often personal	0
2623	i remember feeling terrified as a child	1
2624	i feel remorseful for not making the most with them	3
2625	i feel horrible for making everyone else so worried	3
2626	i feel im just so greedy that all i care about is myself	0
2627	i am back in the shire and although it is lovely to be reunited with fields once more i am feeling a bit restless and missing london life	1
2628	i see myself feeling hurt or let down or uncertain	3
2629	i feel a little paranoid that i may forget what ive learnt	1
2630	i feel quite frustrated	0
2631	i also has the meaning of trusting oneself trusting that we have what it takes to know ourselves thoroughly and completely without feeling hopeless without turning against ourselves because of what we see	3
2632	i was feeling kind of rebellious and my post was a little on the	0
2633	im feeling rebellious for the sake of being rebellious	0
2634	i feel drained or do i feel energized	3
2635	i feel that some people don t usually prefer to be truthful and would rather make up many different things and tell lies	2
2636	i feel so pained by a situation or circumstance or i become so frustrated by something that is so out of my control and completely unacceptable that instead of looking like a crazy person running around cursing and screaming i throw a tantrum in my mind	3
2637	i have omitted the link to this article as i feel readers of this blog may be offended by the questionable adult content on the nyps webpage	0
2638	i feel like this is something i can do well and its helped me out of tough spots before	2
2639	i feel a strange disconnect	1
2640	i feel like i am punished for having them too	3
2641	i mean i enjoy feeling pretty with make up on	2
2642	i feel soo disturbed by it	3
2643	i am thankful for not attending therapy but am really no further forward in fact probably feeling more isolated misunderstood and lonely in it	3
2644	i already went out of my way to be as considerate as possible to others but now i feel like i am being abused	3
2645	i rely on certain add ons that are not available to midori that i feel its inadequate	3
2646	i wish i could live here all year round but then it probably would lose the getaway feel that i find so precious	2
2647	i find when i look at things in this way i deal with the situation better and do not feel as agitated	1
2648	i do feel bad	3
2649	i can walk down another street and stop feeling helpless and hopeless	1
2650	im wondering why i feel submissive sometimes more than others because im feeling it	3
2651	i feel rebellious today so i ll leave this as a warning to myself on how radical i can be	0
2652	i also feel pressure to be successful here because of my passion for cal	2
2653	i asked feeling hesitant	1
2654	having unwanted attention paid to me in my place of work harrassment and sexual harrassment by another worker disgusted by his implications	0
2655	i feel time is running out so i m not bothered with myself now	0
2656	im not making some sort of music i feel useless	3
2657	i know i shouldn t compare the relationships but i feel we are so disadvantaged and kept kiddy	3
2658	i feel that uncertain should be a better communicator	1
2659	i have my drive back and am begging to feel a little bit useful again	2
2660	i can not drop this class because then i lose the financial aid for not having enough credits plus i feel like a quitter and im too stubborn for that	0
2661	i feel resentful toward my wife when weeks go by without sex	0
2662	when i heard the news that my grandfather had died	3
2663	i feel awkward and laugh with me when i make mistakes and have open arms for me even though mine sometimes dangle at my sides hesitant	3
2664	i didnt usually feel quite so hated at this hour of the morning	3
2665	i havent felt like the real me in a while so the good feeling is welcomed with open arms	2
2666	i lived with someone living a lie to keep me in the dark feeding me lies and faking feelings so that id be ignorantly complacent until it was no longer convenient for her to have me there	2
2667	im really excited but feel gloomy also because of the weather	3
2668	im feeling deeply overwhelmed by these ordinary tasks	1
2669	i attribute this feeling of melancholy to the bloody	3
2670	i feel as though this class will still be useful because in the end when owning a business you have to spread the word of what your business is about and trying to sell or get done	2
2671	i think the main benefit here is that it wets the surface giving even the earliest strokes something to play against and it also helps get my ass into the deep end of the pool if i am feeling hesitant about where to begin	1
2672	i guess im once again feeling useless and pointless	3
2673	i feel cute and sexy all at once and its not so sheer i feel naked	2
2674	i need when i feel beaten down	3
2675	i go shopping i feel like julia roberts in pretty woman	2
2676	i was catapulted back into feeling more terrified of people than i had been in awhile	1
2677	i am feeling really lousy i take out the diy therapy chart and look up the emotion i am experiencing	3
2678	i had it in my head as it relates to the workplace because i had just been irritable to someone a tiny bit lower in status than myself in response to someone who is higher than me making me feel momentarily pressured	1
2679	i sigh and say im tired and feeling very needy	3
2680	i feel very ignored	3
2681	i cried walking home from a bar feeling as though i was completely ruining the carefree mood or later in the night back at my old apartment to my best friend everything seemed to come crashing down after having fun	2
2682	i feel pretty terrified about letting down all those good people kind enough to support my work	1
2683	i feel so spiteful towards people sometimes just the way they look makes me want to hurt them	0
2684	when i had to come back from my village last christmas	3
2685	i feel it all one of the many standouts from feist s dare i say masterpiece album the reminder broke down the usual barrier between audience and performer	3
2686	i feel so remorseful for that day all those shits i said to you	3
2687	i was feeling really shitty invaded disrespected and i was not even one of the actors victims	3
2688	i thought this was a good idea in that it gave you time to recover if you were feeling nervous or overwhelmed and also gave you the opportunity to make your escape if you felt so inclined	1
2689	i feel agitated thinking about his mother and her supposedly hidden msg	1
2690	i feel extremely drained of energy	3
2691	i feel horrible having to say not right now so often	3
2692	i started feeling joyful again i could push those comments out of my heart and live joyfully again	2
2693	i went through the exam i could feel my heart sink with each unsure answer each flip flop decision and random guess	1
2694	i am lacking sleep a bit but i also feel like i have a blank sheet of paper in front of me in many areas of church life	3
2695	i was a bit more bouncier than usual i didnt feel as grouchy about everything as normal	0
2696	i get to my desk at nine feeling exhausted and tired and grumpy to come home and rush through my to do list and get angry that i havent finished it	3
2697	i get the feeling that the relationship would be more sarcastic than sweet or sure	0
2698	i could even think about it i said uh well most days i feel like im being tortured i want to pull all my hair out and scream so i guess not	0
2699	i feel nervous when i think about going to australia though i feel exited at the same time	1
2700	i have been feeling very stressed these days	0
2701	i feel i am suffering from a bad case of i only want to nap	3
2702	i should feel pissed	0
2703	i am sure everyone of us felt that feeling at least once while some of us might get agitated easily	0
2704	im supposed to be excited about my tattoo today but instead all im feeling is pissed off	0
2705	im sure shes done some writing tonight and is past that amount now but for the moment i can go to bed feeling triumphant and also happy in the knowledge that i havent given in to writing absolute and utter crap just yet and that my story is progressing nicely	2
2706	i began to feel strange i thought to myself here it comes	1
2707	i feel helpless and scared and all of these things i cant describe and i never thought of myself as a control freak but im recognizing that feeding my feelings is my way to control something in the midst of chaos	3
2708	i was feeling a bit shaky and a bit off centre but i think most of that was worrying about things out of my control	1
2709	i feel cold spots	0
2710	i feel so eager to tell you guys what have happened to me these days	2
2711	i feel like making this a stubborn battle of wills	0
2712	i am so happy but yet i feel enraged	0
2713	i dont think he touched my penis but i just remember feeling very helpless and that trust was violated	3
2714	i loved that he was still small enough to ask me for help to feel safe	2
2715	i feel sorry for you guys	3
2716	i feel there are a lot of things that i need want must to do but always somehow got distracted got a call from my crol tl and just told her that couldnt join her as per going to the doc	0
2717	i feel like it skews the kids idea of what is cute and adorable and just encourages annoying behaviors	2
2718	i dont know i have this one feeling that i feel isolated on twitter well nobody were isolating me i just felt like among those who were having convos together im the only one who keep talking about how i am happy the drama ive been following was updating their new episode	3
2719	i got a feeling however are still popular songs	2
2720	i feel very out of place as well	2
2721	i feel like the most moronic naive individual on the face of the planet right now	3
2722	i feel ecstatic just to see you	2
2723	i woke up feeling grumpy tired unhappy and just plain sick of things	0
2724	i know how it feels when i have read someone suffering in pain mentally	3
2725	i see lovers i feel envious i want someone to be there for me	0
2726	im feeling slightly intimidated	1
2727	i am feeling as though i am doing something worthwhile and rewarding i dont feel the need to stay home and hide out with my laptop so much	2
2728	i did feel like their relationship seemed a little rushed though	0
2729	i am baffled hurt that i feel assaulted and unsafe	1
2730	i wanna talk tell you about sycf it stands for singapore youth chinese forum btw and although theres a singapore word inside i feel like the minority there p ok but thats beside the point	2
2731	i am feeling to embarrassed about my body to take my son to the local pool i ll think of this poor woman and just rock the most scandalous piece of swimwear available	3
2732	i needed to feel rebellious	0
2733	i am definitely feeling festive and had to paint my nails a little bit christmassy this weekend	2
2734	i feel exhausted just by writing that	3
2735	i feel stressed frequently	0
2736	i usually start feeling anxious	1
2737	i wake up feeling fearful and helpless	1
2738	i not feel resentful for always putting out more effort then ever receiving	0
2739	i have done quite a bit of traveling together and so know how to keep the other laughing when we re feeling defeated or stressed and the addition of audie and mona only multiplied the laughter	3
2740	i yearn for when i feel vulnerable	1
2741	i feel heartbroken and worried and i have a wicked headache	3
2742	i was feeling pretty satisfied with everything and i was eating fairly well also	2
2743	im not sure why i always feel reluctant to write nutrition health posts but i decided that those days are over	1
2744	i know i shouldn t feel offended but i do	0
2745	i actually answered you pathetic fucking e mails but no thats too fucking easy just call andintrupte what was a wonderful fucking day with you trad trash what the fuck slave he felt the feeling come over him he bagan to shiver and shaken with fear	1
2746	i subconsciously feel a little bashful at the display of nakedness in front of me while watching the maid wipe windows on the outside of the room actually its just her shadow behind the drawn curtains	1
2747	im feeling more fucked up than ive ever had and its nothing to do with my school work	0
2748	i am suggesting is to create a happy environment to live in with your partner the man has to feel like his feelings are just as important as yours	2
2749	i love to be able to say how i feel and i love to be in this complacent spot	2
2750	i get one i feel like i need to either even things out by immediately giving one back or make things even less even by using a comeback as if i was just insulted	0
2751	i am feeling super lazy no screenshots to guide you today p hence read carefully before you proceed	2
2752	im feeling a bit uncertain about the whole poem i think that will remain	1
2753	i wonder if they feel like reluctant leaders	1
2754	im feeling stressed or having a bad day i take a walk or run	0
2755	i let my fingers stroke across his chest to his heart marveling at the feel of him terrified that this is a step too far	1
2756	i walked around my yard and even got down by the waterside of the lake i live by i couldnt feel my fingers it was so cold	0
2757	i bought some three books after feeling disillusioned with the one id brought with me to glasgow	3
2758	i mentioned in that post the colors are very pretty but they feel very uncomfortable on the eyes	1
2759	i can eat soup drink tea and wear sweaters but still feel pleasant when i go outside	2
2760	i feel so neurotic sometimes because usually even if i know we dont have something etc	1
2761	i feel about cool newbie leave a note	2
2762	i guess i feel irritated when great music gets ignored even if it is necessary	0
2763	i feel she s frantic about controlling her message wary of others readings fearful of what meaning they might find and or create in her performance	1
2764	i read new risen throne once said cold amp desolate soundscapes that will leave you feeling utterly scared amp alone yes it is	1
2765	i enjoyed today because hes a darling but its a long time since ive backed a horse and i have to admit to feeling a little hesitant as to where to go from here	1
2766	i feel this is a useful tool in a couples quest to start a family	2
2767	i stepped outside of the house feeling glad to be home again	2
2768	i was in the throes of being brought to the edge i once again felt that same feeling of submissive ownership emotions building	3
2769	i would feel strange describing it but if anyone is interested let me know and i will add it	1
2770	im particularly feeling pressured to act and behave in ways that are culturally accepted and expected of me	1
2771	i should feel ashamed	3
2772	i feel like i am getting fucked	0
2773	i want to do it the right way oh orihime whispered back feeling reassured in his sincerity	2
2774	i even go further these subjects are not interesting to me in anyway because i m relating to them personally some example will be used with imaginary names to protect friend and family identity s please do not feel offended if u see your name	0
2775	a teacher was very blunt in his relation to a child so that the child was very upset when arriving at home	0
2776	im feeling lucky search means you spend less time searching for web pages and more time looking at them	2
2777	i feel really wonderful with his blessings	2
2778	i was waiting an hour after strength training and i would feel really listless after a while	3
2779	i know the effects of my day to day happenings on my serenity are so subtle at times that i end up feeling irritable and discontent without knowing why	0
2780	i feel something like vain because i could raise my score only in years	3
2781	i should say its giving him that sweet little feeling of being fucked	0
2782	i just go into these modes where i want to write then feel disgusted and do not what to write at all	0
2783	i have to admit i was feeling very skeptical	1
2784	i pleading to people and feeling distraught that they dont hear	1
2785	i were to stop there no doubt you d leave feeling dissatisfied	0
2786	i forgive myself that i have accepted adn allowed myself to feel uncertain and inferior the moment someobdy is looking at me as i do physical labour	1
2787	i woke up this morning after hours of interrupted sleep feeling lousy mostly my legs	3
2788	im blocked i could at least be doing something constructive my room needs a major cleaning for instance but i feel agitated if im not at least doing research for this story it does require a lot of research	0
2789	i feel a bit shaky at night lately i ve awoken with this	1
2790	i feel very lucky to have had some alone time with my little one but i am also anxiously awaiting the return of my guys	2
2791	i could understand if a survivor reading this might at first feel offended by my talking about abstract forms of rape	0
2792	i am feeling overwhelmed with excitement and anxiety as i prepare for my flight to florence in a few hours	1
2793	i feel the melancholy running my veins as well	3
2794	im feeling timid six	1
2795	i am tired feeling overwhelmed and it seems like i am being assaulted from every direction i am not always at my best	1
2796	i feel tortured by all this and im not quite sure how to handle it other then getting drunk non stop so as to not feel anything at all	1
2797	i am feeling very unloved	3
2798	i feel so cool cool cool cool cool girl i feel so cool cool cool cool cool girl	2
2799	i feel quite scared about my work life balance if i start to work for ken again	1
2800	i feel like a very impatient mensa member at such times	0
2801	i just remember feeling frantic desperately trying to say what i needed to say to q	1
2802	i hate even doing this because i feel like it s rude but i must say i love the blog it came from and this is no insult to the food photography because i enjoy it	0
2803	i guess i have a right to feel this way but i dont know because lately i havent been a faithful contributing member of the christian faith	2
2804	i was feeling frustrated at work wondering if i am living a life with meaning and purpose	0
2805	i was sleep was vey irritable and feeling paranoid because i work the oncology dpt of a hospital and feeling paranoiud cancer and through chemo	1
2806	i feel paranoid but atleast now i get some comfort with dd she is the only person that i can talk to and not feel lie total crap around she is the nicest kindest most caring person i have ever met and i dont think that i will ever find anyone as great as her in my life	1
2807	ive just spent the last half hour feeling ridiculously angry over insensitive comments from my partner but that all changed a few minutes ago to real pride over how much i have changed	0
2808	i am feeling so remorseful now	3
2809	i feel like she has too she once mentioned she disliked katy perry and dr	3
2810	i keep having all of these wonderful feelings and dreams and i am so terrified that they are bad or harmful or wrong but they are not	1
2811	i am feeling exhausted	3
2812	im so full of life i feel appalled	0
2813	i confess i feel a little apprehensive	1
2814	im here to tell you you arent alone if you feel vulnerable	1
2815	i forgive myself that i have accepted and allowed myself to forget that i decide and thus i was decided to feel groggy this morning	3
2816	i feel like he should have waited for a girl who was less messy	3
2817	i already feel impatient and cancel hyundai tucson last year waiting almost for seven months	0
2818	i know how i sound and i feel lousy about myself for sounding that way and for feeling the way i sound but i made a good contribution at work today and now the chip is on my shoulder when i think about the mistreatment that i have received	3
2819	i wake up ill feel really really mad	0
2820	i dont have much art online that i feel properly represents my skillz an unfortunate scenario i know	3
2821	i feel people are scared of me or given up on me	1
2822	im feeling more energetic less tired and im down two pounds	2
2823	i dont think thats what ill do because i feel its just really awkward	3
2824	i know that is satans plan to make us feel inadequate but i never expected i would actually listen to him	3
2825	i feel smart and needed	2
2826	i feel very listless	3
2827	i am feeling fine apart from being a little tired from being rudley woken up by some noisy drivers	2
2828	i feel joyful when im surprised and joyful when i am surprising someone	2
2829	i feel shy at the fact that i love these inanimate things	1
2830	i really feel like is mostly the culmination of starting to play more clubs and wanting to make more dancefloor friendly stuff and having stuff that has a certain tempo range that fits nicely in that setting	2
2831	i can only have a rest when i feel that i have fully resolved a problem then i can turn my attention towards something else	2
2832	i feel deeply remorseful and regretful	3
2833	ive been feeling more emotional now perhaps because the physical ailments are subsiding	3
2834	i feel i was wronged	0
2835	i was feeling extremely agitated after coming home from china	1
2836	i feel i punished her for caring for me	3
2837	i feel sure the donation would have been rejected	2
2838	i just have to be sure i still remember to keep feeling excited and enjoying what i am already doing along the way	2
2839	i would feel terrified for them and enjoy this movie a little better	1
2840	i know you contributed to my success but i am just feeling petty enough today to ignore those contributions	0
2841	im nervous but feeling passionate	2
2842	i express that same feeling im homophobic boring or in denial	3
2843	i feel this strange sense of importance of life and the world when i stare at the stars all night	1
2844	i have unwashed hair but a new shirt and also the weather is the bomb but i also feel sleep deprived and havent had a diet coke and its am	3
2845	i feel myself uncertain as to the next step to take	1
2846	i felt such guilt for being sad for having anger about anything and for feeling less than completely thrilled with my life	2
2847	i feel i am with ampatuan and joining the forces of hell bitchy human who only wants is to spread their worst odor in this world	0
2848	i hear myself soothing in a low soft voice and i marvel at how the voice makes me feel calm and strong also	2
2849	i also feel like i was being way too irritable today	0
2850	i have survived the low part of the crash im starting to feel hopeful again	2
2851	i asked feeling outraged	0
2852	i feel so cool now like one of the cool kids in the neighborhood haha	2
2853	i then feel like a hopeless case beside them	3
2854	im thinking that feeling extremely cold yesterday was more down to me brewing something than the actual weather	0
2855	i feel slightly more agitated	0
2856	i feel unwelcome in my own country	3
2857	i feel afraid to live alone living far from them	1
2858	i feel like a doomed cassandra	3
2859	ive found it has made a huge difference especially on the finger with my ring and the my skin feels so much softer and less irritated	0
2860	i dont have to know how or why all i know is that im building good habits without feeling deprived in any way	3
2861	i woke up feeling alarmed	1
2862	i feel pretty honored to be around some really great moms and women	2
2863	i read i feel like ive just enjoyed a rich journey through the history of settling the american west as well as through the values faith fortitude hard work and joy so readily cherished then and hopefully now	2
2864	i remember then feeling bitter that i couldnt pop the balloons and join in the celebrations	0
2865	i have been feeling very sad today and i dont know how to fix it	3
2866	i will continue to feel disgusted every time i accidentally catch a glimpse of myself in the mirror or see the results of an impromptu picture	0
2867	i mean they were minor pains as there was minuscule growth but you get the feeling tampons and period cramps for the firs times in life was certainly not my dad s idea of a carefree holiday	2
2868	i shared previously the tv program and another minor disagreement before bed left me feeling rejected and lonely	3
2869	i felt afraid just before receiving the question paper of the part ii exam	1
2870	i listen to the cd i am left feeling a little more confident and less stressed	2
2871	i feel like you have so be pretty self assured in order to do that	2
2872	im feeling pretty proud most of the elements in the room somehow worked their way onto my body	2
2873	im beginning to feel like i know the terrain ive lived numb for so long now numb feels like norm thats where the story ends and this is where the fairy tale starts im beginning to feel happy	3
2874	i feel peaceful and calm within myself	2
2875	i see each time you is what feel i am very anxious to to living to eat you	1
2876	i hate feeling indecisive because im being negative right now and i dont know what i want	1
2877	i like the small town feel and friendly open polite conversations	2
2878	i got a stitch in my side during the first mile couldnt feel my feet it was so cold etc etc	0
2879	i am feeling fearful or upset about any situation in my life i have only to notice my reminder sitting right before me and i begin repeating this affirmation over and over again	1
2880	i feel horribly restless	1
2881	i was down and feeling doubtful	1
2882	i feel humiliated since a boy has to lead me through it gt lt gets sick ive avoided the dance through all folkeskole and im not going to chance that	3
2883	i feel offended if you question my results as unfair saying that i am lazy and all so why	0
2884	i mean i know how it feels that a person is valued by the family if s he gives money or food to the table	2
2885	i can t say it s made me feel any less depressed anxious but mingled in with the depression is a certainty that i can get to the other side if i keep putting one foot in front of the other	3
2886	i just smile because it feels rude not to do so if you make eye contact i also can t really help myself	0
2887	im feeling stubborn today and got home and was like no way im gonna go get that mri soon	0
2888	i did feel very very heartbroken that i did not enter semipro	3
2889	im feeling stressed overworked and running on fumes	0
2890	i feel it is unfortunate that i have had to take these drastic measures and post this notice as i truly loved posting my new work to flickr and interacting with new people from all over the world	3
2891	i work for a company that makes me feel valued even if the work i do is miniscule i feel as though i am an integral part of their operation	2
2892	i feel like im as useless as dust bunnies	3
2893	i can think of to quit are not based on my own needs and wants but those of others scars make other people feel uncomfortable self injury makes friends feel like they aren t offering enough support cutting is something sad teenagers do	1
2894	i feel helpless about not being able to help him in feeling better but do my best to encourage him and think positively as mom is doing	1
2895	im feeling frantic i try to remember to breathe and laugh	1
2896	i found a good article where you are not to mediate if you feel threatened or intimidated by your ex controlled or you life is controlled by your ex where your child is being manipulated by your ex	1
2897	i just feel strongly that i cannot condone violent methods to achieve a political goal	0
2898	i feel carefree and young and amazing	2
2899	i feel a little uncertain about the structure of a revalidation portfolio	1
2900	i feel rushed again and its the lack of time jerry springer weather amp suddenly you want to put porn on i am very confused but hey let me do that while you enjoy that i had fun fun fun without your hun without a block so hype all about it	0
2901	i was feeling discouraged at this point	3
2902	i truly feel that the portrayal of jesus in this movie was gratuitously violent	0
2903	i can sleep on the couch or on the floor if you are still feeling shaken he offers gently	1
2904	i feel the most glamorous is when i m feeling the most capable the most confident or the most in tune with my own mind	2
2905	i also feel as though this assumption is rude as soon as they are informed they are married the next question follows do you have kids	0
2906	i love it he makes me feel so greedy	0
2907	on a dark night i felt that there were several people near me and i did not know who they were	1
2908	i hate feeling bitter	0
2909	im feeling the world spin around me while im in bed only after a couple of glasses of wine which doesnt do this to me im getting suspicious	1
2910	i say it it makes me feel special	2
2911	i want to go find something to wear for pesach that is ethnic and flowy and perhaps even jingly and makes me feel playful and royal at the same time	2
2912	i go through the cycle again and again attending lessons doing tutorials feeling lethargic etc etc	3
2913	i still feel tortured by feelings or thoughts or memories	1
2914	i trust you enough to share a pretty humiliating experience remember this and feel honoured as you guffaw at whats to come	2
2915	i started to feel really confused	1
2916	i need to act cool act unconcern to him so that he wont feel he is special he is appreciated so that i feel safe that he couldnt see the truth sides of me im so tired of covering all the real feelings	2
2917	i didnt feel scared at all	1
2918	i feel i must write you owls until i am fearless and brave	2
2919	i feel it is equally important that you know i do have a passionate side that gets lit up every now and then and you are bound to see it	2
2920	i love the feel of his lips on mine how i feel so safe in his arms even though im older i just love how i feel and who i am when i am with him	2
2921	i know that car enthusiasts are a bit tribal and youre all starting to feel suspicious about a car journalist whos turned to the dark side but dont worry i still prefer four wheels to two	1
2922	i feel sure that i wouldnt have gained so much weight without the help of bipolar medications	2
2923	i always feel rushed on the way to visit no comments	0
2924	i feel thankful for	2
2925	i feel like a savage when i eat meat but i wouldve eaten my own hand if i couldnt have some of that turkey	0
2926	i feel rejected like i dont belong to the circle those circles that i realised i never was comfortable there	3
2927	i feel really honored to be given the opportunity to tell my story	2
2928	i have the feeling that she was the super agent we even found out that while she is good at shooting she is not good at shooting at a moving truck	2
2929	i feel pressured in social situations yes but not as much anymore i love my body enough to not abandon it for the sake of someone else s beliefs	1
2930	i have all of that obviously because of what i do on youtube and my blog and while i have a ton i like that i can feel ok about it because i have it managed in a nice and organized way	2
2931	i feel like an explorer in my own life radiant woman photography a href http lightsync	2
2932	i would feel fearful of being killed by other mistresses	1
2933	i ought to consider this change a wee bit of a little step backward but i am feeling so much more afraid than i should be	1
2934	i couldn t help but feel like this was warsaw in a nutshell gorgeous spaces with dark shadows that sometimes creep up on you but that are never around for long before the sun returns to push them back again	2
2935	i dunno being around him makes me feel like a startled rabbit	1
2936	i must say i do feel troubled a href http emillionstars	3
2937	i feel so sorry for you your family and friends	3
2938	i feel pretty confident giving endless opinons about	2
2939	i feel like i am totally trusting someone my soul cannot submit to that and so walls go up and the restlessness never ends	2
2940	i really feel deprived	3
2941	i happened to see the videotape movie this is america part one at my friends place	0
2942	i have the right to feel jealous naman to think na theres no us to begin with	0
2943	i feel so rude saying i ll get back to you cause shes so nice and needs me but i d prefer to work in a href http www	0
2944	i feel valued by just contributing what i know of and share what id discovered with others	2
2945	i dont know why but lately i feel so dissatisfied	0
2946	i can feel my stomach aching and grumbling	3
2947	i feel the compulsion to get low	3
2948	i become aware that i m feeling impatient and thinking things are not going fast enough i can choose to change my thinking and remind myself that god s timing is perfect	0
2949	i discovered this song called bring me flowers by hope and as beautiful as it is i cant help to feel melancholy whenever i listen to it	3
2950	i feel insecure around people who i marvel at people who humble me	1
2951	i feel humiliated to introduce you to my colleagues as my wife	3
2952	i feel pleased too that i am supporting people with small businesses who work from home buying gifts that have been made with care and talent	2
2953	i don t want to feel frustrated about this anymore	0
2954	i am feeling rather vain today because my hair looks good and so i have decided to do an entire post about beauty products	3
2955	i cant get traction and start feeling tortured by time as my friend denise puts it	1
2956	i feel completely unsure of any boundaries or normalcy	1
2957	i tend to be a little more relaxed with our days im forced to be a bit more flexible with toddlers but a lot of days im left feeling frustrated that i didnt get more done	0
2958	i cant help but feel a bi jealous of their professional organization good support system and comfortable living situation	0
2959	i still feel i have a very long way to go before i can call myself a joyful homemaker	2
2960	i feel like i should be ecstatic and i just want to cry all the time	2
2961	i suspect this is a big reason why so many on screen interactions feel so fake	3
2962	i feel that they will hire billy over sasha because they will not have to pay billy to play catch up on the work that he missed	3
2963	i completed this card a while ago but im not feeling it and was very reluctant to post	1
2964	i have noticed my body has not been to happy when i eat red meat and last week i was feeling lethargic and a little seedy nothing i put in seem	3
2965	i feel like ive been to submissive and let too many people just walk over me	3
2966	i dont know what mediation means to everyone else but to me this process only has value if i freely express how i feel and as this will inevitably leave me feeling vulnerable and exposed the longer the delay the more i can feel anxiety building	1
2967	im inclined to think his feeling disturbed is at least partly due to the manifest problems with the tactic	3
2968	i was feeling groggy and just wanted to sleep but he asked me what kind of surgery i had and a multiplication question	3
2969	i feel amped and im inspired	2
2970	im feeling thankful for books york peppermint patties finding a roommate this year who has become a very dear friend of mine blake	2
2971	i feel slightly snobbish	0
2972	i cant help feeling agitated about	1
2973	i find myself to pick a draw i somehow have the feeling that heung min son has something special in store for us	2
2974	i feel cranky already	0
2975	i hate to interrupt you but the truth is i m feeling uncomfortable	1
2976	i had to cut the lines to make it fit making it sound a bit rushed lets all make believe that that rushed feeling is actually a frantic feeling that was entirely deliberate shall we	1
2977	i did something to my back after moving my piano this week im not hercules just terribly stupid so i was feeling a bit miserable for myself this morning and then this turned up in the post	3
2978	i still feel energetic right now	2
2979	i remember two specific things from that class feeling terrified of my teacher who would repeat the same question in spanish with increasing volume until his victim either managed to answer correctly or ran away screaming and feeling distracted by the cute boy who helped me study for tests	1
2980	i feel like i just cant be bothered	0
2981	i make this blog post i am feeling the melancholy running through my veins	3
2982	i might not feel so cool	2
2983	i woke up feeling distressed instead of rested and it can be hard to change gears after that just ask mike two nights ago i dreamed that we were at my master s graduation which was in my dream held at a water park	1
2984	i feel greedy about my work img height src http forums	0
2985	i don t feel cute like at all	2
2986	i have a feeling innocent world and i are going to become great friends	2
2987	i merely say i do not feel those activities to be acceptable for godly men for examples to others	2
2988	i am feeling very anxious and frustrated right now	1
2989	i have a feeling it is soon going to become a rather messy heavy book which no one will want to look at but i reckon it will mean the world to me	3
2990	i am fascinated with the structure and function of the brain its so incredible that everything we think and feel all our memories and emotions are created and stored in this strange convoluted structure	1
2991	i feel tranquil now	2
2992	i feel sure that this will be a night to remember	2
2993	i was out until at a social gathering so i feel a bit groggy today	3
2994	i started explaining what my biggest problems were bottling up my feelings and then dumping all those problems onto one person and my selfish search for happiness when i had felt everyone around me had found their happiness	0
2995	i feel so cold here	0
2996	i have a headache and feel weepy	3
2997	i can say that it is happening in the eastern part of the country and that i feel quite safe here	2
2998	i am ruining her feeling and was disturbed a href http membres	3
2999	i want to be recless but im feeling so uptight put your mamma in a headlock baby and do it right whooooos got the crack whooooooooos got the crack whooooo s got the crack whos got the craaaaaaack	1
3000	i sit in the middle of the most stinking the most crowded the noisiest railway platform or fish market and start reading it i will still feel as if im in the most pleasant place ever	2
3001	i feel also just drained	3
3002	i really hope so i feel so isolated right now and on top of feeling overwhelmed confused lonely stressed and nervous it s really difficult at the moment	3
3003	i have a feeling that there will be plenty of football watching and that we will be indulging in many delicious eats this weekend	2
3004	im thinking that a lot of the technology and ideas expressed in this movie will seem trite or old fashioned one day or maybe they they feel that way now but the care and artistic flourishes in every minute of this film will never go out of style	2
3005	i told him it was a good drink and made him feel talented as a bartender	2
3006	i wanted to use older kx forks wheel w disc brakes but am was not feeling adventurous enough to try to figure out a stem and lowering the off road height	2
3007	i feel to be the most popular right now	2
3008	i want to do all but i cant help feeling greedy	0
3009	i have also added links to other blogs which i feel are really wonderful	2
3010	i feel frustrated and can t see a way to save it	0
3011	i didnt feel anything more than casual thoughts like hes a jerk or wow shes psycho	2
3012	i made a shocking discovery that made me feel incredibly dumb and to which i of course feel the need to share	3
3013	i hurt your feelings or angered you with my last rant im sorry	0
3014	i was feeling extremely shitty physically this morning	3
3015	i also learned that when i feel passionate about what i m writing i can actually be quite good at it	2
3016	i feel that if you love cute little things and your budget allows you and you buy this you won t regret buying it as it s just too cute	2
3017	i feel threatened by not talking about it	1
3018	i feel damn agitated during the speech	0
3019	im happy to report that i didnt feel that angered urge to smack olivia today the way ive felt it before	0
3020	im feeling very uptight right now	1
3021	i am exceedingly lucky and i don t work this hard because i feel some sense of frustrated obligation that is resented	0
3022	i might tackle a memoir but i feel i need to live longer before i qualify to have anything useful to say	2
3023	i said those who feel unhappy with the way uhuru has been running his government should wait for the elections	3
3024	i feel so nervous about being around people being with someone	1
3025	i feel pressured to talk to them	1
3026	i feel like a whore and im ashamed of	3
3027	i have every right to feel outraged that their legacy may be in danger	0
3028	i need to do after much prayer considering things like this but i still always feel a little reluctant to act but i do anyway	1
3029	i must not be left to feel foolish lost unhappy and with distaste	3
3030	i went back to it because i was feeling so intensely crappy	3
3031	i sometimes feel so vulnerable and so lost	1
3032	i always tell them to just wear what makes them look feel cute	2
3033	i feel have wronged me	0
3034	i watch this clip every time i feel a bit miserable and need a laugh	3
3035	i am feeling emotionally and physically exhausted	3
3036	i feel threatened i feel fear	1
3037	i enjoy exercising feeling and looking fantastic amd love having so much more energy	2
3038	i feel you see frantic and thus i am afraid	1
3039	i feel like ive been defeated	3
3040	i am feeling mega pathetic and clingy todayyy	3
3041	i t want t know f t habitual t feel frightened wh n initiation r career	1
3042	i feel offended that youre offended way but in the oh crap there i go offending people again way	0
3043	i cant help but feel suspicious of everything	1
3044	i feel greedy and selfish	0
3045	i feel remorseful when i act the drunken fool too	3
3046	i feel delighted when i make good food	2
3047	i was feeling benevolent and understanding because i said nothing	2
3048	i feel a divine calling to become an lsd chemist the pub shroomery message board link href smarty templates css www	2
3049	i am just kind of left feeling insecure and uneasy in my own skin	1
3050	i hate feeling that a day got away from me and nothing not one thing productive got done	2
3051	im feeling cranky im not going to lie	0
3052	im feeling paranoid already	1
3053	i read them it is the only point of my day where i feel like im actually an intelligent human being	2
3054	i feel so happy when i eat something that i know i started from seed and cared for along the way	2
3055	id be feeling paranoid about going bald	1
3056	i took a little liberty here artistic license perhaps and went with a festive feeling for these as well	2
3057	i feel permanently heartbroken but at the same time if she were to ask me out again i would mend it right up and do it again	3
3058	i feel that thursday was the important first step that is needed towards helping e get better with her eating	2
3059	i actually feel really horribly vain posting this but im kinda curious	3
3060	i just feel distressed i dont know why though but i do	1
3061	i feel stupid typing that	3
3062	i need her and offers valuable constructive advice when i feel unsure or negative about my writing	1
3063	i lock mine with a long lifeline and loop to a cleat or piling and take my gas line and if i m feeling especially paranoid the spark plug too covering the hole with duct tape	1
3064	i feel very envious	0
3065	i am feeling overwhelmed by god s grace	1
3066	i feel like this i can look into that sweet face and remember that im supposed to love you	2
3067	i always feel very threatened by her when it comes to guys cox you no she gets a lot of contact with the guys i like like my first and bf	1
3068	i don t know but i enjoy watching movies where pain transcends on me like i can feel my heart aching or i can cry a pail of tears	3
3069	i say i wish shed found out the whole score its more because i feel sad at the idea of her finishing up different from me and tommy	3
3070	im so excited but feeling kind of shy about it smile	1
3071	i start to feel frantic where are the candles the matches the one flashlight thats actually ashers bug light no fans in the house move beds outside boys in the bath dont touch the candles goodbye meat in the fridge	1
3072	im feeling selfish right now because i want that time back	0
3073	i feel less intimidated with her here to help	1
3074	i reconciled and life goes on as does marriage but i feel terrible for what i did to her and to the one with whom i had the affair	3
3075	i feel a litte shaken up by this point	1
3076	i are feeling somewhat indecisive about what we want to do to celebrate our anniversary	1
3077	i was feeling unhappy with my work i joined in with the carping	3
3078	i will probably never feel bouncy so feel free to remove that emotion from my selection	2
3079	i was feeling a little skeptical that it would arrive on time the situation was not improved by the fact that despite various perfect party setups seeking in ffxi nobody was bothering to set them up including me but duh im lazy	1
3080	i feel so emotional when i saw those touch flusher but the position is still on the back when youre in seated position	3
3081	im going through some feels today and ive got to admit theyre pretty unpleasant	3
3082	i was in a car accident just me not the kids its left me feeling quite vulnerable	1
3083	i cant help but also feel incredibly lucky over how it all went down and the community around us	2
3084	i have the power to make another do what i want but in reality feel threatened and desire to control this other person so i am not a href https eqafe	1
3085	i was feeling quite broke	3
3086	i feel im being punished for not being able to do my dailies	3
3087	i was feeling pretty gloomy when i started writing this it s that dreaded time of year of course i burnt the nd set of cake pops that i was baking and i just lost a game of monopoly that game sucks	3
3088	id been struggling with feeling highly irritable toward my husband	0
3089	i am not feeling fabulous i can now speak	2
3090	i feel agitated and simply irritated	0
3091	i feel resolved some nights i accidentally break down and cry	2
3092	i love about my job i still feel dissatisfied	0
3093	i am feeling afraid cos he isnt answering me again	1
3094	i feel for the genuinely shy and cautious women at home who after reading shades think that theres something wrong with them that they dont orgasm when someone touches their boob	1
3095	i feeling more determined than ever to really nail this race	2
3096	ive gotten so used to hearing from david all the time i havent heard a lot from him tonight he stayed over last night and as a result im feeling a little paranoid	1
3097	i am feeling really quite disheartened	3
3098	i realise my thoughts feelings emotions reflect my acceptances and allowances as a result of accepted and allowed programming and conditioning through and as time	2
3099	i must say that the initial splash was not too bad but after a few strokes you could feel the cold getting into your bones	0
3100	i feel really despised i haven t told them yet but it s really awful feeling so segregated	0
3101	i feel really nervous about losing it i print the file out on to paper as a final security	1
3102	i have to admit ive been feeling kinda homesick these past couple of days	3
3103	i feeling humiliated	3
3104	i still feel a little shitty right now as i type this	3
3105	i could only feel this relaxed all the time	2
3106	when i was attacked by a teenage boy and had my wallet stolen	1
3107	i had a trainer i dont think i ever weighed as little as i do now so im feeling pretty excited	2
3108	ive missed over a month of training and organised etape prep rides including the etape caledonia and am generally feeling pretty pissed off and depressed about the whole affair so have avoided thinking about it	0
3109	i feel like a little giggly schoolgirl but its all in fun	2
3110	i wish gervase would have piped down so id feel a little less vulnerable right now	1
3111	i will stop feeling heartbroken when i see my unfollows	3
3112	im gonna make you feel just as worthless as you did a few years ago im going to make sure you remember how bad people spoke to you or treated you especially when you needed them	3
3113	i feel terrified of the future	1
3114	ive been feeling depressed anxious and unhappy	3
3115	im feeling queezy and cant be bothered putting these in order so here goes	0
3116	i feel so hesitant about contacting him	1
3117	im sure there are plenty of lovely parties going on but im not feeling very sociable whats new	2
3118	i just cant help it from feeling so insecure	1
3119	i am feeling very eager for what my darling has in store for us	2
3120	i feel genuinely wronged	0
3121	i alternated between wishing i would die and then feeling terrified that something would happen to me leaving my newborn son without a mother	1
3122	i feel like im waiting for her to get heartbroken all over again	3
3123	i no longer a chiuv that is one a man with have an obligation to say kaddish and daven from the amud lead prayers i feel more relaxed	2
3124	i am gonna feel lousy i might as well feel lousy while i am doing something	3
3125	i discovered this feeling of being a successful grown up when i decide make and indulge in a meal that hits the spot	2
3126	im finally feeling comfortable in my own skin	2
3127	i was actually feeling quite smart i was understanding the questions without even having to do the readings	2
3128	i am feeling pressured and backed into a corner	1
3129	i think after i evolve to dress pants i might finally feel comfortable wearing skirts at work but for now theyre in the distant future	2
3130	i were feeling pretty isolated and marginalised and my greatest enemy was the united states which is the only country to have ever deployed a nuclear weapon or two against civilians then i might just want to get one myself	3
3131	i know now and i knew then that it was a season of learning about trusting god and i do feel more peaceful and calm because of it	2
3132	i feel jealous becasue i wanted that kind of love the true connection between two souls and i wanted that	0
3133	i packed this time around feeling apprehensive about this challenging season and happy to decompress for a few days at my dads before coming home	1
3134	i would say that when they start they will feel really intimidated by the code and how vast everything is	1
3135	at school	0
3136	i can see the shallow of many lives and if i try to give love or atention to that person then i can see the distance and the confusion looks to me that people stop trusting others and feel insulted or misstreated by affeccion	0
3137	i was feeling particularly glamorous in my charlies angel on the weekend travel outfit and comfortably passed three hours in the zoo that is gates by reading fashion mags	2
3138	i can feel a little better about sunday maybe i can continue that good feeling and get back to the little hot bod i once rocked	2
3139	i feel i should probably move on to the meat of my story before i get too distracted by the side dishes what happened to good music	0
3140	i feel that in order to prevent a lot of this company violent manager should have to have some sort of formal training as well as mental evaluation	0
3141	i feel like calling them bitches but it wasnt exactly bitchy coz it wasnt intentional but i could call them ungrateful inconsiderate selfish ok ill say bitches	0
3142	i almost always feel awkward	3
3143	i cant help but wonder if the other mom i walked with felt the same way i was feeling as she watched her sweet girls with my isaac	2
3144	i feel nervous but hes in control pretty soon	1
3145	i feel less comfortable in some parts of the blogosphere than i do in real life	2
3146	ive been procrastinating about the post birthday entry and now that its well past the fact it feels somewhat unimportant to even mention	3
3147	i actually feel solidarity with the americans who went on to cry for blood in iraq tortured prisoners and the stripping of the bill of rights	1
3148	i feel welcomed and times id just really walk away because i feel as if they dont want me there	2
3149	i started to feel alarmed the voices were so noisy that i actually couldnt listen to my own thoughts	1
3150	i personally feel that i did this crime should be punished pubicly whether he belong to any caste creed color any elite or mogul group	3
3151	i feel sure the kremlin wants them to turn suicide bombers just so they can crack down as with the chechens or the cia saudi trained afghan mujahedin before them	2
3152	i think of who i have left to teach me about myself and i feel a little frightened at the thought that my family changes and moves away from some of the very things i need to know about in order to feel complete	1
3153	i was feeling grouchy and upset about a situation with a girl which wasn t going how i d hoped	0
3154	i feel guilty sitting down during this concert because he s working so hard	3
3155	i feel the love for anyone who is properly appreciative of patrick and	2
3156	im feeling a bit pathetic today i cant stop crying	3
3157	i compare myself whether it s to her lifestyle business acumen or physical beauty i set myself up for failure immediately feeling ugly and a tsunami of self doubt ensues	3
3158	i can still feel my legs and they get so cold	0
3159	i love this feeling i feel that despite this rain despite the gloomy sky i am feeling good and im feeling fine	3
3160	i feel like it would make the startled person laugh and think it would be a nice eid gift	1
3161	i cherish the heartbreak more then the love that i lost perfectly sums up the feeling of tragic heart break which is pretty obvious by the songs title	3
3162	i an expert on feeling rushed and anxious on getting worked up and frustrated because i feel overwhelmed with my job	0
3163	i started feeling ugly and started all over again	3
3164	i feel its a pathetic way to get sympathy	3
3165	i think ive been feeling sentimental recently too	3
3166	i feel wronged by certain people and my instinct was to get angry at them and stop speaking to them but two wrongs dont make a right i think	0
3167	i feel vulnerable yet extraordinarily liberated	1
3168	i was feeling brave so continued and it wasnt me that couldnt stand up	2
3169	i am feeling doubtful that nutritional methods alone will solve the problems	1
3170	i am feeling more productive	2
3171	i thought id try to demonstrate the difference as i know if i hadnt seen it for myself i may still be feeling doubtful	1
3172	i still feel that way because im stubborn like that but those people who were spazzing out are the ones with dates now	0
3173	i was starting to feel resentful towards ah kiat with regards to his obsessive and anal approach towards the house and forgetting he has only treated me with lots of love care and attention so far since weve been together	0
3174	i feel like i need to keep pinching myself to be sure tis is all real	2
3175	i feel perfect with you on reddit href http www	2
3176	i know that when we feel so beaten down and we are dispairing that it feels like the savior is so far away	3
3177	i feel better and am so grateful for my normally good health	2
3178	when i heard about the treatment of a friend in jail really inhuman i never realised that such things also happen in the netherlands	0
3179	i feel will be amused as well	2
3180	i actually have been in china for some time and i feel that the people were quite friendly	2
3181	i feel so helpless without a camera to shoot pics of all the thrifty things i find and my beautiful flowers etc	3
3182	i could feel the blood in my veins go cold	0
3183	i feel skeptical about it	1
3184	i im feeling rot im feeling rotten today i guess i forgot i am shot im not o	3
3185	i feel as if work that doesnt have a sort of depth to it isnt nearly as successful as work that is created with a meaning and leaves the viewer wanting to know more about the subject that the artist presented	2
3186	i review video games i feel like reviewing whether they be popular mainstream games or the games that have fallen under the radar and gone unnoticed	2
3187	i don t feel like i have a cold i just feel sick	0
3188	i feel very distraught right now	1
3189	im awake as usual at am and lie there feeling reluctant until am when i get up and slink around in the dark getting dressed	1
3190	i feel like people are taking these stages of life way too lightly which is why there is usually an unfortunate announcement of a divorce too	3
3191	i hear such stories i feel cold	0
3192	i can t help but to feel amused after reading this article	2
3193	i dont think he is being honest with me about a lot of things i could be wrong here but i keep feeling skeptical about certain things after everytime i hang out with him	1
3194	i can not acquaint the reason just because i feel acceptable if cutting links london jewelry	2
3195	i start feeling mournful	3
3196	i got inside it was so warm compared to the outside temp that my survivor man skills kicked in and i stripped down to my base layers to avoid feeling cold when i got back outside	0
3197	i want to exhibit all new pieces which is kinda making things a bit more stressful but i know id feel somewhat dissatisfied about showing old work	0
3198	i feel foolish not putting them but that game was telling	3
3199	i know they don t really mean anything by it but when you are feeling as crappy as i am you find yourself really wanting to give them a wakeup call	3
3200	im feeling talented later on ill post some artwork to be admired made fun of	2
3201	i am excited about new traditions with loved ones these days feel rich because of the precious ones before them	2
3202	i dwell on this matter the more i feel infuriated that i m so lowly thought of	0
3203	i can go on not saying anything and feeling petty but it seems that this load is gettin heavy	0
3204	i feel so agitated about this	1
3205	i feel the meal was incredibly pleasant for both of use	2
3206	i feel like a heartless and feelingless i know don t have this word daughter teenager	0
3207	ive hated pretty much every shampoo ive tried without sulfates i often feel they make my hair look dull and produce pretty much no lather i need bubbles	3
3208	i say that feelings dont dull selectively	3
3209	i returned home defeated and feeling totally unsure of who i was	1
3210	i feel like if people see the chinks in my armor they re going to decide that i m this fucked up person dismiss me as a hot mess and not want to be around me anymore	0
3211	i feel that as this greedy obsession continues sustainabilitys growth will be hindered	0
3212	i wonder how genentech feel about a hostile takeover by its global partner	0
3213	i see that i have pageviews and im just guessing that of them are actually me so i feel reaaallyyyy popular and that was total sarcasm	2
3214	i expressed my concerns that jens mobility had really declined to the point that she now sometimes uses crutches and on a good day the doctor suggested occupational therapy and said he would contact our local occupational therapist and we went on our merry way feeling rather disheartened	3
3215	i am feeling apprehensive about this move and worried i have blown all my money that was meant to pay my rego	1
3216	i feel like its my fault for letting the vampire in and constantly running into them trusting them befriending them etc	2
3217	i feel stressed a minute workout gives me an instant boost of energy and helps me refocus	0
3218	in ward a was an epileptic patient who was burnt the whole body and was stinking very much such that the whole ward was affected few people could come near him	0
3219	i was reading the melee dps rant below just now and it brought to my attention the reason ive been feeling fairly dissatisfied in raids recently	0
3220	i cant get wrapped up in that kind of crap tv because my brain starts getting mushy and i feel feverishly hostile	0
3221	i thought i would love wearing s trousers but instead i feel amazing in vintage inspired dresses	2
3222	i have been anticipating so i am somewhat surprised uncertain and to some degree annoyed about their presence in my daily experience especially in light of the fact that i have at other times been feeling more joyful and confident in my abilities as a loving human being than ever before	2
3223	im feeling lousy right now	3
3224	i feel melancholy always the period plus just dont feel like myself	3
3225	i feel eager to do	2
3226	i feel like im collapsing slowly like a bouncy castle with a small tear	2
3227	im just feeling particularly obnoxious tonight	0
3228	i can not see friends and for the most part i feel like leaving my bedroom could be dangerous	0
3229	i cant escape the tears of sadness and just true grief i feel at the loss of my sweet friend and sister	2
3230	i know im not in the best place of my life still dealing with the infertility issue but i feel i have a lot to be thankful for	2
3231	i dont have a god to turn to doesnt mean i dont feel offended by that	0
3232	i almost inexplicably burst into tears in front of my mother its kind of a long story unfounded guilt about feeling ungrateful earlier today but ive been cleaning and trying to keep myself active so i dont keep falling back into slumps	3
3233	i have no doubt they would dial feeling threatened	1
3234	i was feeling paranoid tonight so i had to check my blog stats	1
3235	i was rather calm after writing down how i truly feel so was not as agitated as sonia yixuan and atiqah	0
3236	i got the feeling that the person on the other end hated me	0
3237	i have told her many times as well as given her gifts that say exactly how i feel about my precious girl	2
3238	im feeling a little shaky because im going to give a speech at jens retirement lunch shortly and i dont want to cry	1
3239	i realised something was wrong when i started to feel everyone hated me and was saying things about me and only wanted to talk to me because they pitied me	0
3240	i feel so privileged to have experienced all the lovely places ive been able to visit throughout the last few years	2
3241	i remember him feeling discouraged	3
3242	i knew something was off as i have been feeling so bad	3
3243	i feel unsure because my financial future thanks to the stupid law is at this point partly dependent on js integrity rejected and jilted by j after we took vows unsure and even a little worried about getting passport ability to do so	1
3244	i feel excited to be serving on a team of committed individuals who are dedicated to youth development and environmental education	2
3245	i feel dumb but happy	3
3246	i feel like so much of my life has been rushed through like just the means to an end and now it feels like i am enjoying everything i possibly can for what it truly is	0
3247	i feel i cant talk move sometimes even breath with the fear of some kind of rude hateful comment	0
3248	i feel like its petty to be worried about it	0
3249	i should be sad about all these things upset feeling ungrateful	3
3250	i promise keep it real whatevers on my mind i m a speak on how i feel stay truthful and never lie u and i wont ever keep no secrets no matter whatever	2
3251	i feel blessed to be his sister	2
3252	i feel the need to write even though i really have nothing important to say	2
3253	i went to german class and it made me feel so idiotic	3
3254	i searched long and hard for a bad review telling me that i shouldnt buy into something i feel so apprehensive about but i only found that people loved and swore by f	1
3255	i started feeling my left arm aching	3
3256	i feel like it may have been a missed opportunity too	3
3257	i swallowed my feelings trusting him	2
3258	i didn t know it was possible to feel more terrified	1
3259	i friends helping them to dress up and practise their thai introduction session while i sat there feeling helpless	1
3260	i feel that many not all but many of the partners i work with are really talented	2
3261	i guess so walking around feeling cranky and mad	0
3262	i would already begin to feel calm again and think that the one drink worked	2
3263	i have essentially at least in my mind solved these design problems i just don t fucking feel like working them out in all their iterations i just feel like i can t be bothered leave that shit to the junior designers	0
3264	i feel like my relationship with christ has been shaky	1
3265	i am working for but that work requires opportunity certain freedoms of expression and of movement and i may sound paranoid by saying this but i feel those freedoms threatened and more and more each day	1
3266	i didnt feel much maybe just a sting but i was terrified because i didnt know if it was going to hurt or not if there would be a problem and if he knew what he was doing really who does in this situation	1
3267	i then immediately have feelings of guilt for having those selfish thoughts and my practical side appears how could i do that who would take care of the kids and my parents	0
3268	i feel dull and tired and blah about this school stuff i thought so important at the start of the school year	3
3269	i spent a lot of my childhood feeling completely frightened of her but i remember a lot of good things too	1
3270	im feeling a bit distressed about it	1
3271	i know it is really hard on him to not be here i think he feels like he misses out on a lot with our sweet girl	2
3272	i was not aware of his point of view as a white european who had undertaken this trip as a fulfillment of a childhood dream but maybe because of this awareness i was able to feel the tragic dawning marlowe experiences of humanitys ruthless rapacity and greed	3
3273	i feel peaceful like i shall grow wings and fly away	2
3274	i feel like starting with my name is susanna but i dont want to be that boring	3
3275	i am feeling some divine intervention at work here	2
3276	i hope to see or feel a mad glint in your eye because some madness some pathological curiosity is needed	0
3277	i hate it i am feeling bothered by my boob size	0
3278	i think there s nobody there but when i reach there i feel suspicious	1
3279	i didnt know what to feel except ashamed of myself for not feeling sorrow	3
3280	i set off feeling fab and ran first section pretty well	2
3281	i feel an emotional reaction but a lot of times that emotion is accompanied by a physical reaction as well	3
3282	i mean change is great though unless i feel like i am not alone in what i experience with having high functioning autism it s scary to make decisions and to want to work on myself in order to be the person i want to be	3
3283	i have been busy pleasing people which i currently feel so regretful about today	3
3284	i feel wonderful after seeing all these sweet ribbon prices	2
3285	i had picked oxbow in the kentucky derby two weeks ago but he turned up as the longest bet for the preakness today and i just had a feeling that the lucas stevens combination wouldnt be beaten	3
3286	i wanna tell you how i feel but im scared	1
3287	i just didnt feel inspired	2
3288	i feel nothing just empty until the nothing becomes something just a deep ache longing to be filled	3
3289	i feel frightened or anxious	1
3290	i just mean it in a logistics sort of way i feel like i cant take one more frantic non stop day	1
3291	i guess ill quit the predictions and quit feeling doomed	3
3292	i have this crush on my bus mate and i feel strange about it because i used to despise him	1
3293	i do these days that makes me feel a little uncertain about the future the pressures that pierce me deep the feeling of being completely isolated from the world i used to glory in and all the thrills that go with it	1
3294	i do hear and old jam a wave of nostalgia floods over me i become giddy and feel like a jubilant teenager again	2
3295	i just want people to leave me alone and not make me special because i feel really vain and bad when people pay that much attention to me	3
3296	i feel this strange shift between us the heat between us intensifying and i get excited my nerves bubbling up inside me	1
3297	im feeling shy to approach them	1
3298	i feel like it but i cant i cant give in i am just to stubborn and i must win	0
3299	i entered the temple feeling vaguely terrified	1
3300	i dunno i feel like ive been on opiates forever i dont even remember my carefree life before r or even with her as an infant when i didnt use anything its summer again which means im almost one year on this merry go round of addiction	2
3301	i didnt feel too needy i didnt feel too emotional	3
3302	i feel petty a href http clairee	0
3303	i am is cornish and i feel so insulted and hurt to know that people my own age dont see what i see dont understand how much cornwall is important to their lives	0
3304	i feel an aching tiredness that goes down to my core	3
3305	i was slicing a knife through a creamy cheesecake and i could imagine exactly how it would feel in my eager mouth	2
3306	i feel like im being punished for wanting to make some money	3
3307	i was annoyed this particular day as it seemad that the odds were not in my favour my grandfather added fuel to the fire	0
3308	i feel a bit triumphant about that	2
3309	i begin to feel a dull ache in my left side	3
3310	im feeling adventurous today getting excited about my upcoming vacation so i thought why not dress for my mood	2
3311	i cannot describe to you the feeling of frantic alarm that overtook me	1
3312	id gotten the feeling that her friend hated me deeply for whatever id done to her	0
3313	when i was cycling past a parked car someone opened the door and nearly pushed me off my bike and into the traffic	1
3314	i last talked to her and now i feel all bouncy again i shall sleep well tonight methinks	2
3315	i know you do but i m feeling impatient cause i asked you a question in mine and i m waiting for an answer	0
3316	i feel more than ever that the computers i pour code and art into are extensions of myself and thats pretty goddamned cool in my book but i am hopelessly romantic about creativity and prone to fits of stereotypical artist bullshit so grain of salt	2
3317	i must confess to fighting my way through reading the first half of the book and feeling much better going through the second half of the story	2
3318	i didnt have to convince myself he was my soulmate and i feel very reluctant to use that word regarding him because my chemistry with him actually is unlike anything ive ever experienced	1
3319	i looked her deeply in the eyes and expressed to her that i loved her so deeply and that what she perceived as anger was my frustration at feeling inadequate to take care of her	3
3320	i feel like i want to be very very rebellious until they regret of what they have done to their single daughter	0
3321	i feel an aching gap in my heart	3
3322	i feel like a tortured artist when i talk to her	0
3323	i feel like it wasnt that bad but i probably wouldnt have told you that in the moment	3
3324	i love the way he talks sometimes i feel shy when i was inside him	1
3325	i want to tell everyone exactly how im feeling but as soon as i start to i feel ten times more pathetic and stop talking	3
3326	i feel like no matter how much preparation i do i am doomed to be my usual traveler on the fly	3
3327	i can t shake the feeling of being fundamentally dissatisfied with my selection in the democratic primaries	0
3328	i do make myself feel kind of intelligent and inspired sometimes	2
3329	i wont discuss any further made me feel really restless	1
3330	im just gonna end here cause i feel stupid lying on my bed typing non stop for the past mins	3
3331	i feel wronged by you over and over	0
3332	im back to my un emo mood re reading that post makes me feel like im over reacting over something so petty	0
3333	i feel so incredibly blessed especially during the hectic exam period	2
3334	i think the biggest problem is that rather than turning something like this off people feel the need to become victimized by something that has nothing to do with them and blog about it in nd rate publications and that is being generous	3
3335	i had a feeling this little girl was going to arrive soon but i still felt very unsure of when it would actually happen	1
3336	i really do what i feel like doing about of the time they get mad	0
3337	id be feeling shaky too if id spent a week contemplating how id just pissed away my lifes work	1
3338	i forgive myself that i have accepted and allowed myself to express myself in such a way so that i could feel superior and more than others	2
3339	i know is that it s better for me as a teacher i feel the lesson is more pleasant that the language work is less artificial and it feels good that what i teach is closer to what they need instead of what someone else who is not even there thinks they need	2
3340	i am grateful to have a strong support system both internally and externally that i can rely on when i am feeling uncertain and weak	1
3341	i was feeling regretful that i made contact with someone with whom i need to keep distance	3
3342	i wear this when i m feeling playful and silly	2
3343	no description	0
3344	i doubt any of the stress and grief that i feel will be resolved	2
3345	im feeling abit uncertain now	1
3346	i can t escape the feeling that i m being punished	3
3347	i feel weird a href http bondmusings	1
3348	i feel skeptical now	1
3349	i am feeling fairly uncertain about most things right this moment	1
3350	i last saw him and already im feeling this agitated	0
3351	i feel that positive vibe just bashing its way slowly but surely through this door of negativity and yet i feel like its not nearly close enough	2
3352	i had just lost my uncle i would be sad but i feel as if i am devastated	3
3353	i have said many times i don t want it to feel fake or overdone	3
3354	i just feel so disgusted with myself	0
3355	i can make a sugar laden roasted chocolate cake like the best of em and nobody can even tell its vegan phase which is perfectly understandable for a year old girl to feel i am thrilled that she is a vegan and wish her continued success and health	2
3356	im feeling a little smug this evening	2
3357	i had such tender feelings for the sweet woman she was as she suffered in silence	2
3358	i didnt really want to talk about it with anyone because its kind of selfish and i feel that id rather ignore it than to be selfish about it	0
3359	i just wish i didnt feel like my roommates hated me half the time	0
3360	i feel frightened to be a citizen of india where honest performances are neither recognised nor appreciated	1
3361	im feeling fine other than normal pregnancy symptoms	2
3362	i also find it the most challenging to wrap up a story that brings good closure and a conclusion that doesn t leave that reader feeling cheated or rushed	0
3363	i focus on it the better i feel ive been writing this post on what makes me truly happy after being inspired by the happiness project and its seems like the most simple thing but its so eye opening	2
3364	i desire something i am more likely to feel appreciative of it than if i feel entitled to it	2
3365	i feel pretty rotten when i cant	3
3366	i send an email and show my true feelings on an issue i do run risk of it being ignored	3
3367	im feeling very uncomfortable there the comfort and warmth is just not there any more	1
3368	i was thinking about this last night i thought about what i tell my own daughter each day and wondered if she feels as stressed as these students do	3
3369	i feel insulted whenever people say guys cant cry or feel emotional	0
3370	i feel embarrassed if anyone were to stop by and see the state of my house enough that i wish i could pretend we werent even home when someone does stop by	3
3371	i was trying to determine why i feel so reluctant to actually post what ive written when i finally realized its because i cannot pass something off as a cute idea i had or as a response to something someone could be experiencing	1
3372	im feeling much more appreciative of my cats today	2
3373	i try to approach this thing called nature which is something im feeling a bit envious about	0
3374	i think many of us feel burdened by this pervasive belief that we are in control of things going right or wrong in our lives	3
3375	i feel violent wanna kill someone anyone or kiss them	0
3376	im feeling awful this afternoon	3
3377	i feel like im finally out of my box and free to be the person i was called to be	2
3378	i feel my life being threatened by illness i lose my mind	1
3379	i like to throw in a habanero if i m feeling brave and spring onions	2
3380	im not exactly sure why but at least im still sleeping well and generally feel fine when i wake up in the morning	2
3381	i feel like i have to pee already just thinking about this thing poking at my g spot but i m determined to find a stimulation method i enjoy	2
3382	i am feeling determined that i am going to get there	2
3383	i would save it for the next time im feeling cranky or irritable then spray some lightly behind my ears	0
3384	i like to keep them on hand when i m feeling not so brave or extraordinary	2
3385	ive ever invented hail ember and flake are probably the three that are the most me so this story feels especially vulnerable	1
3386	i feel fine tweet a name fb share type button count share url http www	2
3387	i this feels rebellious to me	0
3388	i was really worried that i would feel intimidated by monica but when we met that morning she was incredibly welcoming and made me feel relaxed straight away	1
3389	i feel bitter that my cancer was relegated to unnecessary to meet with someone as important as an oncologist	0
3390	i was feeling pretty bitchy and horrible but dont worry	0
3391	i finished blogging i was feeling shaky and checked my level to see a	1
3392	i feel like by being so timid ive lost a lot of opportunities to make connections with people that ive wished id made connections with	1
3393	i feel disturbed in which happens to be roughly everywhere	3
3394	i just grab something and hit myself just to feel pain damn i know the risks and injuries that might occur i know its dangerous	0
3395	i feel like i have way to many questions and things going on that are un resolved	2
3396	i feel very clearly now and am reassured that in leaving we did the thing that we needed to do the thing that god was leading us to do	2
3397	i should have helped her feel valued	2
3398	when i failed the entrance exam of the medical school and was studying biochemistry which has no job prospects in zambia	0
3399	i feel suddenly startled catch my breath and think it could be any day	1
3400	i am left feeling very confused and blah	1
3401	i would feel numb and though thousands of calories would be consumed i would never taste one bite	3
3402	i feel so unwelcome its sickening	3
3403	im feeling playful and humorous	2
3404	i feel that precious girl kick or see her face on the sonogram it makes it all worth while	2
3405	i feel terrible writing so little but theres not anything else to report on	3
3406	i do not know that he simple feelings i am startled by startled though he did not understand the words but i was feeling his words there are overtones green ink why suddenly say	1
3407	i feel so disheartened at things	3
3408	i guess i sort of believe him but deep down i just feel unsure about the unknown	1
3409	i don t feel like i am writing lyrics that are particularly special except that i am just hopeful that someone can connect with and get something out of what i m saying or writing about	2
3410	i didnt feel too groggy from the wine at a href http tartandheathered	3
3411	im feeling a bit uncertain its comforting to me to draw these trusty old louche animals	1
3412	i feel fantastic physically	2
3413	i feel like i mother at the expense of being productive	2
3414	i feel unsure or scared i talk	1
3415	i thought i was ready for commitment for a relationship with someone but when it happens i just feel numb	3
3416	i feel so doubtful about myself ever since i took this job	1
3417	i think about it i find myself still shaking my head in disbelief and feeling truly disgusted	0
3418	i guess im feeling a bit vulnerable and looking for some input tonight	1
3419	i am and growing up when i was feeling unsure about myself and my feelings i would hear about actresses i looked up to being very open about it	1
3420	i thought i might be lonely and feel isolated without my go to people a short drive away	3
3421	i could feel myself hit this strange foggy wall	1
3422	i could feel that strange paralysis all over my body arms and hands except this odd little force field was not holding down my middle fingers forefingers or thumbs	1
3423	i persevered and km later im feeling pretty smug	2
3424	i detest feeling uncertain	1
3425	i dont understand why i feel so empty and hollow deep within me	3
3426	i also feel that seeing how the body reacts is an important step into changing the behavior	2
3427	i cannot help but feel outraged to recognize that essentially children in america have no rights at all	0
3428	i drove to class i was feeling a little apprehensive but still no sweat	1
3429	i would feel so pissed off	0
3430	i came out of the movie feeling like i had a bunch to learn from the character i just played and then i came to the unfortunate conclusion that he was a fictional character and he didn t exist	3
3431	ive continued to feel energetic most of the time and am trying to keep up my times of working out per week did the jillian workout this week and was very sore	2
3432	i started to feel crappy	3
3433	i am feeling stressed or overwhelmed i have come to rely on those who i have met here mostly from the so club	0
3434	i would cry scream kick at the door and feel terrified	1
3435	i do feel something of an aversion to it within maybe because i still feel like its a vain thing or that i may be seeking some sort of outer affirmations from others who might stumble upon it ive mentioned this before but the truth is who cares about all that	3
3436	i still feel uncertain with many new paths i must travel and as lost as i feel sometimes i am sure heavenly father is lifting me up and helping me to feel joy in the things that matter most	1
3437	i feel selfish but she would insist	0
3438	i feel like it blog april a wonderful spring weekend filed under a href http karmardav	2
3439	i channel was not yet assured i get the feeling they just went from broke on this one	3
3440	i was feeling on the inside my face broke out really bad i had a rash on my eyelids that left them red and peeling thank you harsh pool chemicals and my mouth was i think experiencing some sort of allergic reaction to something i ate	3
3441	i see anything that would cause me to feel fearful or distrustful of him	1
3442	i started feeling intimidated by the thought	1
3443	i usually feel angered by this mad that my body could be betraying me in this way mad that a whole week out of every four is spent wasted	0
3444	im feeling a lot more appreciative today	2
3445	i do feel more special than i did when i was single	2
3446	i just focus on my sermon itself and think about all of the research and writing and practicing that lies ahead of me i feel burdened	3
3447	i first held my scotty i knew i was in love with my high priced bundle of joy but i couldnt help feeling apprehensive about what the time to come holds	1
3448	i don t mean to behave so cut off but i feel so lethargic to utter one single word to anyone	3
3449	i was feeling pretty discontent after that	3
3450	i envy those couple who cant wait to get married and feel so pleased that they are eventually married	2
3451	i feel overwhelmed they might say my stomach hurts or my head hurts	1
3452	i met people from every corner of the globe so now when i am feeling restless and my finances will allow me i am can pick a spot see people that i really care about and have an adventure with them in their homelands	1
3453	i feel some weird plantar fascitis y thing	1
3454	i feel like i m in the movie dangerous minds	0
3455	i am feeling pretty shaky and sad	1
3456	i really can carry a grudge for a long time against those i feel have wronged or hurt me in someway whether they are aware of it or not	0
3457	i can feel it running through my veins and at the end is an unpleasant sight	3
3458	i know i need sleep feeling dissatisfied with myself for what i ve yet to accomplish instead of glowing with pride at all i ve done	0
3459	im most expressive when i feel distraught	1
3460	i hate for anyone to ever feel left out awkward or less than	3
3461	i was feeling annoyed suddenly	0
3462	i remember feeling so inadequate as i stood there and they thanked me because of your purchases	3
3463	i feel god can be humorous and creative and just so awesome	2
3464	ive heard it so many times already im already feeling skeptical of whatever they say	1
3465	i was feeling kind of hesitant about food which sucked because we were going out to dinner that night followed by drinking	1
3466	i am however caught by the feeling that i missed out on a lot of interesting conversational banter by reading dead writers write about deader writers	3
3467	i find myself often feeling isolated alone and starved for stimulating adult conversation	3
3468	i was feeling so ungrateful earlier this week	3
3469	i feel offended i choose to tell you guys how i feel because i treated you guys as friends and would want to put a stop to all these nonsense	0
3470	i write that i feel a bit anxious	1
3471	i feel my children are in harms way i feel frightened	1
3472	im feeling especially keen	2
3473	i feel like i am the keeper of these precious years	2
3474	i am thankful that she continues to feel comfortable talking about with me and journaling	2
3475	i get a feeling that why did i pay for getting so fucked	0
3476	i feel very happy to have inspired is my little sis love of reading and writing	2
3477	insulted by disgusting people	0
3478	i feel like my meds arent working correctly and idk its weird	1
3479	i looked at what had happened to us in two generations and looked at what hadn t happened to them in two or three and instead of feeling outraged by their history of aggression i felt privileged by it	0
3480	i was feeling quite apprehensive about my wig as i felt that it wasnt as full as id hoped it would be however id taken into account my models beautiful long hair	1
3481	i spent a few hours listening to the thundershowers and feeling that gorgeous cool summer storm air across my ginormous pregnant self	2
3482	i feel wonderful earley said	2
3483	i don t feel like there was a part before the race where i was stressed out	0
3484	i begin to feel embarrassed about the way i acted and sometimes i just feel downright unloveable	3
3485	i took a shower and feel a little more relaxed but the pain is coming and going here and there	2
3486	i feel that the very foundations of my faith have been shaken to the core	1
3487	i feel theyre getting too popular in the club pop scene leading to less effort on some of their songs	2
3488	i was feeling really emotionally distraught and unable to concentrate	1
3489	i was th in each age group this race has awesome custom horse trophies designed to mimic giant painted horses throughout the town see example below so now i feel determined to come back next year and try again	2
3490	i remember that i get those feelings back the thrilled and humbled and blessed and energized ones	2
3491	i feel a violent urge to vomit and back out of the room	0
3492	i feel so heartless sometimes because i do not have the ability to mourn for the lost of someone relating to my past grandparents	0
3493	i reach for your hand feel its warmth sense a strange mysterious connection the greater sea of lives intimately shared and buoyed by a wave of love hope and joy surrender to its greater transcendent surge letting it take me wherever it will	1
3494	i feel terrified because even if i have the time to write out how i feel about mr	1
3495	i had a feeling she was doomed the moment i laid eyes on her i still thought that judy glasberg a href http www	3
3496	i feel awful when i stay home both for missing out on the exercise and practice and for flaking out on the team	3
3497	i feel that i have contributed in a positive way to seven	2
3498	i read up on the practicies and cult like beliefs of falun gong and now i feel sceptical and a tad bemused	1
3499	i feel helpless here with no car no cash no say	3
3500	i sometimes feel that this is inadequate that my mind too often slips from focusing on god and jumps to my own selfish thoughts and the tasks at hand in the classroom	3
3501	i could feel myself putting on that i m simply splendid	2
3502	i really like it and am thrilled to see where all of this will take us but on another hand i feel that the drama seems a bit messy	3
3503	i began to feel very afraid of disappointment during the tour just because the rain and fog continued	1
3504	ive been feeling cranky lately	0
3505	when i saw a man hitting a child of years without any consideration	0
3506	i are gay and feel assaulted by the right wing	1
3507	i think all acts of unkindness are a result of some form of selfishness because being unkind requires a lack of concern for the another person and some distorted feeling of gain by being unkind	0
3508	i will never make him feel disliked and like he is a bad kid if he is only acting according to how i raised him and he is acting liek a year old child	3
3509	i always thought problems were better to deal with immediately then you can feel like things are resolved and you can feel better	2
3510	i am not surprised that some people may be feeling outraged at the terrible environmental consequences of the logging and the dam and after seeing how their leaders have betrayed them are now turning to higher authorities divine help as a last resort	0
3511	i feel like im tortured like years ago	1
3512	i feel very vulnerable about sharing things that i write but i hit the publish button anyway	1
3513	i feel so heartbroken but in a silly way of course	3
3514	i feel extraordinarily clever	2
3515	i miss my friends amp feel neglectful	3
3516	when i was still a child	0
3517	i felt the bubbling feeling and pretty soon i was at my peek and climaxed on her hands and her cute little dress	2
3518	i didnt feel as intimidated as i had felt at the beginning of class	1
3519	i struggle to lick my lips and at least ease some of the dry cracked feeling but end up just getting an unwelcome taste of the mask tied over my face	3
3520	i care about but i feel unimportant to because they have their shit together enough so that they dont need me anymore	3
3521	i feel so heartbroken tonight	3
3522	i feel so happily rebellious	0
3523	i had been feeling extremely homesick the first two days	3
3524	i feel like in some ways im probably not putting myself in vulnerable positions enough and pushing the limits of it	1
3525	i feel very emotional down and i tried to put a strong front no matter what his instinct is always right about me being not okay	3
3526	i don t really know what the suicide attempt accomplished other than me feeling ashamed embarrassed and stupid	3
3527	i feel really fucked up why do such things always happen to me	0
3528	i think what i m going to do is care less about anything that doesn t matter and won t make me feel successful in life	2
3529	i feel i was appalled to see a misused apostrophe on the bbc and an incorrect spelling on itv last week	0
3530	i began to feel ok	2
3531	i was actually feeling very distressed	1
3532	im feeling a bit homesick	3
3533	i finally feel sure enough in myself to hold my words where they should be	2
3534	i was little i always had this exciting jittery feeling the day before i went on holiday but now im pretty meh about it	2
3535	i feel utterly disillusioned	3
3536	i feel does my foot hurt a bit maybe but who cares when the rest of me is happily strutting down the streets of this great city	3
3537	im sure there are not actually multiple people looking at this crap right now but basically i feel the urge to share something with the few unfortunate people who are probably as bored at work as i currently am	3
3538	i heard it somehow it brings me good feeling strange	1
3539	im still feeling a little shaken	1
3540	i woke up today with totally no text so i was feeling pretty gloomy at first then my precious idiotic don called and cheered me up	3
3541	i cant help but feel that it is somewhat special	2
3542	i wish i could say fuck you to people who make me feel insecure for ever to have existed	1
3543	im feeling bitchy and unappreciated today	0
3544	i was made to feel that i was damaged and not good or giving enough when in reality nothing is ever enough	3
3545	i still have the wtf feeling and regretful feeling until today though just a kiss but a stranger	3
3546	i do hope that some simply transferred to another benedictine monastery that they didn t all feel so disillusioned that they walked away from monastic life altogether	3
3547	i suddenly felt how statesmen feel when mobbed by the press or how doomed men feel right before they are lynched or stoned by a mob	3
3548	i hope that you enjoyed viewing and feel free to leave a comment	2
3549	i feel so calm with the routine rinse wash with detergent rinse take outside to line dry	2
3550	i can t imagine that it is a newly developed tendency and the realization that i have made things so much harder on myself over the years leaves me feeling mad at myself	0
3551	i feel so regretful that i let such mundane things as work and school get in the way	3
3552	i think i should tell him how i feel the moment i see him looking for something dumb to do	3
3553	i basically feeling a bit grumpy most of the time coz i was hungry	0
3554	i thought breaking up with my best friend of years would make me bitter and feel hateful towards her	0
3555	i had no idea how he had been feeling unimportant to me and i was beyond upset that he had not been honest with me about his feelings	3
3556	i cant do anything about it except for feel devastated i cant do anything practical about it yet	3
3557	i can feel our blessings and i am so very very thankful	2
3558	i feel nervous when anyone gets too close	1
3559	i relaxed and nodded feeling assured that someone i love is safe and pampered even if he s no longer with me	2
3560	i venture back up north and for the big day i m feeling very festive	2
3561	i upset you over the last few days i m ok the clouds are clearing and i m feeling more positive	2
3562	i think i feel myself flushing don t be alarmed i m on a headache medicine that causes that sometimes	1
3563	i came to china feeling a little frightened of everything around me	1
3564	i usually take on to more protein when i start to feel lethargic	3
3565	i feel horrible or even depressed that i try to fake myself out with positivity	3
3566	i feel less bothered of things happening around me	0
3567	i still feel vulnerable and hurt but its manageable	1
3568	i bought some eggs and because i was feeling adventurous i also got a whole chicken and an oxtail	2
3569	i felt happy when i received the letter telling me that i had been admitted to the university	2
3570	i feel bitter theofilou said of the lack of support to nods of agreement by kastrioti who waited for her turn to board	0
3571	im feeling overwhelmed by college with everything else that had happened this semester	1
3572	i feel so privileged to have been selected by can fund to receive this support	2
3573	i wish that i didnt feel the way i do i wear my heart on my sleeve you have to believe the things i say arent in vain believe me theyre true	3
3574	i was so panicked i didn t feel it when my nails broke against the impenetrable wall of ice leaving red crescents of blood welling up on sensitive skin	3
3575	i feel i can be a bit selfish myself	0
3576	i feel bothered at the fact that some of us have been given so many chances but i don t see the least bit of appreciation and utter gratefulness downright from their souls	0
3577	i didnt feel angry i didnt feel bitter i felt	0
3578	im feeling particularly melancholy i will talk myself into a place of peace	3
3579	i feel fake sharing the joyful and creative pursuits of our family	3
3580	i burst out feeling shaken because i was pretty sure i d just hit a bird	1
3581	i feel so horrible when i am not accomplishing something	3
3582	i don t feel a lack of respect or love in the space just harder partying than i am personally comfortable with	2
3583	i have been feeling pretty fabulous for me that means my pain is about a out of for the past three days	2
3584	i cant sleep and re read happy posts and i go past the one about picnic day and i get so happy im like james you make me so happy i love you and then repeat as soon as i feel jealous	0
3585	i was tossing and turning and feeling very anxious about the fact that i was not doing this work that i felt needed to be done	1
3586	i feel nervous about trying something new during a lesson or if my horse shies at something	1
3587	i get that feeling of confidence is far more pleasant than some of the alternatives and i certainly am not against someone increasing their confidence but why do you have to feel that first before you take action	2
3588	i know i have certain aspects of my personality attitude that could be improved i have been under the impression that everythings been fine feel absolutely assaulted by the statement that my co workers have been complaining about me behind my back	1
3589	ive been feeling so bothered lately	0
3590	i feel irritated a lot	0
3591	i would just hurt others feelings i am so selfish	0
3592	i can remember when cammie was a couple of months old looking at her sweet innocent face and just sobbing thinking about her going to school the thought that someone would hurt her feelings be unkind to her be unfair to her the thought that a teacher might be mean to her or not love her	0
3593	i combine the flat tire the head wound and a headless bird im feeling a little paranoid	1
3594	i don t know why i feel disheartened about the league because of so many draws it is the mark of a tightly contested competitive organization with important results	3
3595	i find myself buying into and reacting to the conflicts of modern life more than i did before and feeling more jaded	3
3596	i feel im not bothered by that	0
3597	i was more irritable i went from having a million and one ideas to feeling like not being bothered from feeling inspired to feeling obligated	0
3598	i liked the feeling of being scared and jumping in my seat grabbing the arm of my preferably male companion	1
3599	i feel i am a heartless cold bitch	0
3600	i feel more anxious than i have in quite some time in fact	1
3601	i want to feel carefree for one last day	2
3602	i feel really petty and immature but i dont want to cheat on greg or end up breaking up because were fighting over the stupid little things	0
3603	i am feeling grumpy and irritated	0
3604	im still feeling a little shaky as i write this post	1
3605	i feel rebellious even	0
3606	i am feeling like it might look just a little suspicious if i go home and dont meet with him	1
3607	i feel a bit tortured right now	1
3608	i feel like every day is a blur of running being irritated with my son and doing something pertaining to making dinn	0
3609	im feeling slightly irritable but generally level headed and actually not in a bad mood	0
3610	i get a sort of tunnel vision heart rate increases i cant feel my arms or legs and i cant hear a thing this being the more dangerous of the side effects that have meant i cant hear the stop whistle if i have injured my opponent and thus has lead to tournament disqualifications and fines	0
3611	im feeling particularly carefree i have hawaiian bbq chicken pizza with chicken bbq sauce pineapple and onions	2
3612	i cannot speak for others but all i know is i feel i am the most successful prettiest version of myself when i walk out of my starbucks with my red cup holiday cup in hand	2
3613	i wonder if she can pick up the stress im feeling when im trying to feed her and terrified of getting bitten because shes not feeding much	1
3614	i was still feeling the effects of marathon sex julie looked amazing	2
3615	i feel confident that ive put in the time and done everything possible to win but that decision is out of my hands	2
3616	i went to was to see jreyez back in may just havent been feeling like going out but jenny convinced me to go this time amp after some persuasion i decided to go lol	2
3617	i was feeling restless when i stepped into the kitchen to whip up this crunchy sweet treat	1
3618	i was feeling so spiteful i brought it up and i saw the hurt in his face	0
3619	i have been doing absolutely no exercise however and sticking to that literally just sitting around but i feel i just need some supporting thoughts	2
3620	i am no longer a shimmer fan i mean i like subtle shimmer but this is kind of like scary shimmer where i feel like my eyes are super obvious and scary looking	2
3621	i feel so lucky to get to feel them	2
3622	i constantly feel lied to and wronged by them i love these people to death	0
3623	i feel like there s a possibility that statements like this make supporting our own interests more problematic	2
3624	i feel i am doomed to repeat endlessly through my whole life	3
3625	i feel like im sinking and i feel helpless and that makes me even more frustrated	1
3626	i feel so useless and stupid	3
3627	i always feel kind of thing empty feeling	3
3628	i feel about him i never really told him too much guess i was scared but i havent got anything to loose now	1
3629	i feel distracted when people think i m overreacted	0
3630	i am sure there will be many nervous times ahead but today i feel very hopeful and im going to enjoy the feeling for as long as it sticks around	2
3631	i finish my lesson although very happy that it is over i feel good i feel that it was worth it	2
3632	i feel very energetic to cook something very special i decide to prepare at least one dish with posto and the other days when i simply dont remain in the mood of cooking at all i again look for posto	2
3633	i almost started to feel like wimpy from the popeye cartoons	1
3634	i feel pretty passionate about is helping people	2
3635	i feel scared when my father suddenly opens a door	1
3636	i feel like that fact is being abused	3
3637	i don t feel awful enough to call them because i am exhausted	3
3638	i feel our hearts are treading dangerous territory	0
3639	i feel so ungrateful for the things he does regularly for me for i sin daily in everyday living	3
3640	i feel like theyre being rude in the first place and as long as you arent snappy about it you have every right to ask him not to touch you	0
3641	i had a good sleep believe it or not but still woke up feeling groggy and out of sorts	3
3642	im not feeling so well right now so ill write some other day	2
3643	i feel tortured so much	1
3644	i feel like the time has come a fearless rescue from everyone who made you the master	2
3645	im feeling very angry kind of sad tired and bored today	0
3646	i started feeling this job was worthwhile	2
3647	i feel really burdened by this days challenge	3
3648	i feel like i am unhappy missing too much from the baby or anything else i will quit	3
3649	i feel gloomy and down	3
3650	i am currently but i can t even do that right now without feeling indecisive and tied to school and writing and assignments	1
3651	i feel reluctant to just leave her alone like that without helping her enough to repay her goodness to me	1
3652	i feel like i could have gotten all apprehensive for no reason at all	1
3653	i at times feel so utterly useless and undeserving of such a magnificent woman in my life	3
3654	i guess being the good friend that he is he can not and will not allow me to go on with life feeling so distressed and confused	1
3655	i ask about his wife annulment case he feels so irritated and kept on telling me it is on the process	0
3656	im back with another skincare review well actually i feel reluctant to make a review of sectret key snail egf repairing gel cream because i even stopped using it switched back to my second jar of a href http sparkleapple	1
3657	i don t know about you but that feeling of powerlessness of not being in control sends me in a mad tizzy for the haagen dazs	0
3658	im feeling less hateful of fandom	0
3659	i spontaneously come up with a new tune or when i am taking a solo and feel myself in that creative flow just going for it not knowing what i am going to play next and surprising myself he answers indisputably	2
3660	i feel unwelcome or uncomfortable oh except for that time i pulled the doorknob right out of the cloest door	3
3661	i brought up privately a couple weeks ago that i felt targeted after feeling frustrated and belittled	0
3662	i feel so foolish and ashamed	3
3663	i feel like the earthquake has also shaken the foundations of my life and work	1
3664	i need to know that the pain i feel is not in vain and that there is a better and brighter day in my future	3
3665	i don t know i feel confused	1
3666	im feeling frantic because ive had no sleep	1
3667	i know when i have had a crappy day and didn t feel productive i feel lousy and sleepy in the evening	2
3668	i can keep another writer from spending four years to get to the point of feeling like they can publish their work and be accepted by readers i will have truly accomplished that goal	2
3669	im not much of a people watcher or a voyeur so i feel kinda weird when walking around taking street shots	1
3670	i am seeing neurosurgeons document conversations regarding the safety of patients relationships and whether or not they feel threatened	1
3671	i had felt kind of ick but just figured it was nerves or feeling anxious	1
3672	i get this sudden feeling that i am completely annoyed at him	0
3673	i should feel bothered that she was spying but i wasn t	0
3674	i feel so repressed with this one now	3
3675	i don t feel there is enough information out there for people like him to encourage them and prove that university is not the only way to be successful	2
3676	i feel lethargic and getting pressure between my eyes and i just rfttttttttttsjiowefmklldkavsvdsbtwrsbdvfocxfibjxrklrgrmvaeridubneosdvfrwfd okay stressing doesnt help at all it makes it worse so im trying to be calm	3
3677	im still feeling annoyed though	0
3678	i feel so pissed of for the fact that i am not that talented and creative as many others designers are	0
3679	i felt like i had went so far now it feels like my world was shaken just the other day	1
3680	i feel selfish and self indulgent	0
3681	i have about pairs of heeled shoes that i hardly ever wear i love the look of heels they always make me feel quite elegant but i just cant bear the thought of not being able to really relax when i wear them	2
3682	i feel satisfied only with details and small parts	2
3683	i have to go out into the fields and sometimes if i feel more adventurous than usual right into the woods near my home	2
3684	i had the love of my life in nathan been in love and shit and here was travis and i felt hardly anything and im sitting here feeling doomed that i would never again find someone who would give me that spark	3
3685	i didn t allow myself to feel the emotional depths of my sorrow	3
3686	i didnt feel cheated or deprived	3
3687	i know its been months but i still feel envious of my friends who are having their school holidays	0
3688	im feeling discontent or too comfortable because there is always something i should be working on in my spiritual life	3
3689	i feel empty again	3
3690	i feel another violent daydream coming up and i bet it has something to do with me getting my hands on a saint just costume	0
3691	ive been taking i keep feeling lethargic everyday unlike when i was pregnant with my previous boys	3
3692	i feel so dirty in you i crash cars br style background color white color font family georgia times new roman times serif font size px line height	3
3693	i was feeling defeated again and super overwhelmed i stopped and realized that this is just a demanding season for me	3
3694	i am just feeling shitty right now	3
3695	i guess the bottom line is i feel like damaged goods and i m not sure how to fix that or if it is even fixable	3
3696	i will admit that some days i yell some days i dont want to get out of bed some days i cuss and freak out even some days i dont even really want to talk to anyone because i feel a little numb and im afraid people will know that im not ok	3
3697	im tired unhappy feeling listless unmotivated exhausted	3
3698	i want to not feel shy with them i want to have fun with them	1
3699	i feel i m getting distracted and not real	0
3700	i have a pit in my stomach feeling disappointed	3
3701	i was feeling quite embarrassed and quite a wee crowd had gathered outside the bank	3
3702	im not yet feeling terrified of failing i honestly feel like im overconfident right now because i believe that ive done my best	1
3703	i sometimes feel hated but i am not it is all in my head	0
3704	i actually feel frightened of people here right now	1
3705	i hardly feel like i had a weekend if i dont get fucked up	0
3706	i dont know what next year will hold for me and my free author promotion but for now i feel pretty special to be a part of a writing community where my author friends trust me with some of their most precious possessions	2
3707	i am feeling a little bit hostile towards my ex today	0
3708	i could feel the gloomy london fog and the oppressive tropical heat even though i was on vacation in oregon	3
3709	i just cant seem to hold myself back when it comes to feeling i wish i could be heartless if just to keep the pain away sigh whatever here i am being fucking emo all over my live journal	0
3710	i feel tortured here	0
3711	i couldnt help feel infuriated when i had left the building	0
3712	i feel uptight love had to show me one thing i was so right	1
3713	i feel rejected by someone i love and this has caused me great heartache and pain	3
3714	i feel mellow and shit i swear you got that touch swear they ain t stopping us swear there ain t nothing above girl give me some love yeah yeah yeah x	2
3715	i can t help but feel considerate towards others	2
3716	i feel thankful happy and blessed and these are good feelings	2
3717	i mean im actually feeling productive in the area of quilting and sewing but havent felt lik	2
3718	i feel so excited cause that means i get to skip classes	2
3719	i feel is a valuable reason was the alone time that debra and i had driving to woodston camp kansas assemblies of god family camp	2
3720	i was just wondering if that is common and why some girls feel the need to seem less intelligent than they really are	2
3721	i couldn t help but feel slightly intimidated	1
3722	i feel compassion for them and understand why they feel insecure	1
3723	i just wasnt feeling it so i willfully broke my routine	3
3724	i is feeling particularly hostile shell say no red shirt today nickey	0
3725	i feel lethargic slogging through work outs and finishing each evening with popcorn and a glass of pinot gris	3
3726	i feel hated but i don t care	0
3727	i was feeling more than a little apprehensive as i was traveling on an emergency issued passport kindly supplied by the british consulate in los angeles a week ago	1
3728	i feel really strange without my bangs and sometimes i want just to cut my hair	1
3729	i feel honored to have those books on my shelves	2
3730	i want to make this a daily thing i have to wash my hair every single day and that s a hassle for someone like me who has super curly hair that s a bit of a pain to straighten but when i walk out of that class i feel so good	2
3731	i feel overly distracted so tabby and i started again working on the paths and the routes we have here through the woods down to the big creek and around the former second meadow	0
3732	i know that my issues questions feelings etc are going to be resolved	2
3733	i must comment that i believe medications are life saving in many situations but i also feel that it is important to report the full story	2
3734	i spent most of that game feeling unsure about where i needed to be what i should be doing and just mostly feeling completely lost	1
3735	i feel like a greedy easily pound overweight american	0
3736	i also feel disappointed in his mother gertrude	3
3737	i feel lost and discombobulated i lose the drive to write	3
3738	i wanna go to work feeling bouncy and happy	2
3739	i feel sometimes like i want to say things that i am sure will offend	2
3740	ive learned not to depend on nor expect my body to perform but rather keep a flexible hope expectation that i can fulfill my duties despite how i feel im thankful that most people around me have been understanding and flexible right along with me	2
3741	i have finished reading i am feeling so insecure	1
3742	i feel sorry for the poor guy who were told to leave by female passenger when they accidentally sit on area for women	3
3743	i had been feeling suspicious all day	1
3744	i am feeling shaky all day too	1
3745	i mean genuinely appreciate and show him how happy it made you when he did x and that it made you feel y he will want to keep doing things to make you happy	2
3746	when an alcoholic stood dribbling over a food counter	0
3747	i finally realise the feeling of being hated and its after effects are so big	3
3748	i do know how you feel if you re little apprehensive about offering your gold jewelry for your minimal more cash so i am gonna share what i found with regards to the process of selling gold jewellery for some revenue	1
3749	i feel terrible and sexist whenever im in a group of women and they start talking about dieting and my brain automatically drops the t	3
3750	i feel that core of the song the melody should be respected as well as the lyrics but the rest can be should be changed	2
3751	i feel that defeated feeling it moves on and i start hearing whisperings of hope and what if s	3
3752	i was feeling when nick broke up with me over	3
3753	i still feel a dull ache most of the time even when not running	3
3754	i resorted to yesterday the post peak day of illness when i was still housebound but feeling agitated and peckish for brew a href http pics	1
3755	i feel angry and i feel sad	0
3756	i believe i manged to tone it down here while retaining just enough flourish to make the suit feel special	2
3757	i feel can be even more dangerous though because when youre pouring all time into ministry it can be accompanied with self righteousness or self satisfaction	0
3758	i began to feel agitated slightly dizzy amp very hungry	1
3759	i think about the fact that as i was leaving jordan hospital feeling triumphant at the completion of my last radiation there was a horror story unfolding two states away	2
3760	i forgive myself that i have accepted and allowed myself to feel tortured by a headache	0
3761	i don t want him to feel disrespected or unloved	3
3762	i feel passionate about people particularly those i love admire and respect	2
3763	i feel very alone in part because everyone has there opinion of what is going on or not going on and sometimes i feel that if i challenge those people they will be upset with me	3
3764	i found working out of detroit specialized in christian literature lol im feeling a little grouchy tonight	0
3765	i feel vulnerable as i did very much yesterday i cant say i felt a strong sense of self worth but maybe according to brown i could get better at accepting those vulnerable imperfect aspects of myself	1
3766	i get the feeling the oilers are hesitant to count on him again after he missed so much time a year ago	1
3767	i feel really pretty with this makeup haha	2
3768	i feel like i am that damaged can of corn with the big dent on the side and the label half torn off at the grocery store that is off that everyone pushes to the side and no one buys	3
3769	i feel that it is important to write about what happened to heal and i am sure there are many out there who need to see how someone deals with it all to find the strength to heal as well	2
3770	i feel uncertain about	1
3771	i feel really bothered	0
3772	i feel more irritable	0
3773	i remember feeling absolutely devastated when i heard that peach wasn t actually there to give me cake	3
3774	ive started to delve deep into myself and evaluate everything that has made me feel insecure or unworthy	1
3775	i still feel like im damaged goods and that affects everything that i do in my life	3
3776	i feel like i havent been taking enough risks and im not respected by my teacher because of it	2
3777	i couldn t get the feeling of those people s suffering out of my body	3
3778	i feel annoyed that those who bought tickets and sat through the screening could even find distraction with such offensive scenes and sounds flashed before them	0
3779	i think even as christians our trust and assurance in the lord is weak when we feel the most helpless	1
3780	i don t feel devastated	3
3781	i went through everything you all have too and am feeling fantastic right now	2
3782	i feel like half the time i just dont show affection and interest to anyone outside my little circle of comfort where a sincere response is guaranteed	2
3783	i have a feeling that most of you have yet to hear about this tragic incident in our world history	3
3784	i feel so deeply honoured to be able to offer these activations and i have made extra times available for sessions after the full moon next week as we move into the dark moon and then build up to the eclipse a natural time of bringing what needs to be examined to the surface of our lives	2
3785	i was feeling pissed then	0
3786	i feel like doing something productive on this	2
3787	i feel hesitant to tell them the truth about leaving the house to get the toy	1
3788	i didnt feel the need to photograph every temple or frantically scramble through sites in a vain effort to see it all or meticulously record every meal eaten over the course of ten days	3
3789	i end up feeling very rushed and exhausted by the time we sit down to eat and i don t take the time to really think about what i am thankful for much less take time express that to god	0
3790	ive been cleaning the apartment trying to get life back in order after vacation and holiday mayhem and instead of feeling grumpy about it like i usually would i am feeling overwhelmingly blessed	0
3791	ive been feeling wonderful and am now enjoying little karate chops inside my abdomen on a regular basis that make my heart spin circles of joy	2
3792	i guess i made her feel unwelcome though i honestly didnt mean to	3
3793	i just want the best for that boy maybe i can really stop feeling like im a heartless bitch	0
3794	i loved them more than anyone else and if i wanted them to feel valued and appreciated then i ought to give them better treatment than random dinner company right	2
3795	i could see that when i am angry with my coworker i am also in a moment where i do not trust the other person s intentions i do not feel respected or appreciated by that person	2
3796	i watch my friends going through changes and i feel envious	0
3797	i do find myself feeling anxious seeing what everyone else is doing and feeling that i am not up to part with my peers and or i am stagnate	1
3798	i have been feeling pleased with myself for being really healthy this pregnancy	2
3799	i feel miserable just reading about americas heat wave and i live in the always hot middle east	3
3800	i created my how to paint an owl e course with the intention of sharing the simple shape templates that i use to start my own owls so that others could easily create their own and not feel afraid to start on a blank canvas	1
3801	i am unable to conclude what kind of person i consider myself i can say feeling guilty and uncertain helps me to realize some of my flaws so hopefully i can move forward in my life to think about situations and my words more thoroughly before acting	3
3802	i feel that the video was a clever harsh striking and much needed parody satire on the current state of hip hop	2
3803	i have good camwhore skill thanks to instagram and pudding which is anotehr super popular social apps to post all your vain picture without feeling vain because others will do the same so ftw	3
3804	i have started this journal because i feel like a bunch of unfortunate and seemingly random things happen to me and i would like to keep track of them	3
3805	when the paramilitary was sent to the unza and it started using tear gas and started intimidating the students without any provocation	0
3806	im waiting to go to my decal right now and i feel really shitty so i dont want to do any studying for the time being	3
3807	i feel so appreciative to the owners of this cafe	2
3808	i have been absolutely useless written about nothing at all and feel like im neglecting my faithful followers by failing to update the blog today	2
3809	im feeling so doubtful today	1
3810	i wake up always feeling anxious not knowing why	1
3811	im feeling adventurous i use his ideas as my own	2
3812	im happy i got her to see her smile and laugh yesterday something to bring me joy when i feel completely drained	3
3813	i feel very pretty and i have a really cute outfit on with some pretty costume jewelry	2
3814	i wake up this morning i can feel my legs my body is aching	3
3815	i feel this feeling when i am to fill in a questionnaire or a form	0
3816	i feel tortured being a person because no one in the world even think im somebody i wish there will be somebody out there wishing is just a waste of time though i dream too for somebody but its just the same tortured	1
3817	i almost feel confused and out of character when i honestly say actually things are going pretty well	1
3818	i would never be able to feel like i do today buoied up by sense of peace and calm that can only come through hope	2
3819	i hate the fact i feel so miserable most of the time when im not usually and i hate the fact i feel as if im moaning	3
3820	i m tryin my level best be a gud pal but i cant help if u dont understad what i feel abt u dats ur problemn i don think carin for sum is a crime img src rte emoticons smile sarcastic	0
3821	i feel so bouncy and happy	2
3822	i seriously hate one subject to death but now i feel reluctant to drop it	1
3823	i feel like i can read all the articles and blogs and even the press releases from the akron marathon in the world but nothing can calm me down	2
3824	i feel so privileged that god made this plan for us	2
3825	i know your feeling because i have it and i am glad you have it	2
3826	i had to stand in front of sinks and odkh milk in front of all the women who were entering the bathroom she said i feel offended and i try hard not to cry took	0
3827	i feel that it is vital to the conservative movement or anybody to the right of obama for that matter not hard to be to watch carefully	2
3828	i just want someone i can feel safe around isnt gunna make me as questions or what me to explain myself about things all the time a guy that understands and gets me	2
3829	im feeling pretty energetic	2
3830	i always conceal my real true feelings because im afraid of being venerable and taking advantage of because well that happened before and it really destroyed me	1
3831	im feeling cool today	2
3832	i often look back on my younger years and feel ashamed of the things i have done	3
3833	im feeling drained as usual	3
3834	i recently mentioned i feel savage worlds isn t doing a good job modeling the kind of story robin and i are telling in our current duet game and i m willing to experiment with another system	0
3835	im just feeling pissed	0
3836	i have this nasty feeling that i am being an ungrateful wretch	3
3837	i was feeling rebellious because of what was happening to us as a family	0
3838	i have just got home tonight from a beautiful surprise party for a gorgeous friends birthday and can i tell you i am feeling so sentimental and awed and actually totally lost for words to really explain how i am feeling	3
3839	i feel angry because instead of asking how am i with my problem he accusing me and i am mad because it finally confirm what kind of person he is	0
3840	i feel like a tree which is being shaken rudely from its comfortable ground	1
3841	ive last posted not that my mind hasnt been flooded with topics that i feel need to be entertained but more so to do with the influx of feelings and opinions without clarity as life happened	2
3842	i open my eyes in the morning my heart feels empty	3
3843	i feel completely humiliated but i will not let that get in the way	3
3844	i devote a significant amount of emotional energy to feeling anxious and thus become irritable or frustrated with very little provocation	1
3845	i feel that if i met the author that we would get along because the writing seemed more friendly than formal	2
3846	i would throw things and feel terrified and agitated	1
3847	i identify with being independent admittedly sometimes to a fault and being strapped all the time makes me feel needy	3
3848	i even feel her hair looks superior here	2
3849	i feel he became frightened at the thought that i was putting my best foot forward	1
3850	i could go on further but i feel like i ve tortured you enough for one day	0
3851	i feel isolated and alone in my trade	3
3852	i feel uncomfortable and slobby	1
3853	i have to push back the repressed expressions of a child of split marriage and say to myself no you had your chance its too late now to feel enraged by your situation but all i wanna do is yell at the top of my lungs fuck you this aint my fucking problem so dont make it that way	0
3854	i feel fine he adds with a bright smile	2
3855	i have begun to feel really burdened for the women in our slums particularly my mamas in kina	3
3856	i feel like im being greedy when i say i want more money	0
3857	i still feel devastated	3
3858	i wasn t laying around my disgusting apartment feeling melancholy anymore	3
3859	im by no means huge however as im only i find that any extra weight at all makes me feel very uncomfortable in myself as well as my clothes	1
3860	i feel like i deserve it i should be punished i did an awful thing	3
3861	i feel like i have to redeem myself even though i think they realized why i was distraught and were ok with it	1
3862	i shy away from songs that talk about how i feel toward god or that maybe even talk about my faithful response toward god	2
3863	i was so scared that i would walk out from the saloon feeling regretful about cutting my hair because i always miss my old hair when i get a new haircut	3
3864	im feeling emotionally vulnerable right now and just want to throw up in peace so i can go back up and party hard	1
3865	i can do this but after a romantic meal and a few glasses of wine i m tired and lethargic and the last thing i feel like is some vigorous humping action	2
3866	i feel guilty that we will do nothing special on thanksgiving	3
3867	i almost didn t want to post these because i can sometimes feel intimidated by the amazingness of other mom bloggers who seem to have perfectly organized homes and entertained children	1
3868	i feel really petty complaining about panic attacks and such	0
3869	i mean i know quite a few causes as to why i feel fucked in my head	0
3870	im standing by myself off near maxs crib watching the whole thing and feeling more terrified	1
3871	i feel like i would have been confused if i had waited a long time before reading the second book	1
3872	i was feeling bad over it with every passing minute	3
3873	i was pleasantly surprised to read that i was just as susceptible to falling under dessen s romance spell but other parts of the novel did feel like missed opportunities	3
3874	i began to shoot every person i made feel perfect	2
3875	i dont win a lot of things but i still feel ridiculously lucky	2
3876	i want to feel pain in my chest when something terrible happens and i want to cry happy tears when something good happens	3
3877	i feeling stressed	0
3878	i think we often feel this way about planting ourselves where we are deeply terrified that if we go too deep into the ground it will be hard to get out again	1
3879	i do not like feeling unsure and uncertain	1
3880	i move in to sit real close close enough to smell the cherry candy you ve been sucking on close enough to feel nervous	1
3881	i just feel pathetic for this world	3
3882	i hear that bird i know that all is well and i feel safe	2
3883	i feel irritable and low but i just cannot put my finger on what exactly i am unhappy about	0
3884	i do like hearing about ministries that reach out to people that need it but one concern i have is that they may feel pressured to except jesus into their hearts by accepting care from the ministries	1
3885	i was feeling very resentful	0
3886	im feeling a bit sentimental	3
3887	i feel furious on your behalf	0
3888	i think the reason the discussions feel so lively is that since it is a night course the class is very diverse and large and a bunch of the students are on the older side	2
3889	i may be starting to feel paranoid or maybe insecure but im just a mere human being who yearns to be loved to be cared of and to be noticed	1
3890	i feel so honored to have so much support from my friend mona all my wonderful customers and followers on my facebook pages and my parents who drove hours just to be in the front row and help and support my endeavor	2
3891	i did feel like things were resolved a bit too quickly at the end though i am intrigued to find out what happens in future books	2
3892	i knew i had reached there after the continuous bumps that made me feel obnoxious due to the devastating condition of the roads	0
3893	im making more mistakes thinking less clearly and feeling more anxious	1
3894	i was dreading it and feeling irritable	0
3895	i feel like i kinda gettin lil bitchy with him but gimme a break i get my rag in a few hours	0
3896	i honestly feel envious	0
3897	i should ask them to move but the movers were working full speed and i didnt feel like being bitchy	0
3898	i know that ann is still feeling very homesick	3
3899	im sober i feel that sort of numb much like when i was on celexa but none of the calm	3
3900	i feel myself being very indecisive about how i see my work life playing out	1
3901	i spent the first couple of days feeling a bit restless so i kept myself busy with cleaning and organizing etc	1
3902	i feel fearful because i dont know what is going to happen next in the course of me recovering	1
3903	i can also song write without feeling all bashful about it and play music and my guitars without anyone telling me to turn it down	1
3904	i nearly called an ambulance feel a bit shaken up saw the doc who has given me some diazepam which im not sure of takeing	1
3905	when i woke up in the middle of the night because of a dream	1
3906	i was feeding morla i started to feel agitated and for no reason	0
3907	i just kind of feel blank about the whole thing	3
3908	four weeks ago i felt very much touched to find an asciatic patient who had asked the very morning to be tapped of the fluid	0
3909	i feel like when nikolas gets here im going to have such a rude wake up call	0
3910	i didnt feel terrible about slowing them down	3
3911	i don t feel particularly elegant though	2
3912	i cant help but feel hopeful and optimistic about a brighter future	2
3913	i feel so smart even though its really easy to do haha	2
3914	i am left feeling rather distressed and torn	1
3915	i bet taylor swift basks in the knowledge that the boys she writes songs about probably feel tortured	0
3916	i sometimes feel doomed that the way my life is is the way it will be for the rest of my life	3
3917	i think i agree but it does give me an extra measure of humility when i feel really stupid	3
3918	i will try plead my case to those who may be feeling unloved and abandoned by me and those who cant empathise with my position read on	3
3919	i am anxious to see the movie bully it s trailer left me feeling shaken and nostalgic	1
3920	i was feeling quite emotional as i always do watching my little white boy who is getting to be medium sized putting his heart and soul into his haka performance in particular overwhelmed by the effect of all these children performing together in a form unique to new zealand	3
3921	i don t want to use this space as a political soap box i feel we have reached an important crossroads that may strongly affect the future of our food in this country and possibly in this world	2
3922	i know is what i feel and i feel absolutely terrified so overwhelmed with desire and like all i can do is cry and drink beer and prey that maybe i will find a way to make all of these lyrics work within my thought process	1
3923	i can even say my opinion on something without him feel offended	0
3924	i feel myself getting pissed off at the tiniest things all the time	0
3925	i feel a little bit sorry for ahem to face hard times there	3
3926	i love it but i never feel like i m quite perfect at it	2
3927	i want to scream to yell at everyone who i feel has wronged me but honestly what good will that do	0
3928	i have to report and suddenly your author feels bashful for his maniacal rants	1
3929	i feel like you re being super humble right now	2
3930	i talked about this with my therapist yesterday but nothing feels resolved in so far as anything ever gets resolved in a session	2
3931	i got up and started doing the one thing that always gives me joy even when im feeling lousy	3
3932	i know that i was going to feel disheartened afterwards because of an unknown undefinable thing which i cannot attribute to anything at all	3
3933	i didnt feel quite as energetic and regained my lost weight even though i tried to keep up my exercise routine	2
3934	i feel hurt by the lack of any thought for me i knew she was busy with needin to drop beth off n that but only takes a second to bob in n give me a kiss goodbye or even a text	3
3935	i am not angry at him i kindda let my negative feelings towards him away but something is still bothering me maybe i m a little bit jealous at him because he won for him it was easier to let things go and have fun whereas at my side things aren t that simple	0
3936	im feeling very sentimental tonight	3
3937	i think most people have little problem expressing but once in a while i can t help but feel that we shouldn t be afraid to let it all hang out there and express the other emotions that don t get nearly as much airtime	1
3938	im moving forward and feeling optimistic for the first time in months	2
3939	i think we all feel a bit disappointed to miss out on points today	3
3940	i spent two hours working on my crochet gift for you but i still feel restless and slightly sad	1
3941	when i was subjected to a very nasty joke by a group of friends	0
3942	i have been in contact with people who are feeling extremely irritable and experiencing major headaches remotional outbursts	0
3943	i dont know why but i feel uncomfortable in front of people who flaunt their strength or their accomplishments	1
3944	i feel weepy and that makes me want to avoid people so i dont freak them out	3
3945	i have a lot to be thankful for every year but i feel like this is one year that im extremely thankful that i have such an amazingly supportive family	2
3946	i wanted to avoid feeling rushed	0
3947	i hadnt been at my parents place for a long time when i went to visit them i had high expectations	3
3948	i love reading i feel positively rich when the house is full of new books learning new things and as the pain is relentless i can t really pace myself i spend my days pottering from job to job depending on how stupid i feel like being	2
3949	i am feeling a bit doubtful of myself the last couple of weeks	1
3950	i went for the large double double along with a chocolate chip muffin i was feeling dangerous	0
3951	i attempt to convince others of what they should think and how they truly feel i become resentful when others will not let me help them	0
3952	i was trapped in the mall and was starting to feel like a mallrat and i hated it	0
3953	i walked in feeling not really terrific and her humor her story made me appreciate what i was going through at the time and saw that struggles do lend itself to triumph she said	2
3954	i was nannying my kids could definitely snark back at me when we were feeling bitchy but i feel that sarcasm should be kept away from children s clothes	0
3955	i find myself feeling slightly melancholy at the thought of retiring my favourite summer pieces into a storage closet for the fall and winter seasons	3
3956	im still using blogger to follow other blogs but i like livejournals feature of enabling private posts so i can keep just one journal without feeling inhibited about writing things i dont want to publish on the net	1
3957	i don t like feeling vulnerable or exposing all my worries and concerns mostly because i have felt the need to hold it together to be the strong one	1
3958	im feeling kind of unwelcome	3
3959	im sure everyone is starting to feel the christmassy and getting into the festive era	2
3960	i feel paranoid	1
3961	i guess i feel dissatisfied lately because i have deleted my myspace made a facebook and then deleted that all within hours	0
3962	i sometimes worry about feeling offended hurt or wrong in what i said when someone makes a nasty reply back but i didnt feel any of that with these people	0
3963	i feel are acceptable in music and as such any criticisms i have only reinforce the concept of her music	2
3964	i also mention marriage living in that he also feel the wronged me but at home so high the price is scary an ordinary rural family really difficult to afford the high price of the house	0
3965	i also feel that too much content is contained in the vocref top ontology	2
3966	i had climbed on a cherry tree alone and there was a thick caterpillar beside my fingers i feel disgusted by caterpillars and snakes i was terribly afraid of the caterpillar crawling on my fingers out of the fear i was almost unable to climb down	1
3967	im out of the game yet but with two weeks left to go and having only been up for a week ive got to say that im feeling discouraged	3
3968	i feel that we did a fantastic job of showcasing the impact affirmative action has had on higher education	2
3969	i understand the feeling of a writer unsure of his skill unsure of his audience wondering if he has wasted hours and hours of his life making marks on a page	1
3970	i must not allow myself to judge the character of others and or dwell on feelings of having been wronged lest i develop serenity stealing resentments	0
3971	i was feeling glad	2
3972	i feel mad that you grabbed the toy	0
3973	i feel scared and unsure and out of place	1
3974	i feel a little like tom daley who was rightly ecstatic with his bronze medal i also feel that those delightful ladies from the wi really need to fucking lighten up a bit	2
3975	i feel a lot of support and very honoured because i was chosen to represent my country	2
3976	i stopped taking the prescribed antidepressants months ago without bad feelings there good feelings have no distinction from the norm	2
3977	i feel so disgusted with myself she allows me to see a glimpse of myself through her eyes and somehow miraculously i feel that maybe i can conquer the world after all	0
3978	i then ran away leaving me there to feel so hopeless	3
3979	i am feeling quite pleased with myself at this point	2
3980	i still feel embarrassed when i think about it	3
3981	i feel sorry for her father	3
3982	ive been wrestling with feeling jealous envious of my gfs other bf since hes been staying with her for a while	0
3983	i was sick of feeling so lethargic all the time	3
3984	i could vocalize my feelings here i would put in a sarcastic great	0
3985	i really feel this way there is not a single day that has gone by that ive felt insecure with jerome	1
3986	i feel irritable supersensitive	0
3987	i was sitting in the corner stewing in my own muck feeling hated alone unworthy and violated	0
3988	i feel quite fearful about her future other times i wonder how this happened to her or even if i did something to cause abbigail to have apraxia	1
3989	ive decided to intentionally make it easier on myself even though it makes me feel wimpy admitting that is the reason but this girl does have to work a day job	1
3990	i feel lethargic i just feel blah but when i m on the diet i feel great and have so much energy	3
3991	i found myself feeling shaky and dizzy while i exercised and a part of my weight loss could have been due to getting a throat infection	1
3992	i know why you are angry at me and you have every right to feel those angry perhaps even hateful feelings for me	0
3993	i wish it had been a little more and this makes me feel greedy and sheepish and lazy for not having worked harder over the last few months	0
3994	i squeek at the intimate scenes not once did i feel grossed out or appalled in anyway and not because im a freak but because when you read about these two loving people you forget that theyre brother and sister	0
3995	i feel so excited for college	2
3996	i feel that someone has wronged me in some way its impossible sometimes hard for me to get past it without an apology from the guilty party	0
3997	i feel like a mouse among men perpetually terrified	1
3998	i love being around people and i naturally feed off of their energy but i feel all alone in the world	3
3999	i feel isolated as though i am observing	3
4000	i also have an amazing community of friends and artists that i feel accepted by and with whom i know i belong	2
4001	i feel to write something is making me reluctant	1
4002	i feel quite honored to exhibit my work in portugal especially within the critical and philosophical context of the god factor project said west	2
4003	i feel quite idiotic but whatever	3
4004	i get the feeling that i m totally isolated from them all and that they talk about me and my low self esteem behind my back and how they don t think much of me and how i m kind of a killjoy sometimes and how disappointed they must be because of the failure that i am	3
4005	i only have to think about a high school experience and i instantly feel like that shy confused and terrorised teenager again	1
4006	i have a feeling this is going to be really long and obnoxious	0
4007	i squirmed against it but the pain was starting to get to him so he stopped feeling resigned	3
4008	im really lucky to have him as my partner and im really trying hard not to keeping myself busy with other tasks but im really feeling disheartened right now	3
4009	i am walking around feeling quite tortured because i spent so many hours on it and it is still not finished but i have learned a few things	0
4010	i can understand feeling uncertain about the abc link	1
4011	i can only feel sympathy for you if you are suffering	3
4012	i remember waking up feeling anxious and excited to read the bible its amazing how god will change your desires	1
4013	i need to work on better nutrition all the time because when i do i feel amazing	2
4014	i had a horrible horrible horrible time and honestly this music the monkees was one of the few things that made me feel truly happy and right now i m tearing up which is stupid because yes i am feeling happy	2
4015	i feel pathetic because im still single	3
4016	i have wanted to perhaps convey my feelings of a matter instead of my thoughts and have rejected it because i have thought feelings in the matter irrelevant	3
4017	i am now turning and i feel pathetic that i am still waiting tables and subbing with a teaching degree	3
4018	i feel like this was such a rude comment and im glad that t	0
4019	i cant walk into a shop anywhere where i do not feel uncomfortable	1
4020	i don t feel particularly agitated	1
4021	i pay attention it deepens into a feeling of being invaded and helpless	1
4022	i feel like reds and purples are just so rich and kind of perfect	2
4023	i am feeling outraged it shows everywhere	0
4024	ive been missing him and feeling so restless at home thinking of him	1
4025	i posted on my facebook page earlier this week ive been feeling a little grumpy and out of sorts the past few days	0
4026	i feel so cold a href http irish	0
4027	i spent the last two weeks of school feeling miserable	3
4028	i feel humiliated embarrassed or foolish i will remember that others have felt the same way because of the same kinds of things and i will be kind and helpful and accepting	3
4029	i also know that i feel nothing than a friendly affection to them too	2
4030	im feeling insecure at the moment	1
4031	i was feeling pretty anxious all day but my first day at work was a very good day and that helped a lot	1
4032	i think about the things ive said and the stuff i have done it makes me feel disgusted in myself when i should be making you happy and smile which i was far from doing	0
4033	im feeling pretty anxious	1
4034	i feel disgusted in any man in power who talks about electricity being a problem in his area and says even my own house has similar problems	0
4035	i feel transcendant and splendid	2
4036	i finally arrived home a couple of hours later feeling somewhat exhausted dehydrated and even sun burnt	3
4037	i am not a people person but for some fuckin reason people feel that they can come bore me with their fuckin petty garbage	0
4038	i feel like i am in paradise kissing those sweet lips make me feel like i dive into a magical world of love	2
4039	i am feeling uncertain of the merits of posting to this blog with the frequency or earnestness i had been over the previous year	1
4040	i was feeling weird the other day and it went away about minutes after i took my metformin	1
4041	when a friend dropped a frog down my neck	0
4042	i feel my heart is tortured by what i have done	0
4043	i feel thoroughly virtuous even if the daily trip to the compost bin isn t the most pleasant experience	2
4044	im not feeling anything suspicious really	1
4045	i know its easy to feel a little envious of me and i cant tell you that you shouldnt	0
4046	i feel like we are doomed us humans	3
4047	i got the sleep but if i could choose not to be woken up by an alarm i d definitely take that over anything it makes me feel so groggy	3
4048	i feel that this information is vital to moving on with your day and you re not complete until you read it	2
4049	i don t like the feeling i get when someone is even a little bit offended by some offhand remark i ve made	0
4050	i was pregnant with dean i spent the rest of my pregnancy feeling terrified about having another baby	1
4051	i feel refrigerator magnets that were so popular a few years ago	2
4052	i feel petty all of a sudden	0
4053	i was quite surprised with the weather these past few days but im so thankful for that since i still can wear my shorts out without feeling that cold yes no kidding	0
4054	i feel shy to admit that i was struggling to haul a single computer up	1
4055	i feel impatient i just post a blog entry and i feel ive gotten some words written and out into the world	0
4056	i had a fab christmas and an amazing new year with my family and friends and against all odds i feel very optimistic about	2
4057	i was feeling particularly vulnerable in a specific area so i began to talking to my friends and interestingly enough there was an incredible understanding of my struggle	1
4058	i go onto the officer down memorial page and reflect on my feelings about that wonderful officer which seems to make me feel a little better	2
4059	i feel terrified because my landlord has not changed our locks yet	1
4060	i am loosing out but i feel like i have have so much to share with many and if anything that is not unfortunate if anything it makes me grateful	3
4061	i wrote two years ago so many things i feel unsure of maybe	1
4062	i still feel frightened of the world yet no where near as much as i used to	1
4063	i was somewhat coerced into this blog review so i feel a bit rushed and flustered	0
4064	i couldn t help but feel pissed off at both sides of the debate and the unnecessary dichotomy itself	0
4065	i am feeling rather damaged	3
4066	i feel so smart when i find ways to trick myself like this	2
4067	i feel stupid whenever this happens	3
4068	i feel like my irritable sensitive combination skin has finally met it s match	0
4069	i just don t like to be asked about the reason behind my mood when i m feeling gloomy laughs	3
4070	i could change the emphasis and say i am stella and i m noticing i m feeling impatient	0
4071	i feel like i entertained sd all day	2
4072	ive struggled mightily through today and even though i feel cranky and tired and unmotivated still i really am not going to be going to sleep before eleven thirty	0
4073	i didnt feel i rushed things dhawan tweet script type text javascript src http platform	0
4074	i feel so fucking worthless	3
4075	i also didnt feel i could be mad at god because i know inside me that god does nothing without a purpose	0
4076	i feel miserable and he doesnt care	3
4077	im feeling slightly irritable today	0
4078	i took for granted a few weeks ago is really weird and makes me feel really agitated and frustrated	0
4079	i didnt feel at all deprived having it in my chai this morning	3
4080	i was feeling very unsure of myself and at near breaking point	1
4081	i remember leaving church feeling invigorated every sunday and tuesday night	2
4082	i am feeling crampy and cranky	0
4083	i indicated then i was feeling quite overwhelmed with work responsibilities teaching traveling and writing	1
4084	i no longer feel doomed to falling into the abyss with no way out	3
4085	i just need to accept to be treated like a princess everyday without feeling dumb about the situation	3
4086	i feel if the pressure vessel has been seriously damaged then far more radiation would have leaked he said	3
4087	ive been feeling a bit melancholy	3
4088	i feel agitated and annoyed more than worried or fearful but these feelings can easily lead to being short tempered with my family and feelings of disharmony	1
4089	i still feel scared every time i go into a strange place	1
4090	i don t feel the author s talented	2
4091	i could feel his breath on me and smell the sweet scent of him	2
4092	i remember feeling envious but then why would a young healthy person envy someone who s just barely survived	0
4093	i know nothing is going to change even i feel very envious to these people but i cant stop feeling jealous to these people because its a human beings instinct to act so	0
4094	i feel like the people that i myself love want and need don t talk to me and don t connect with me anymore because they have fucked up mental health and emotional problems that i can t help contribute contain understand or encompass	0
4095	i feel so scared when the voices from there start to speak to me	1
4096	i feel insulted pete edochie responds to death	0
4097	i feel but not to such a hostile extent	0
4098	i am feeling vulnerable nervous worried anxious and a bit lost	1
4099	i was feeling defeated i usually pick things up easily this way but i just wasn t getting it	3
4100	i am most certainly an acquired taste but lately many of those around me have seemed to feel the taste to be bitter	0
4101	ive been feeling afraid a lot lately	1
4102	i see momo feel shy momo hmmm gt me heyy momo	1
4103	i feel amused looking at the little turtle who sneaked in with them	2
4104	i feel so honored today and i want to share the emotion and my gratitude because i received a very complimentary email from someone who reads thought provoking perspectives	2
4105	im feel a little bit shy to talked to her for a second but manage myself because i saw from her eyes that theres something with this girl	1
4106	i love that this is a place a series with no real heroes and i love that the way the couples in these books fall in love feels just as violent and crazy as the place that they call home	0
4107	i didn t feel pressured or constrained in my choices to behave in a particular way i just felt very busy	1
4108	i was feeling more and more frustrated with each session he attended	0
4109	i feel like in the last year especially i ve gone from a girl to a woman and despite how hesitant i have always been about getting older next year i will be twenty four i am surprised at how pleased i am to have done so	1
4110	i feel attacked or insulted it is helpful to realize that the idea of attack is alive and well in my own mind	0
4111	ive missed that feeling and ive missed being there and ive missed having something to work towards that keeps my focus on me and keeps it off of my phone and the potential trouble it can get me in	3
4112	im feeling a bit uncomfortable with myself too	1
4113	i know that i have it nowhere near as worse as my brethren overseas but right now i feel like im being physically emotionally and spiritually assaulted	1
4114	i am feeling so reluctant and overwhelmed i try to think of the alternative abandoning that dream	1
4115	i usually like sam but sometimes he gets downright whiny and i ll admit that all the mistakes he made due to sibling rivalry and pride that eventually led to the end of season kind of made me feel less tragic about the whole thing	3
4116	i had to continue to enforce my no playdate policy which meant i continued to feel angry twice over each day once during a horrible morning drop off and once in the afternoon when i reminded noah that no he couldnt play because of the bad drop off missing mommy	0
4117	i did not know this i could not look out upon the sea and sky without feeling mildly discontent	3
4118	i hate feeling like this this is bullshit ok i m so done bye	2
4119	i sit here feeling drained i really wonder what will i do when i reach that point	3
4120	i buy something i go out and look at what else i didnt buy and then after a bit of comparison here and there i suddenly feel dissatisfied with my purchase	0
4121	i cant do strappy shoes at work i just feel weird so i took these off thrifted ninewest	1
4122	i decent article which i knew likely had good information because my initial response was to feel offended and want to argue despite the fact that it was talking about not doing exactly that	0
4123	i don t want to tag people who think this is silly but if there are people out there who want to be tagged i wouldn t want to make them feel unwelcome	3
4124	i entered the living room i had a horrible feeling aching in the depths of my stomach	3
4125	i feel relatively safe normal or whatever you might call it	2
4126	i feel quite helpless in all of this so prayer is the most effective tool i have because i have no answers and there is nothing else i can offer them right now	3
4127	i feel complacent and satisfied	2
4128	i ventured into fabrics amp fabrics on a whim yesterday feeling a bit nervous knowing i would be tempted beyond my comfor	1
4129	i feel as if we have a talented enough team to win some games and go deep into the tournament	2
4130	i kind of feel a little petty about this	0
4131	i described how i was feeling the feeling of being out of control and completely restless the fear of what could still happen my obsession with trying to do it all and the fact that it was just not working	1
4132	i want you to snap out of it and simply feel simply live laugh enjoy this life no matter how idiotic it is	3
4133	i feel it is dangerous especially for the new believer who is not grounded in the word of god	0
4134	i feel somewhat fake in the group	3
4135	i was feeling particularly pissed off and wanted to go to a party	0
4136	i hope you feel incredibly cool now	2
4137	i watched the news at the tv	0
4138	i didn t really go looking for it but i can definately see where the enjorlas marius ship comes from though sadly i feel it s mostly one sided and that marius is nothing more than a rich schoolboy following his whims without thoughts to the concequences	2
4139	i get people asking me what it feels like to be the most hated man in dallas county said assessor steve helm	3
4140	i have reported feeling marginalized intimidated and or subjected to threats of retaliation	1
4141	i have tried sorting out the area for the cat houses this lunchtime but i guess after the printer ordeal i am feeling quite uptight so it has been put on hold	1
4142	i feel like i am not accepted here i and bucking this force that is coming from all quarters that tells me that something is wrong with me if i am not married with children	2
4143	i feel for this divine landmass and all the respect i bear in my heart for the greatness residing on it	2
4144	i feel vulnerable not knowing what is to come and i feel like the rest of my life depends on today	1
4145	i feel so damn agitated	0
4146	i feel annoyingly isolated in the hostel with all those people talking outside the room etc	3
4147	i feel a bit dull by it all	3
4148	i hope it is because he understands the way i feel i hope he sees what he could miss and is putting the petty negative thoughts aside	0
4149	i feel kind of awkward about doing this here goes	3
4150	i was worried that maybe she was sleeping so well because she wasn t getting enough milk and was feeling lethargic	3
4151	i feel accepted and loved by a community of derby girls that i helped to create	2
4152	i feel utterly disgusted with myself right now and am contemplating death every waking moment ever since she uttered those few words	0
4153	i often feel confused as to whether i have bipolar or just a really hard core sinful nature	1
4154	i grabbed my dog and hugged her fiercly for the next hour or so until i began to feel a bit like myself again but i havent completly shaken the feeling and have been feeling rather depressed anxious all day	1
4155	i found myself feeling inhibited and shushing her quite a lot	3
4156	i admit that i am jet lagged so during the daylight i feel groggy almost hung over while at night when everyone is tucked in and snoozing a light pops in my brain and i transform into the ever ready bunny	3
4157	i feel a lot better about the way i wrote this bit of the code	2
4158	i feel so unloved without you next to me but when im with you	3
4159	i justified in feeling slighted or am i just being ungrateful	3
4160	i feel like it s waiting in the wings just patiently waiting for me to be distracted enough so it can take me down and take everything i love in this world away and destroy me	0
4161	i feel like i fucked up big time but i have to protect a and myself	0
4162	i feel ive ignored it too long this year	3
4163	i am feeling a little more relaxed i am certainly not feeling refreshed thanks to drunk dudes who decided letting off fireworks every half an hour all night would be super fun and the fact that it s impossible to sleep in the freezing cold with a complaining toddler but i have certainly rebooted	2
4164	i definitely feel there s some useful information here for anyone facing similar questions to those i had during this time of my life	2
4165	i too feel a sense of melancholy for them	3
4166	i had just hiked up and down a long steep hillside loaded with grass and bushes so i was feeling pretty doubtful id be able to find it	1
4167	i feel so fearless in these post grieving days	2
4168	i sometimes feel a bit unwelcome	3
4169	i suspect his reasoning may simply be to lull apple into feeling complacent	2
4170	i feel so exhausted by a	3
4171	i prepare i feel thankful that these events touch upon so many different concerns in my poetry from language issues to pacific aesthetics from the avant garde to eco poetry	2
4172	i feel inspired so many thing i want to write down	2
4173	i was playing a sport in an advanced pe class and many of the people were not advanced	0
4174	i feel so greedy of holidays and forgetting my responsibilities	0
4175	i am still healing from having my heart broken still healing from broken dreams still doubting myself still feeling confused	1
4176	im feeling envious already	0
4177	i feel like an emotional cutter	3
4178	i mention my oldest child before my youngest will her feelings be hurt	3
4179	i am feeling quite distressed and dejected over my battle with insomnia	1
4180	ive been feeling a little defeated maybe even over looked	3
4181	i dont know whether his presence is the reason why i feel more homesick for the uk than the us or just by being here makes me miss my former home	3
4182	i only do unwillingly and always leaves me feeling grouchy and unsettled	0
4183	i have to give it to men as women we complain a lot about the heals we have to wear but at least we can wear a dress and feel cool in the summer	2
4184	i feel embarrassed enough	3
4185	i get the feeling donald is smart enough to educate himself through his own densely focused meanderings and their inherent shortcomings	2
4186	i think your viewers tonight will enjoy the show coming from malm they will like some things be less fond of other things but hopefully they will feel entertained and smitten and feel the urge to cast a vote regardless if your country is voting tonight or not	2
4187	i ever want to feel that vulnerable	1
4188	i feel like rich purple and gold are a match made in heaven and this reinforces that belief	2
4189	i feel smart when i figure things out myself	2
4190	i feel he will be perfect for this event	2
4191	i sit here in the snowy ohio countryside on christmas eve feeling like i m in a postcard i m thrilled to announce that i found it	2
4192	i was feeling heartbroken and lonely i watched my second younger sibling get married leaving me the lone single adult in our family	3
4193	i enjoy about his work is the genuine feel and the pleasant message he is trying to deliver with all this	2
4194	i knew except they ve lost that girly feeling and gained a graceful wisdom	2
4195	i am feeling a bit ungrateful and choose to correct that	3
4196	i am feeling playful this morning	2
4197	i feel like im a pathetic little desperation	3
4198	i also feel the need to say thank you to the boy who helped me realize the above for showing me an absolutely splendid and hot night	2
4199	i suppose its only natural that id start to feel a little homesick for new england at this time of year	3
4200	im begging fate not to mess with the next cycle to let it look as pretty as this one so i can at least go in feeling reassured	2
4201	ive got to learn to be mindful of how i feel all the time not just if im suspicious of a feeling	1
4202	i am feeling much more relaxed	2
4203	i have a feeling there are a lot of pissed off people in sea org in hollywood where scientology has become the monster that devoured wa wonderfully sleazy bohemian area	0
4204	i feel like it s more of a mellow restive dream maker	2
4205	i think it s to do with the fact that i know i don t have a lot of time to play catch up and also because my free time for the first time in what feels like forever is really my free time	2
4206	i feel that he is so determined to steal private industries away from citizens of this nation that he has given no time to fighting the real enemies of theu	2
4207	i would say no not yet and i would feel superior and in fact self righteous even if i would not admit it back then because i remember looking at the point so i can see that the point did come up but i could did not face it to protect my ego	2
4208	im the only one with all the feelings and emotions and thats just pathetic of me to do so	3
4209	i decided to lay down in my bed but then i started to feel really violent like i wanted to punch and kick things except i didnt wnat to hurt anything	0
4210	i wasn t sure what this gnawing feeling i was having but i was getting agitated sitting around doing nothing	0
4211	i normally find intimidating but shes crazy about tiny little foreign food places and people like her so i feel less socially intimidated when im with her	1
4212	i feel like an indecisive idiot	1
4213	i really feel like having my own space anymore is a really vain idea	3
4214	im saying this having not read the book the characters were hard to empathise for and a lot of the time i found myself not feeling distraught when something happened but rather uninterested and blank	1
4215	i feel embarrassed for not having lost weight again and im afraid that another week of disappointing news at the scale will cause people to give up on me and stop following the blog	3
4216	i feel pathetic that i can hardly go a whole day not talking to him	3
4217	i feel assaulted by this shit storm of confusion anger and hurt feelings that tsunami d us both away from each other	1
4218	i feel betrayed and angry and sad at the same time dammit	0
4219	i feel suffocated and paranoid	1
4220	i must confess that im still feeling very uncertain about how god is going to work everything out	1
4221	i felt abandoned for what seemed like the millionth time in my life and i spent the last several days feeling sorry for myself when i should have been picking myself up in order to help my friends	3
4222	i feel she said quickly i am so glad	2
4223	i am starting to feel like maybe i do want a relationship im just to stubborn to admit it	0
4224	i didnt start feeling the excitement until the movie was almost over and then it started coming in violent waves	0
4225	i feel so blessed to have friends i can come to	2
4226	i am feeling very strange but this is also present movement and i am trying this as one of way	1
4227	i feel like that s acceptable	2
4228	i feel like im boring sometimes im okay with that	3
4229	i dropped off the script and left feeling dissatisfied with myself	0
4230	i really wish i had more time to explore twitter as i feel like i lost a lot of time learning how to use the site	3
4231	i went to training feeling very disheartened	3
4232	i feel so glad doing this	2
4233	i remember feeling nervous	1
4234	i feel like i m the one being punished	3
4235	i see him i feel friendly	2
4236	i forced myself to keep going back even though they made me feel consistently uncomfortable but after a while i just gave up as i saw no point	1
4237	i cant remember exactly what made me stop using it but i have a feeling i got distracted by other hair products and just sort of forgot about this one	0
4238	i have a feeling hell be the kid up there shooting daggers out of his eyes annoyed that hes standing up there holding flowers	0
4239	i dont know if i feel thrilled at finally getting to go camping again with people i like and know first time where thats happened	2
4240	i dont have any photos with me because i was too excited and happy about my prejudging which i did great btw at least i feel tt i did since i felt confident and didnt stutter in front the panel of judges we had and dearest bf was around after doors opened for the public	2
4241	i feel as if i havent blogged in ages are at least truly blogged i am doing an update cute little post today	2
4242	i feel i feel drained i feel as if talking to others will finish all my strength	3
4243	i have the joy of allowing kids to feel like the valued treasures that they are and to just have a blast being a kid alongside with them but can i just say its an incredibly humbling experience to have influence into a childs life and to know that what you do and say is being internalized	2
4244	i sometimes feel irritated at the thought of spending money on a few annuals to spruce up my doorstep	0
4245	i wish i could bottle her squeals of delight and take them out whenever im feeling grumpy	0
4246	i honestly thought impossible at this point i feel pretty	2
4247	i might feel offended at times from hearing statements where that i strongly disagree	0
4248	i can cycle further than ever before and the feeling of finishing the manchester to blackpool miles then not being at all bothered at having to ride an extra mile to put	0
4249	i feel hopeful with this new treatment to extend my life	2
4250	i feel less shy about exploring roles in more physical ways	1
4251	i am really hurt and i feel unimportant and that sucks	3
4252	im feeling too tortured to write today	1
4253	im alone in this apartment i get this overwhelming feeling like im being watched and that im unwelcome	3
4254	i feel like it was a bit of divine intervention for me	2
4255	i don t know if this helps at all but writing all of this has made me feel somewhat regretful of ashamed of who i was and while i have more to share i just don t think i can right now	3
4256	i feel happy about this solution	2
4257	im not sure if its just me who feels this way or if its everyone but tortured souls dont make for the best boyfriends	0
4258	i feel could have been avoided with some blazes markers or cairns i was very annoyed at this point	0
4259	i feel more aggravated and annoyed by their visits	0
4260	i feel strong is that i dont let the anger win	2
4261	ill find that elusive second wind and feel more hopeful but today i am a href http www	2
4262	i feel intimidated nervous and overwhelmed and i shake like a leaf	1
4263	i make myself feel useful by fucking a guy	2
4264	i feel most inspired to create and ive been thinking a lot about inspiration this week	2
4265	i feel furious with myself	0
4266	i like to think i present myself and the life and times of the working mum to a good standard and if i ever do miss a apostrophe or miss spell a particular word please feel free to call me on it	2
4267	i don t feel i can ask him what feels like a dumb question	3
4268	i am feeling very petty right now	0
4269	i feel about these individuals but that opening line shows how inadequate simple words can be	3
4270	ive been too deep down in the swamps swimming in muddy waters tortured by fear feeling lonely and lost	3
4271	i read her blog is that i feel that shes one person who doesnt care how people look at her and believes in being herself no matter how bitchy annoying or self centered that may seem to people	0
4272	i came across something which made me feel lousy	3
4273	i forgive myself that i have accepted and allowed myself to think that as i am writing this blog that someone will feel sorry for me give me some sympathy and tell me i am right	3
4274	i feel such duties are unimportant to our profession i just am not qualified to discuss all of them	3
4275	i feel like being all stubborn and stingy	0
4276	i am asleep i would feel no pain but that violent act would be completely unjustified all the same	0
4277	i feel burdened and stuck in the center of a dark tunnel	3
4278	i don t want to i feel irritated	0
4279	im definitely not feeling fearful or anything right now	1
4280	i have been feeling shaky this morning after taking them as well	1
4281	i feel like they rushed the relationship	0
4282	i would feel so i don t know maybe a little resentful	0
4283	i look at their situation and feel so so jealous that i almost cant bear it	0
4284	ive ever read that explains why i feel this way all the time and reassures me that im not just defective somehow	3
4285	i come in contact on a regular basis and the sooner i can figure out how to be kind to them in all situations the sooner they will feel valued appreciated loved and the desire to learn how to pass that kindness on to others as i am learning to do	2
4286	i help my daughter when she is feeling angry	0
4287	i just feel you so so dont be afraid and pray again i need you go back in time forgive my sins so so sloth	1
4288	i hate myself to feel so bothered by the word team the word badminton	0
4289	i could empathize with tab because of raging hormones and the connection feeling like someone else gets you thinks youre smart pretty worth attention	2
4290	i feel it is perfectly acceptable to consume homemade chex party mix for breakfast during the holidays given the fact that it is mostly cereal	2
4291	i feel like they don t think it s sincere when it really is she told us exclusively	2
4292	i would always have this song stuck in my head after a bombing or incident and then i would feel a bit weird about it because if you dont really pay attention to the lyrics it sounds like such a happy song not the type youre supposed to hum on difficult days	1
4293	im sorry im feeling a little bitchy tacky looking women came in and sat next to me	0
4294	i feel particularly uncomfortable with how much a driver is looking down on the phone i shout eyes on the prize	1
4295	i always appreciate them and please feel free to become a follower and come back and visit again soon	2
4296	i could have done more but i was feeling a pleasant tiredness and had a good sweat going so i stopped at that	2
4297	i managed to re learn feeling insecure again	1
4298	i feel agitated a lot im straddling articulacy and incoherence	0
4299	i noticed that i was feeling very stressed and anxious and i just couldnt quite put my finger on why	0
4300	i exist for does my existence even mean anything to anyone apart from my family i always wonder about my existence and the fuck now i feel so dumb ive never thought about the purpose of it	3
4301	i start working full time next week where i m currently at and i m feeling a bit ungrateful at the moment	3
4302	i was also feeling the ole restless leg syndrome as i shifted back and forth between legs trying to do something with my excess energy that just hit me	1
4303	i feel rotten but no amount of suggesting that losing a sense of smell is a terribly disorientating experience for a wine person seems to convince people that i might not actually live to feel good again	3
4304	i just feel troubled	3
4305	i mean is that when we are true to ourselves and our style and we see a reflection we like in the mirror all of the ugliness in society that is there to make us feel ugly or inadequate based on our looks suddenly becomes completely annulled	3
4306	i feel special excitement and happiness	2
4307	i reckon you need to stop feeling bitter and be realistic	0
4308	i got a great pump and halfway through the workout i started to feel fantastic	2
4309	i leave something sometimes i throw some change in the tip jar other times i dont leave anything but i feel rude doing that haha	0
4310	i feel less alone	3
4311	i also got some very nice condiment type pressies whilst at our local garden centre today so i am feeling that i have achieved something towards the festive season	2
4312	i encourage you next time youre feeling a little uncomfortable do your best to embrace it	1
4313	i feel it is acceptable as this is not everyday food	2
4314	i was lucky enough to feel and squeeze myself to a win in another festive challenge which involved a box full of items that we had to identify by blindly fondling through a hole	2
4315	i still wake up feeling suspicious	1
4316	i feel a little hesitant to leave this time	1
4317	i feel so disgusted when i see blood and feel like faiting and also when people eat raw meat in front of me	0
4318	im always feeling so agitated overly excited and impatient to those who are close to me	0
4319	i just notice what i am doing that is ruining my happy moment because this feelingof discontent is my resistance to receiving love in the genuine way its being delivered	3
4320	i don t have a schedule or childhood friends and feel a little timid about just getting out there by myself	1
4321	i do feel discouraged by what my supervisor said	3
4322	i continue to write this i feel more and more distraught	1
4323	i start to feel lethargic about blogging	3
4324	im not condoning terrorist action but you feel so furious and powerless	0
4325	i do think that if a husband feels greatly respected by his wife that will draw him to her and make it much less likely that he would want to flirt with other women	2
4326	i feel terrific in every one of them	2
4327	i have now and feeling like people think it means im just ok and dont need to talk about jeremy anymore	2
4328	im also still feeling whiney as hell so its possible i could rant a bit today	3
4329	i know what it feels like to be scared into something	1
4330	i feel slytherin is my house slytherin is for those who are smart enough to know how to get the job done and at any cost	2
4331	i didnt react with the way that i really feel im ecstatic for your marriage to tonks	2
4332	i feel unfortunate that i dont have a lot of time to spend with my family	3
4333	i only talk about how people make me feel and the only people i talk about are the ones that make me feel unhappy upset nervous or angry	3
4334	im feeling more lively than yesterday still not sure about food though	2
4335	i feel threatened when other people do not believe that	1
4336	i feel i am appreciative i take care of the baby i try to keep the apt clean as much as possible and i try not to call him a million times to find out when hell be home it varies from day to day as he is sort of self employed so its hard to plan things around his schedule	2
4337	i am feeling very indecisive and spontaneous	1
4338	i feel like resolutions are boring and cliche	3
4339	i feel pressured to do well and i fe	1
4340	im feeling rotten and pretending it just aint so	3
4341	i begin to sense how these characters are feeling the heartbreaks theyre suffering or have suffered already	3
4342	i feel completely rude with not keeping up with some of you over the course of the year but it has been a mightily busy one	0
4343	i still feel a little weird and uncertain	1
4344	i have come from the summer time and feeling like coach hated me	0
4345	i find myself feeling paranoid that something is going to ruin what could only be described as my fairy tale love affair	1
4346	i take photos of but i suppose since i feel i am least talented in the area of portraiture i most admire that ability in others	2
4347	i think ive just been feeling a little bothered	0
4348	i feel like i am the world for this boy and im glad that for a time i can be that for him	2
4349	im feeling fab thank you so very much for asking	2
4350	i should pull out if i feel resentful or edgy	0
4351	i feel a little scared about this because it is new to me and i have a lot to learn but im sure everything is going to be fine and we can do this together	1
4352	i felt a stronger wish to be free from self cherishing through my refuge practice and a return to the feeling of freedom and protection from suffering which i stayed with for the rest of the meditation	3
4353	id ever known so i figured it was normal for me to feel ugly dumb and weird	3
4354	i began to feel a little anxious about may almost being over as obviously time is running out amp to be honest im just plumb out of excuses	1
4355	i feel less frightened and more grounded and centered	1
4356	i would like to take the opportunity to describe one day this week when i was feeling particularly gloomy	3
4357	im tired of feeling unhappy about things and unmotivated	3
4358	i am doing this and makes me feel more determined to give it some effort and dig deep when im feeling the pain	2
4359	im feeling generous this week	2
4360	i will try and stay focused in order to avoid that feeling of a reluctant finish	1
4361	i already feel he is using us it feels weird because i havent even done anything there yet but i feel it coming like ministry coming at me	1
4362	i did not care much about the number of viewers and the viewer ratings before but as the drama iris gained huge success i began to feel greedy	0
4363	i think one of the most important things is not to allow anything at all to make you feel fearful because fear and any of the other negative emotions pull down your vibration	1
4364	i really feel and i know the devil hates that its always been something he could use against me and im determined not to let him	2
4365	i would suggest volunteering to help people in need such as at the salvation army when you help others you learn to appreciate what you still have and feel worthwhile	2
4366	i woke up feeling fine	2
4367	i feel like an ungrateful ass a href http thisisntcuteanymore	3
4368	i feel they are frightened of fats	1
4369	im feeling just a little proud	2
4370	i am off on wednesday to a postgraduate open day but there will be plenty to write about the rest of the week i feel sure	2
4371	i feel dirty watching this series and you can tell how the series is trying to induce false emotions in the viewer	3
4372	i just sat there in my group feeling really depressed because my book just had to go missing at this time	3
4373	i am feeling irritated anxious which is often then i dont even like my kids touching me	0
4374	i feel appalled that i took advantage of my old friend s kindness	0
4375	i feel the need to compensate with only the most perfect jacket as a topper to cover where my boobs do not fulfill their duties	2
4376	i still feel like im being punished	3
4377	i actually was in a meeting last week where someone yelled at an older lady because her phone rang i felt terrible for her your boss treats you unfairly or in this case someone makes you feel you are not worth anything is only allowing those who offended to steal your joy	0
4378	i am feeling bitchy this evening	0
4379	i feel so relaxed and happy and i have discovered that i love having projects that take a few months to do but in the end i will have an actual product to show for	2
4380	i feel ungrateful for wanting more but the truth is	3
4381	i feel sorta vain	3
4382	i was feeling clever so i changed the last line to cookies for you	2
4383	i will admit with the joy of cooking there are also times where you feel defeated	3
4384	i am finally starting to feel like i have a real life here in san vicente and i am no longer on a strange confusing extended vacation	1
4385	i feel ashamed of you	3
4386	i sure did appreciate her asking instead of just feeling mad or hurt because she thought i was	0
4387	i have a feeling i will be dissatisfied several times	0
4388	im feeling restless and frustrated right now in that way specific to people who are recovering from illness or injury	1
4389	i will burn for you feel pain for you i will twist the knife and bleed my aching heart and tear it apart i will lie for you beg and steal for you i will crawl on hands and knees until you see youre just like me	3
4390	i feel uncomfortable telling others what is on the girls wish lists	1
4391	i cant do a simple math question and guess what i broke down in front of my tuition teacher whom i have known for almost years now feeling pressured and i feel so bad bout myself	1
4392	i feel doubtful in my abilities	1
4393	i always get that feeling that i got one kids more than another and it is vicious	0
4394	i see all my friends posting pics and status updates of where they are going or what they are doing and i feel a bit jealous knowing it s not something i can get out and enjoy	0
4395	i used that word just to feel the energy of anticipation as people prepare their delicious meals and gather their needed tools for when they invite their loved ones into their homes	2
4396	i feel just an on going dull pain for a fews hours or a day in my chest	3
4397	i sit up and i feel awful about it as miles starts feeling up whoever s pants under his back for a cigarette box	3
4398	im feeling cranky a href http doingaone eighty	0
4399	i needed some space i needed to grow i was in the midst of some serious change and ok yes they had also hurt my feelings pretty badly and i was a bit spiteful	0
4400	i both started to feel uncomfortable and got up to leave which was met with comments of oh yeah right two girls like you wouldnt come to a bar if youre not looking for attention from guys	1
4401	i almost didnt even feel convinced by the way the book was written	2
4402	i am in the need of some extra guidance and i am feeling doubtful god seems to put the right message in my ear that i need at just the right time	1
4403	im feeling really really sarcastic caustic or theres been an influx of idiots into my flists daily lives	0
4404	i feel that anna ji is little bit stubborn on jan lokpal bill and the protests related to it	0
4405	i have learned how to present in front of a class without feeling nervous	1
4406	im feeling adventurous i might even make it multiple tiers too	2
4407	i was feeling cool that night and she got it right	2
4408	i feel the most unloved and unlovable	3
4409	i feel really honoured to be a part of this inaugural race and you can sense how proud the local runners are to be able to show off their trails and to host this event	2
4410	i feel can you stop being so obnoxious and think for me at the very least	0
4411	im feeling a little dissatisfied	0
4412	i was feeling very anxious this song came on the radio as soon as i got in the car	1
4413	i feel numb the end of the world as we know it and i feel numb a href http leslielandberg	3
4414	i am going through trials or just feeling troubled about something i love to put on worship music while i am driving and really think about the words sing and pray as i go	3
4415	i feel lashes out at me and is rude	0
4416	i was feeling brave i would try to pick up running again	2
4417	i become someone else and i make random awkward jokes honestly this feeling is so strange is this what it feels like to be on top of a cloud	1
4418	i feel like that im hated by most of the girls is it becoz im a good dancer	3
4419	i think itd be easier if i had parents that argued with me about it then i could feel rebellious or something p but right now i just feel like a burden	0
4420	i think im making up for feeling like i missed autumn and its great colours	3
4421	i blamed the people around me for making me feel less valued for being a stay at home mom	2
4422	i left feeling absoloutely devastated	3
4423	i feel useless with just a bachelors and masters	3
4424	i have to take jenny in to be spayed so of course im feeling nervous and guilty	1
4425	i felt like id developed feelings for this guy thus explaining why id even follow this guy like a faithful puppy dog and he never knew	2
4426	i feel like im so distracted most days	0
4427	i feel like nine times out of as long as you re determined and keen it tends to work out anyway	2
4428	i got a shot of terbutaline which makes you feel shaky and makes your heart race like you just drank cups of coffee	1
4429	i was stressed about my job search and apartment hunting and i was just feeling overwhelmed with everything that was going on	1
4430	ive been feeling very mad at it	0
4431	i feel so restless so bored and im in danger of giving up on being good at work	1
4432	i feel as uncomfortable now as if i were carrying a volvo but my belly is nice and tidy and looks not unsimilar to the beer gut my dad has nice and hard and round and i waddle just like he does	1
4433	i didnt want to be spending my days working in a job that i didnt enjoy or to come home feeling stressed and tired and not be able to give my daughter the attention she deserved	0
4434	i always buy a couple of pork loins when they go on sale and when i m feeling clever i cut them in half and tuck them into gallon size ziplocks with a marinade and stuff them in the freezer	2
4435	i feel like everything that i hope to become a piller in my life i cling to i despise myself for clinging to something like a hopeless fucking baby	3
4436	i dont know but i feel virtuous so i accept the reward	2
4437	i feel like he has a very pleasant nearly transparent presence on lobelia though that presence was necessary nonetheless	2
4438	i cant feel anything like they said why does everything always hurt so bad	3
4439	i have some great friends and great housemates who have listened to how i feel and reminded me that its so unimportant and i should enjoy my life and be proud of myself	3
4440	i started to feel like i was going mad as i was sure i could see stars floating in the water but whenever i went to grab one i came up with nothing	0
4441	i basically spent a miserable night crying and feeling terrified and sick to my stomach	1
4442	i am feeling the past few days a little distressed about not writing here as much	1
4443	i to feel unwelcome at her apartment certainly not	3
4444	i feel is the most important question how would we handle this	2
4445	i feel so pretty in them it doesnt matter how un glamorous the task is	2
4446	i know for a fact that he treated everyone this way his love seemed boundless but he also made me feel important	2
4447	im feeling a little anxious about the whole thing	1
4448	i feel virtuous and tough when i wear a hat jeans and a tshirt without worrying	2
4449	i feel so giggly reading your comment tags	2
4450	i feel quite glamorous in this dress	2
4451	i knowing that to this day still makes her feel not shy	1
4452	i really need to find my nitch up here in vt i feel very lonely and bored and it s taking it s toll a href http twitter	3
4453	i felt apprehensive in regards to the party oftentimes in the past other men have made me feel resentful towards them when i attended with them	0
4454	i thought maybe once i started running i would feel ok	2
4455	i just say the things that i want without even thinking what the person would feel its rude right	0
4456	i don t have the feeling of divine vibrations	2
4457	i feel unimportant when he spends nights out with sara and i get no phone call	3
4458	im not the one who feel bothered about this	0
4459	i feel lost and then found november i have told jamie this several times	3
4460	i feel like some of you have pains and you cannot imagine becoming passionate about the group or the idea that is causing pain	2
4461	i dont really know why but ive also been feeling really rebellious	0
4462	im feeling a little more hopeful about the future of my career	2
4463	im feeling pretty homesick this week but i suppose thats to be expected	3
4464	i never feel shy to call or send a billion text messages to and i wont be bugging her	1
4465	i like being in church on sundays it makes me feel more virtuous how self effacing and more settled for the week ahead	2
4466	im crashing and i feel all irritable and estrogen ish	0
4467	i never dreamed i would be so busy so soon in the new year but i am loving it and feeling so very gracious and fortunate	2
4468	i dont really care and i dont feel proud of myself at all	2
4469	i do not and they see that nice words keep a heart feeling wonderful	2
4470	i got into the house feeling fairly calm the photographer is weaving his way in and out of bridesmaids doing touch ups my dad is telling a story my mom is running in and out of the house i manage to go through my list before the bridesmaids start clamoring for the dress	2
4471	i feel really selfish and feel guilty when i think about hurting myself	0
4472	i feel so emotional today	3
4473	i just feel so hopeless sometimes	3
4474	i was cooking my dinner feeling pretty melancholy when zane lowe gave it the first spin on his radio one show on tuesday and the song matched my mood perfectly	3
4475	im feeling playful a href http	2
4476	i also feel it helped the newbie bloggers connect and feel welcomed immediately	2
4477	i feel divine in more ways than one	2
4478	im feeling so damn gloomy too	3
4479	i was feeling rather cranky cos i was thinking about the lack of sleep i had bah	0
4480	i feel scared anxious	1
4481	i dont want to always be judgmental of particular men or scenarios that i often see in this area but with so much trafficking forced sex work and what basically amounts to slavery its hard not to feel slightly embittered and disillusioned	3
4482	i have no strong feelings for this book neither hated nor loved it	0
4483	im able to refine my poses and concepts without feeling rushed	0
4484	im thinking well i could be a bit smaller but for health reasons and i should see a doctor more regularly because im feeling crappy	3
4485	i came out of the airport that makes me feel irritable uncomfortable and even sadder	0
4486	i wasnt feeling sociable i really wasnt	2
4487	i feel tortured delilahlwl am considering i had one the other day about one of my closest friends raping and killing chicks	0
4488	i can feel its suffering	3
4489	im feeling a little cranky negative after this doctors appointment	0
4490	i feel like i am still looking at a blank canvas blank pieces of paper	3
4491	i never stop feeling thankful as to compare with others i considered myself lucky because i did not encounter ruthless pirates and i did not have to witness the slaughter of others	2
4492	i know what it feels like he stressed glaring down at her as she squeezed more soap onto her sponge	0
4493	i would feel i missed out on a wealth of treasures if i did not read	3
4494	i feel so damaged i just want you to have care of me continuer	3
4495	i feel that i m so pathetic and downright dumb to let people in let them toy with my feelings and then leaving me to clean up this pile of sadness inside me	3
4496	i feel like taking a whack at someone s eye and spitting on it a cranky old lady i try to cheer myself up	0
4497	i feel mmf and i cant be bothered to fight it	0
4498	i have a feeling hes going to be way more successful than i am	2
4499	i everyone this will be a bit of a brief post as ive got a stinking cold at the moment and am feeling very very crappy but i have another page done on	3
4500	i didn t feel accepted	2
4501	i just feel discouraged because the industry is enormous what makes me special in a sea of pretty girls	3
4502	i feel energetic and excited to see my results at the end of the week	2
4503	i feel very strange today	1
4504	i feel that this is important in itself the fact that we all have our own individual way of grieving	2
4505	i cant help to also feel a little restless	1
4506	i feel like ive been punished and i can turn it around and dont have anything to be afraid of	3
4507	i am feeling pretty guilty about posting pictures of some stray cat i cuddled on the street and not even posting pictures of my own two cats	3
4508	i was trying really hard to be a people pleaser and itd left me feeling so defeated	3
4509	i feel so damn fucking disgusted violated and hurt and angry and everything	0
4510	i feel a tad bit envious of my younger self i was in great running shape young and had my whole life ahead of me	0
4511	i feel like hes a little pissed at me	0
4512	i have gained some weight i feel very insecure in my self image	1
4513	im feeling more fucked up than last night	0
4514	i can feel violent biff whole length is hit by thunder same desire fire is ignited very quickly	0
4515	im not crying in a corner or feeling so out of control irritable that i cant handle it	0
4516	i feel so stupid at how easily i cry these days	3
4517	i feel very privileged to watch such beautiful dancers move and call it work	2
4518	i feel cold in	0
4519	when i was doing research a few months ago	0
4520	i don t feel all that petty about crying over skin	0
4521	i love for my girls to have an imagination and read fair tales but i feel strongly that reality is also important	2
4522	i for one am feeling a bit anxious at how long we are staying but i know we need to do this	1
4523	i feel as though im doomed to finding a man	3
4524	i have a lot of feelings of love and warmth for her but sometimes i think i tortured her	0
4525	i was feeling frightened to the core what if my friends laughed at me what if sir was too harsh what if	1
4526	i don t know why this makes me feel so distraught	1
4527	i feel insulted as if he feels he doesn t have to work for my money anymore he can put out anything people will buy it and radio will find something to play just because its him	0
4528	i feel accepted by the boys	2
4529	i was sleeping when i heard the neighbours screaming	1
4530	i mean i feel like such a fucking obnoxious bitch admitting this but i get a lot of messages from guys on myspace during the week	0
4531	i often feel offended when people other fans think i name my son joshua as joshua in josh groban	0
4532	i didnt want to feel outcasted as the uptight religious mormon girl nor did i want to feel like i had to remind everyone i did not drink smoke or wear short dresses	1
4533	i have stayed at heritage christian because of the fulfillment that i feel in doing christ s work in action by being the hands the eyes the legs and the voice of supporting the individuals that i have been blessed to know and support	2
4534	i don t feel alarmed and wonder if i should	1
4535	i didn t feel frightened i m rarely scared of any place but i couldn t help feeling uneasy in the company of so many big groups of men and the only woman visible anywhere	1
4536	i started feeling a little vulnerable when the giant spotlight started blinding me	1
4537	im sure much of the advantage is psychological the feeling ive out clevered the competition who are now hopelessly burdened with their big chainring jump	3
4538	i mean if someone wrote fanfiction about my book and made my villain gay for say druian i d be sitting there reading it and feeling furious	0
4539	i feel like thats petty so i convince myself that i dont give a shit	0
4540	ive this bad feeling that im being hated	3
4541	i feel lucky really	2
4542	i feel a strange obligation to be interested and encouraging even when the kid is clearly taking the piss	1
4543	i do not feel outraged by the change in name changing tanjore to thanjavur and mysore to mysuru makes more sense but since the previous cities were named by the very people who made them what they are today from mere villages to major power centres it s not a crime to retain those names	0
4544	i am more well read and i feel like im becoming more intelligent and articulate	2
4545	i can only feel rejected and tossed aside and hurt for so long before i get enough guts to just pick up and move on	3
4546	i am at day and i am feeling terrific	2
4547	i do think as he was feeling a bit of humiliated they did not have an excellent alternative they wanted all of us to clarify the fact that stop mortgage is working	3
4548	i hope all of you epers feel terrific too	2
4549	i do reviews only on my personal experience please do not feel insulted or put off by my words i intend only to advise	0
4550	i feel very vulnerable and exposed too when i was in school i never thought this was how my life was going to be	1
4551	i feel for the death of this innocent child i dont trust her or her story	2
4552	i do know that when i see the colour purple it makes me feel calm	2
4553	i have had a seizure i am not allowed to take part even though i feel fine	2
4554	i feel i have rushed moments where i begin to take this life here for granted i just look at them they look at me and my graced life becomes the stage again warts crushed worms under foot and all the other conflicts that come with it	0
4555	im just feeling insecure and while i can easily diagnose these dispositions it doesnt help	1
4556	talking to a very good friend who had just had a very bad experience which was changing his whole way of looking at life etc	3
4557	when i noticed two spiders running on the floor in different directions	0
4558	i am feeling so invigorated and so ready to keep pushing on to goal	2
4559	i began to feel a lot better about the situation and decided to just keep doing what i was doing	2
4560	i want to feel good but during that short week you don t get a chance	2
4561	i feel like im alone in missing him and because of that i feel a bit foolish for missing him as much as i do	3
4562	i did though and woke up feeling terrific	2
4563	i feel privileged and beyond lucky to have met him	2
4564	i do feel very excited about travelling because it s not often that i get to travel and it s definitely not often that i get to do it for free	2
4565	i am sure she makes all waiting couples feel this way but we left feeling like she is pulling for us and she will be so thrilled when it all works out	2
4566	i feel rude taking pictures of them	0
4567	i feel completely restless and then i feel fine where i am	1
4568	i feel complimented or insulted	0
4569	i am feeling lots of movement now but gar is unsure whether he feels or not	1
4570	i was very happy with impact made by valbuena and diaby especially the latter who i feel has what it takes to overhaul a shaky usual starter	1
4571	i notice that is generally toward the end of the day that i start feeling really doubtful	1
4572	i feel india management should and must be regretting the vital mistake they made during wc when they made a deadly mistake of dropping laxman for dinesh for just his fielding qualities when we all know that laxman is not at all a bad slipper	2
4573	i would have to think oh the poor lady always being sick always being stressed feeling so isolated	3
4574	i feel like being sincere i am speechless lacking in my ability to combine meaningless characters into a diagram of thoughts	2
4575	im feeling kind of petty and selfish	0
4576	i will feel comfortable handing it over to an editor	2
4577	i feel irritable when he starts talking about it because it can go on for ev er	0
4578	i can still feel the anger pounding in my ears but the certainty is starting to trickle away leaving me shaken and unsure	1
4579	i can not help but feel distraught about it	1
4580	id love to go shopping for sure because i am annoyed feeling bitchy as of right now towards everyone especially you you you	0
4581	i feel worthless confused edgy and mentally drained	3
4582	i don t always feel quite as graceful but that s a story for another time	2
4583	i had started about two days ago with some sound sensitivity that i hadnt been having for a little while and then i started with feeling almost like motion if you will from movements and then started with smell sensitivity but luckily it hasnt bothered me since last night	0
4584	i really dont think seriously happy and focused like i am familiar with feeling nonetheless rather i feel strangely distracted and uncomfortable	0
4585	i feel like a super hero of sorts	2
4586	i feel assaulted by all directions	3
4587	i feel guilty about feeling guilty over my health crisis when i am so damn lucky to be here	3
4588	i was feeling much more agitated than usual had difficulties sleeping and constantly required my parents presence	1
4589	i feel quite clever	2
4590	i almost always feel dissatisfied with novels after i finish them	0
4591	i wrote maybe a truth because i want to tell one guy something and i am afraid to tell him how i feel because he pissed me off	0
4592	i feel alarmed her fingers gripping tight i see her pleading eyes so i start to disguise and say that everythings alright	1
4593	i remember feeling disheartened one day when we were studying a poem really dissecting it verse by verse stanza by stanza	3
4594	i drew this because i feel hated	3
4595	i had no particular feelings about him before except that he seemed decently clever taking pictures of the alien instead of the chaos	2
4596	i feel pretty pathetic now	3
4597	i are just relaxing together and i feel ecstatic and blissfully happy because i know he loves me and i love him	2
4598	i dolphins feel sweet taste of victory defeat cincinnati bengals in overtime a href http twitter	2
4599	i feel superior but in the end i feel worthless and i feel everyone else to be just as worthless	2
4600	i don t like pushy sales folk and ask for help when i need it but sometimes i struggle and feel too proud to reach out and that s when i need others to reach out their hand	2
4601	i feel like if he was innocent he wouldn t feel like he has anything to prove	2
4602	i did not feel intimidated by the wealth of past greek writing but was instead inspired soothed relaxed stimulated by the landscape the legends and the history	1
4603	im feeling artistic here are a couple of drawings i did in the dust on ms car after it rained a couple of months ago	2
4604	i stop working on my homework and take a break without feeling irritable	0
4605	i enjoyed it for the most part for an entertainment value due to it being a fast and mostly fun read i also had several qualms with it at the same time that left me feeling dissatisfied	0
4606	i would come inside in the evenings bone weary and covered in muck feeling like i was finally accomplishing something worthwhile something in which i could have real pride and joy	2
4607	i feel greedy to want it to recede some more but there you have it i do want that	0
4608	i sure feel triumphant lately	2
4609	i feel shaky discussing it with anybody especially in public as though i m a little ball of explosive tears just waiting to spill out everywhere	1
4610	i feel so disgusted with myself for feeling the way i do	0
4611	i read somewhere that even if the rest of the relationship is perfect and there is one problem that can t be solved or you feel isn t being resolved it will consume the rest of the relationship	2
4612	i suddenly feel like the grouchy grinch or jack skellington	0
4613	i feel so helpless knowing i cant protect them and i worry about the others now	1
4614	i can feel you moving everyday now and its kind of weird to not be able to call you by name	1
4615	i feel hated there but had to remind my selfish self that none of this was about me	3
4616	i have told about this to one of my closest friend and well i am feeling somewhat scared to entrust my secret someone else but at the same time i am also feeling better thinking that now i have someone to share my feeling about that someone special	1
4617	i feel extremely intimidated	1
4618	i feel like it is a valuable addition to any teachers repertoire	2
4619	i listened to oral arguments for a case that left me feeling frustrated and confused	0
4620	i feel as though marjane had to live a very rushed childhood not so much for what was happening in her surroundings but because of her eager need to know everything	0
4621	i feel so squeezed hate this feeling thats why i dont really like squeezing on buses or in the mrt unless im with people which wont be that bad as compared as being alone	3
4622	i suck in a deep breath and my lungs are left feeling needy	3
4623	i still find myself visiting there on my blah days when im feeling lost on how to obtain the joy of a peaceful existence	3
4624	i am feeling so super accomplished ive even forgotten what i was going to post about	2
4625	i let emotion leak into the decision process and ended up with m feeling resentful	0
4626	i would love to open up a beauty salon for real women one day somewhere those who do not necessarily have perfect bodies skin can come without feeling intimidated	1
4627	i want and don t want but i m starting to feel resentful about him missing all the signals i m sending him	0
4628	i feel pretty safe but i do realize that we do have outside influences coming to our campus but i havent seen any real law enforcements come down either	2
4629	i feel shaken by what the mps did but you make it all better	1
4630	i got back up after feeling in vain really because of scarlets reply regarding a myspace message	3
4631	im feeling so melancholy all day i know this is because ive been reading the perks of again	3
4632	im feeling kind of irritated that the school year is over halfway over and all hes been getting is speech	0
4633	i was feeling ignored lied to full half or no truth omission avoidance being left out on things as if this was just a game to you and as if you really did not want me around	3
4634	i was happy to feel her embrace and devastated i d not gotten in touch before this	3
4635	i really do feel so peaceful right now as i type this	2
4636	i feel doubtful and afraid	1
4637	i hated feeling dumb	3
4638	i feel strangely defeated	3
4639	i sound desperate and pathetic to myself but i feel frantic in my need for him	1
4640	i knew just the thing he needed what every guy needs when he s feeling overwhelmed james bond	1
4641	i always feel triumphant when my recycling bin is brimming over and my garbage bin contains only household scraps	2
4642	i just want someone who ll make feel that i m terrified the one who ll make me crazily say i m in love i m terrified for the first time	1
4643	i know you re only doing this because i want it not because you re feeling submissive or even sexual	3
4644	im just going to continue feeling this pain and suffering in my chest every time i breathe	3
4645	i feel from no longer being burdened with those i have to tip toe around and be careful about what i am saying or feeling is unbelievable	3
4646	i feel it was very rude to put a camera that close to anybody s face in any situation	0
4647	i learnt that expectations of people are not always met and may leave you feeling immensely disappointed most of the time	3
4648	id feel so defeated and id have to lick my wounds	3
4649	i finally know what it feels like to be heartbroken	3
4650	i pray regularly now my prayer life doesnt feel passionate	2
4651	i often feel angry or wound up about all the injustices and while the concerns are important and taking action is worthwhile existing in a constant state of feeling over wound cant be healthy	0
4652	i look at my calendar i feel overwhelmed by all of the appointments and obligations coming up	1
4653	i feel unwelcome in this town as if my time here has been spent my quota of memories well past brimming and my eviction notice is long overdue	3
4654	i probably know where im going like i know the back of my hand i still feel thrilled because i know every trip would reveal something new to me	2
4655	i feel he is an terrific really worth bet	2
4656	i found out in a nutshell at this time you are feeling uptight and you are urgently in need of rest and relaxation but perhaps even more than that you need to overcome that feeling that you have been hard done by and treated with a complete lack of consideration	1
4657	ive been feeling so restless lately why i bleached my hair so much a month ago	1
4658	i am no longer a virgin with girls i m starting to feel very indecisive once again	1
4659	im in so much pain and i feel like a useless lump face	3
4660	i am feeling fine i guess	2
4661	i would end up feeling rejected and feeling like they just played a cruel joke on me by getting my hopes up just to purposely crush them	3
4662	i still feel like i am in the process of learning how to write in a blogging style but slowly i am becoming better at it	2
4663	i feel they had unprotected sex on several occasions she was like what if i get pregnant he was like whatever caught in the heat of passion	1
4664	i am not feeling very joyful today its been a rough day	2
4665	i do like that but it just makes me feel so unimportant	3
4666	i feel that i was being skeptical and that it was only paranoia	1
4667	i feel like it just gets ignored or perhaps i really have done a damn good job convincing the world that alls well when really i was only dreaming as one omd song goes	3
4668	ive been feeling for years all the things im so afraid of feeling they got him guilty on six counts he was remanded to jail	1
4669	i am starting to feel really isolated and it frustrates me	3
4670	when i passed the university entrance exam	2
4671	i tried to build up layer after layer of pencil to obtain definition and again i was left feeling dissatisfied	0
4672	i am so busy feeling disgusted of myself that i have no mood to revenge on them	0
4673	i feel frightened to see a million youngsters aspi	1
4674	i no longer feel terrified	1
4675	i knew i was feeling agitated irritated and depressed all at the same time	0
4676	i went through quite a few years of feeling too scared to create	1
4677	i feel need to be stressed to be shared	0
4678	i have bad feelings towards guys because all the men in my family are really stubborn very aggressive and very competitive	0
4679	i feel rotten and ive forgotten myself	3
4680	i feel sad that someone i once knew is leaving as someone i once knew	3
4681	im seeing the sausage being made but rather than feeling appalled im broadening my understanding of what makes a good book	0
4682	i feel like i am an island of pain and i need to be isolated from them all so i dont contaminate them with my sadness	3
4683	i have spent days on the problem i am now feeling eager to finish the job the plan is go into work try my solution and then get on the phone to tell the customer what to do div style clearboth padding bottom	2
4684	i can t write because i feel afraid that my silly little thoughts are not enough to help you	1
4685	i have to find myself sitting in front of the consultant feeling furious and increasingly upset at her patronising refusal to allow me to make a choice over the kind of birth i wanted	0
4686	i already did feel deprived when after claire was born i reacted to the epidural and experienced extreme shakes for a couple of hours and was unable to hold her during that special quiet alertness newborns experience	3
4687	i may feel discouraged and frustrated	3
4688	i feel benevolent towards you today	2
4689	i just feel annoyed at the way they share their success or even just the way they talk	0
4690	i turn up feeling more than a little apprehensive	1
4691	i feel splendid sublime euphoric	2
4692	i feel as hungers savage tooth and when no dinner is in sight the dinner bells a sound of ruth	0
4693	i can stop feeling discouraged or full of self pity when another wave crashes down on us	3
4694	i allowed myself to eat foods that i know bother me because after all since i feel awful it may as well have come as a direct result of eating something i enjoy	3
4695	i have a job where i am needed and where i am missed when i go away and its not just the things that i do that are missed but me as a person and that feels amazing	2
4696	i was feeling unhappy and i said no	3
4697	i have tried to live a good honest life and yet it feels like im being punished	3
4698	i thank you from the bottom of my heart because you ve gifted me with the confidence i needed to feel like the things i want to share will be welcomed and maybe understood and maybe even helpful	2
4699	ive been feeling kinda gloomy lately	3
4700	i also feel unsure when asked to remember some of the computer science concepts such as algorithmic efficiency that i studied at university	1
4701	im feeling quite festive	2
4702	i alternate between feeling perfectly happy with this plan and very sad and disappointed that we dont get to experience a real vaginal birth	2
4703	i was angry at myself for feeling drained and exhausted especially since i had to go to my second and third jobs and wouldnt be home until much later that evening	3
4704	i already feel very glamorous have a great day everybody	2
4705	i feel like the nytimes publishes an article like this every year or so and each time we get pissed and feisty quick to lash out with a slew of offended and defensive responses	0
4706	i kava and vanuatu kava he described a time to me when he had had bowls of kava and was feeling very relaxed the kava was definitely speaking to him	2
4707	i guess i feel a little vulnerable because i have to undergo all these physical changes in front of the whole world and it seems a little daunting	1
4708	i feel quite jaded and unenthusiastic about life on most days	3
4709	i feel sure is greater to those who are not dazzled by the divine radiance and human comradeship seems to grow more intimate and more tender from the sense that we are all exiles on an inhospitable shore	2
4710	i feel that he was completely humiliated and his grandfather s laughing in the dream roused him since the laughing echoed the taunts of the elite	3
4711	im feeling especially festive since i am wait for it all done my christmas shopping	2
4712	i feel like the cool mom	2
4713	i told him that i have been feeling like he cant really be bothered with me	0
4714	i feel not having a generous spirit or a forgiving nature closes me off from accepting gifts from the universe	2
4715	i couldnt help but feel a little selfish for wanting her to stay but in relationships of this sort youd better get used to some premature goodbyes	0
4716	i dont know what exactly i feel mostly annoyed and bored and upset and that kind of negative emotions	0
4717	i was still feeling distressed richie got another catheter bag he took off the old bag and connected the new one	1
4718	i was beginning to feel defeated	3
4719	i cant help feeling like something violent happened as soon as the cameras turned off wish i could find it on youtube	0
4720	im tired of feeling annoyed and drained	0
4721	i feel that if i surrender to what life has to offer me what life has to teach me then i can rest assured that it s all meant to lead to my ultimate happiness	2
4722	i am asked to lead a prayer meeting i feel a solemn responsibility to prepare myself spiritually and to plan carefully	2
4723	i feel shamed in a way but in another way i just dont care anymmore	3
4724	i was feeling adventurous so i decided to give it a new life	2
4725	i feel like i knew some of it though so it wasnt a total bombing of the innocent	2
4726	i feel food smarter already and slightly annoyed calories counting is so annoying	0
4727	i feel reluctant to go overseas one interesting fact is how the whole education system is so screwed up that to us ip seems so wow cus only a few schs get to go ip but to the schs	1
4728	i wrote words without really feeling all that distressed about it	1
4729	i pray that you will join me by leaving comments and ideas and leave each time feeling a little more tranquil and a little less stressed	2
4730	i expected but it did feel hopeful and it definitely shed new light on her family	2
4731	i have to force myself to do it because i am a missionary haha i feel like my personality isn t the perfect one for being a missionary	2
4732	i television of the feelings and so called suffering of the arabs whose homes are being inspected because of the chance they are hiding arab terrorists or something of the kidnapped boys	3
4733	i feel like i just don t want to be bothered i just listen to music	0
4734	i am feeling frustrated or angry with my husband in general	0
4735	i feel like the th photo doesnt even look like him but its real cute so i had to share	2
4736	i am now feeling much more relaxed and settled in my life and am enjoying blogging just as much as i did when i first started	2
4737	i have a train case full of pretty make up and a drawer full of great hair products but each morning i feel bothered to do little more then lather my face with lotion before heading out for work	0
4738	i know my willpower is stronger than my behaviour over the weekend and i need to focus on the joy and health that all the great food i brought with me gives and how i couldve if i really wanted to indulge indulged in that great stuff i know its not the same but i would feel amazing	2
4739	i somehow feel glad shes now in malacca with me my younger sis	2
4740	im fine but i feel i have wronged someone	0
4741	im too used to having too many expectations and too much pressure put upon me to achieve things that i feel inadequate when i take it slowly	3
4742	i tried to pretend that it was normal and unfortunately it was normal to feel unloved and afraid that terrible things would happen if i didn t smile and play along	3
4743	i definitely succumbed to pre holiday sales but i feel good going into the holiday season i probably shouldnt say that though	2
4744	i feel frustrated cause i think i know whats best	0
4745	i am generally not a fan of tingling cleansers as my skin can be quite sensitive but this doesnt give me rashes or leave my skin feeling too irritated	0
4746	i will be happy when someone i know from across the internet feels happy as well	2
4747	i suppose i feel neurotic about my birthday because i thought i would be established at this point	1
4748	i made her feel like crap and i said i hated her and i stopped loving her before the summer because shes never home anymore	0
4749	i would definitely recommend reading this especially if you are going through some trying times or feeling a bit hopeless and overwhelmed	3
4750	i feel worthless and the precious time i lost is unbearable	3
4751	i do not know what to say here i could not get a feeling for this soundtrack it rather distracted me and did not seem to really fit	0
4752	im just tired of feeling bitchy and completely worthless	0
4753	i do not know if ill ever get used of feeling inadequate in as much that ive always prided myself to be a person who have somehow already established himself in a cut throat industry where second guessing your expertise and decision can ruin global corporations	3
4754	i aimlessly do whatever i feel like doing with no sense of rhyme or reason and get easily distracted and start something else bouncing pointlessly without finishing what i started	0
4755	i have a feeling that she is going to be very annoyed with me by the end of the race because i am going to be more interested in taking pictures than paying attention to pace	0
4756	i started to feel a lil bit pissed off when i shared out advertorial by creating blog post or sharing in my social networking but there are some other people out there sharing out their adverts by asking people to click on those links	0
4757	i never feel like it s actually dangerous but the sirens drown out the pogues and the reggae both about three times an hour	0
4758	i always feel pressured when i play against someone	1
4759	im feeling less adventurous	2
4760	i have a task i hate to do i put the kitchen timer on for fifteen minutes it makes me feel like i wont be tortured for long	0
4761	i feel like im so spiteful so negative about everything and everyone now	0
4762	i gotta tell you for a while i been feeling gloomed and doomed and some ugly grey clouds been hanging round me	3
4763	i genuinely feel pertaining to him suffering from that stanley said	3
4764	ive been told over and over im not allowed to feel unhappy	3
4765	im feeling exhausted today	3
4766	i honestly was not sure if the pain i was feeling was a case of irritable bowels or indeed contractions	0
4767	im the type of person where the sun helps me feel and the gloomy nature of rainy cloudy days makes me depressed	3
4768	i dont want to say the word problems and i feel like i know these will probably get resolved but man	2
4769	i dont see how we can move beyond it but then rarely do i feel this uncertain about things	1
4770	i feel cheated and at another i feel ashamed to have missed such a glaring defect	3
4771	i am feeling a little apprehensive but i m sure that will pass once i have the first treatment and with your prayers	1
4772	i found out i was pregnant which is alot but it makes me feel a little less scared knowing that my doctor is watching everything and were taking things day by day	1
4773	ive read from others who have gone through similar circumstances it appears quite common and helps me feel less neurotic	1
4774	i haven t ran in a long time since my half marathon so my legs are feeling a bit shaky now	1
4775	i experienced a v drink today which is supposed to give you boundless energy for a while though full of the cold as i am i didnt feel bouncy though h noticed my speech quicken after minutes or so	2
4776	i get the feeling that theyll all gel together anyway because im too impatient to wait on change	0
4777	i sometimes feel like i am being paranoid but i know that these thoughts are silly	1
4778	i would have depressions and feel like a burden to my husband who is supporting us	2
4779	i was so tired of feely lousy	3
4780	i will not convey all the relevant information perhaps because i feel intimidated embarrassed or too deferential	1
4781	i feel embarrassed writing about it	3
4782	i could feel his triumphant smirk at my back	2
4783	i don t know i feel really helpless about it	1
4784	im feeling rather listless right now	3
4785	i it seemed like forever i want to put my phone life in knowing loving feeling seeing believing trusting and caring for her	2
4786	i feel spiritually invigorated if physically tired	2
4787	i was feeling restless	1
4788	i feel insecure about my arms	1
4789	i feel that students in my classroom will enjoy and respect the opportunities to use their own artistic creativity	2
4790	i still wear it often especially if i am feeling anxious or worried about the future	1
4791	im fighting some sniffles that developed last night wasnt feeling the most energetic this morning	2
4792	i allow that mormonism is crazy i feel like krakauer almost randomly chose a religion to pick apart and deem violent	0
4793	i feel this way about blake lively	2
4794	i dropped erik off feeling rather discontent with the evening	3
4795	i slipped out feeling a bit shaken	1
4796	i feel charming i feel whimsy	2
4797	i wake up every morning excited about breakfast rather than feeling like i cant be bothered	0
4798	i am feeling so violent i just fucking shuddered in anticipation	0
4799	i passed an exam that i was absolutely certain that i had failed	2
4800	i look in my wallet and i feel a cold chill	0
4801	i feel strong for a few reasons	2
4802	i feel resentful in that i sacrificed alot for her for very little in return	0
4803	im feeling very distracted today	0
4804	ive spent the last several days feeling irritated with myself because im not writing	0
4805	im on a double at work i wasnt feeling overly sociable when i met my new roommate so i hope she doesnt think im a complete bitch	2
4806	im feeling incredibly grumpy today a combination of hay fever rain and the stress of our hopefully imminent move	0
4807	i was feeling all depressed about fabric prices and about how much money this hobby costs	3
4808	i feel threatened because she attacked me in the arena	1
4809	i feel pathetic and uninspired	3
4810	i feel like its rude to ignore people	0
4811	im tired of talking about myself i feel so vain i love it	3
4812	i feel like an ungrateful asshole	3
4813	i wont say the insecure feelings are gone but if i feel shitty i just grab the card and read it	3
4814	i feel a little apprehensive about all of the grue activities this weekend	1
4815	i guess all married couple have days every now and then when one partner feels like being domestically violent toward the other	0
4816	i just sank into feeling completely satisfied by the time it was done and oh the sex was super excellent because they had both been dying to get at each other so it had an edge of intensity both times and the build up made it worth the while even beyond how hot it was	2
4817	i dont know why for some reason i feel really pissed off by this person ive supported for years	0
4818	i have rarely left a meeting feeling more angry and upset	0
4819	i feel disgusted by most people	0
4820	i don t feel disgusted with it by then it s safe to try writing	0
4821	i actually feel a bit reluctant to really tell you too much about it	1
4822	i got everything squared away and was feeling fairly productive already	2
4823	i feel no i have not been the victim of a violent crime and no i have never had to deal with a girl being pregnant with my child	0
4824	i am feeling pretty confident that on monday i will get up and slip in to the water at masters swim and enjoy my time with everyone there	2
4825	i started this blog with pure intentions i must confess to starting to feel a little disheartened lately by the knowledge that there doesnt seem to be anybody reading it	3
4826	i am feeling not so cute and my clothes are kind of snug so its time to clean up my act	2
4827	i do apologize in advance if you may feel offended	0
4828	i hate wearing watch but at the same time i will feel distressed if i dont know what time is it	1
4829	i still dont know how i feel i hated getting wisconsin plates	0
4830	i came home still feeling pretty rotten	3
4831	im bored and feeling ignored	3
4832	im feeling a little apprehensive as we come near the time we go back to mayo clinic	1
4833	i was feeling somewhat shaky and i know that i was experiencing the onset of the infamous bonk	1
4834	i still feel shaky but it is gradually getting better i have no idea what is going on	1
4835	im feeling generous so i think ill add a few more bonuses such as my santa babes from my gallery of perversion	2
4836	i am a big believer in the phrase that some people are all style no substance and i feel that if you have nothing worthwhile to say just dont say it	2
4837	i feel most frightened	1
4838	i find it may be a way for me to release my feelings so that i am not troubled when i face the one who has punished my family	3
4839	i would pick out for myself but i will give them a try when i am feeling adventurous	2
4840	i dont know i think her choice was the right one i do know how it feels to have to find a community in which you are valued taken seriously and appreciated	2
4841	i feel like i dont even know how to trust that im trusting well enough	2
4842	i cannot help feeling a little sceptical	1
4843	i feel that it is a little dangerous to let scientists be independently funded while working in these communal labs with no supervision or regulation	0
4844	i feel like if i continue i ll start the babble and bore the heck out of anyone reading so i ll just try to finish it with a few thankful thoughts	2
4845	i suppose i ended up feeling that some of these clues were a bit too clever for their own good	2
4846	im also feeling brave enough to publish my thoughts about them again too	2
4847	i feel that my generosity is abused when you steal after visiting my home	3
4848	i know i should write something but i m feeling a bit blank at the moment	3
4849	i am feeling quite apprehensive regarding this module as it will be the first time i ve dissected a human body wonderfully donated to the biomedical services of the university by generous members of the public and the first time i ve had to learn anatomy in detail	1
4850	i feel disgusted and lose respect for them as a lady he said	0
4851	i feel grouchy at one point then it changes to a panic then to having this feeling like someone or something is after me	0
4852	i am just making people upset and feel irritated	0
4853	i feel like they hated me but i m too scared to listen to the tape	0
4854	i remember watching this as a child and feeling a bit outraged on charlie browns behalf when peppermint patty invites herself over to his house for thanksgiving and then gets angry when she doesnt get the meal she expects	0
4855	i feel mellow antonios	2
4856	i just love the way you feel and i wholeheartedly vote for adopting the gorgeous and healthy and scented amber queen lovely lady	2
4857	i wish santa claus was a real person cause i didnt feel as greedy when i was a kid and thought i was getting my loot for free	0
4858	i went to bed feeling less anxious and nervous than i had before that call and for that i was thankful	1
4859	ive been feeling kind of bitchy lately	0
4860	i agree with that overall life philosophy but sometimes people and even kids need their negative emotions acknowledged so that they don t feel ignored and negated in what they are truly feeling	3
4861	i severed i feel suddenly empty much smaller and oh so tired	3
4862	i forgive stanley hes not so quick to forgive as well and accuses me of making a foolish mistake and making him feel unwelcome in our apt	3
4863	i do feel pressured to do this though	1
4864	i think hes well aware of the internets reactions to gates and igle leaving and i imagine hes probably feeling a bit apprehensive of fans reactions to his work	1
4865	i just feel so fucked up by everything that the only place i can confide and spill my emotions is here because there isnt anyone like you	0
4866	i feel like love should be messy	3
4867	when i was walking around all alone at night	1
4868	when my grandmother died after a long illness	3
4869	i feel i am on an emotional roller coaster	3
4870	i am feeling uncertain about anything that we can have an open dialogue about it	1
4871	i feel like this is a little timid on the part of these writers	1
4872	i feel about petty games	0
4873	i wanted to feel about our wedding and i hated that i felt resentful of what is supposed to be a joyous and celebratory occasion	0
4874	i feel a bit sad that todays youngsters will never get to experience the bit of culture that my generation and those before it did	3
4875	ive seen a lot of seizures but never this many at once and of course i always feel totally helpless	1
4876	i feel stronger clearer but a little annoyed not quite sure why	0
4877	i just feel enraged and impotent seemingly unable to enact the change i want to see	0
4878	i am less in shock and currently feeling insulted about being hung out to dry this past weekend burning his things seems a pretty fair rewards for my unappreciated grace under pressure	0
4879	i am so thankful for my dream i started drawing again made me feel talented and framed my dream i can go after whatever i want	2
4880	deception from a person i loved very much	0
4881	ive spent a good chunk of the day feeling quite agitated in a taut way as though it wouldnt take much for me to really snap and chew someones head off	1
4882	i feel like they think i hate them or something and its just weird	1
4883	i cant get sleep she said irritated i am feeling cold	0
4884	when i broke my leg i felt fear	1
4885	i feel incredibly mellow and spacey	2
4886	i feels at all bitter over his treatment he gave no indication on monday night	0
4887	i really feel hesitant	1
4888	i was out the exit door feeling strange because at the last stage the entire thing seemed to slip out of my hands like a slippery fish and also hopeful that i know what to do and if i can look at it positively it means just one more trip to retry	1
4889	i feel so disturbed and unsettled that i m not sure what to do at this point	3
4890	i saw that there were more stones jackie was standing there a certain way i can sense that she was feeling a bit agitated	1
4891	i need not feel annoyed that they beg but rather love them and feel compassion that circumstances have compelled them to resort to begging	0
4892	i spent the last two weeks feeling very afraid	1
4893	i was feeling a bit skeptical about my frog prince	1
4894	im feeling apprehensive about it	1
4895	i feel ugly so i must be	3
4896	i feel a lil bit gloomy	3
4897	i just feel you so so don t be afraid i should hurt even more and pray again so i can find you again the more time passes the more it hurts i need you go back in time just one time forgive my sins if only i could turn things back this pain would be so so sloth	1
4898	i always feel scared when i see a cop instead of feeling safe	1
4899	i want to wake up every morning and feel excited about what s to come	2
4900	i was still feeling distraught about the lack of progress on the baby front as well	1
4901	i do is send that heavy energy down into her as an offering and i keep the piece on the ground until i feel that that energy has drained out of it into the earth	3
4902	i want nothing more than to continue this journey empowering women who because of their illness feel helpless and isolated	3
4903	i got outside i beat myself up pretty bad mentally of course for not going with my gut feeling but again i was hesitant b c ive never done this before and that was actually my very st time meeting with a seller and feeling good about a particular property	1
4904	i think my mother told me that they feel threatened where they live	1
4905	i feel like everytime i blog i am relaying a story about the wonderful food that i had to sit and admire but its a big deal	2
4906	i have been given appointments with oncologists and radiologists per protocol following breast cancer surgery i have to admit that i feel strange	1
4907	i feel a flare of anger because it still pains me to think of mal being abused like that but i can t help wonder now if he might be right	3
4908	i started feeling bad i began taking zicam and it seemed to help for the first week until the day i was driving to the race	3
4909	i would plea all the emerging law students and lawyers and common people like us who feel they have to be punished should raise their voice and protest	3
4910	im not sure what will come of this decision but im feeling excited to participate again	2
4911	i feel like it would be a terrific example for any other gross disgusting animals of gross disgustingness where i stand on the geneva convention	2
4912	i kept all the money then i would feel greedy	0
4913	i believe that im love i believe that youre love i believe that all life experiences and emotions are inspired by and exist as love even experiences and emotions which feel fearful	1
4914	im feeling discouraged sad angry afraid of tomorrow ect	3
4915	i feel a bit intimidated by	1
4916	i am feeling unsure of how to handle a new phase one of my kids is in or feeling badly for how i ve handled a situation this book is a clear reminder for me that my job is to help teach them each how to make good decisions	1
4917	i couldnt hellip even when it made my heart ache to simply look at you hellip because i loved you so much and i knew you would never return my feelings hellip and i couldnt bring myself to hate you for the idiotic stunt you pulled in the other room either though i do ask that you dont repeat it	3
4918	i was feeling hesitant to part with any more money after my spendy trip to melbourne i chose instead to modify my existing copy of a href http www	1
4919	i didn t leave feeling sarcastic and annoyed at having to treat someone as though they re better than me	0
4920	i feel depressed i am in despair why does it have to be this way why didn t they start treatment earlier	3
4921	i feel that he s being sincere when he says that he does love me but there s this whole other part of me that keeps telling me that he still loves the other girl	2
4922	i feel like im being punished for existing	3
4923	i feel less hesitant predicting that the oeuvre of nick dewitt will continue to bear fruits that seem to come from distant times forward and or back	1
4924	i mulled this idea over in my head as much as i loved it i also noticed myself feeling a bit hesitant about what it might mean for her our	1
4925	i prevent them from inevitably feeling insulted when i tell them that life here just isn t enough for me anymore	0
4926	i feel reassured when i listen to waldmans songs	2
4927	i feel deeply honoured more than anything	2
4928	i told my baby to kick or move so that daddy can feel you like i always do and of course my cute little cupcake did as i told and hubby woke up from his sleep and we just laughed	2
4929	i feel appalled at my sadness and hurt	0
4930	i am frankly surprised that you consider the minds of the quorum members weak and susceptible to doubt and furthermore im surprised that you feel that their faith in the church could be shaken by the letter i posted on my blog	1
4931	i feel personally hated when i read their poems	3
4932	i feel like texans are some of the most friendly and genuinely kind people you will ever meet but i still have my issues of old attitudes that just don t change nearly quickly enough for my taste	2
4933	i spent most of the first day feeling pissed off thanks to the tourism and hospitality workers who trump thailands comparatively feeble efforts to fleece gullible white people	0
4934	i was feeling very spiteful and was only encouraged by this bit of information	0
4935	i need the damn thing to suddenly animate and dance a jig while singing i feel pretty oh so pretty	2
4936	i became attached early on and feeling the decline in the relationship scared me	1
4937	i got a very nasty electrical shock when i was tampering with some electrical applainces	1
4938	i feel about any other part of pride i still believe in what dykes on bikes stand for and am still proud to lead the pride march because of it	2
4939	i feel when i mad at you	0
4940	i thought getting confirmation on publishing would make it so easy to sit down and write and it for sure is a great feeling but i am terrified	1
4941	i suggest you do though it might be hard cause it is a bit slow at times if you don t feel a bit of a tug at your heart or perhaps feel a tear forming in your tear ducts i will declare that you are heartless and thus should be banished from the rest of the world	0
4942	i know exactly how she feels because i hated it so badly i got so depressed i was cutting myself when i got so low i started thinking about suicide i did run away to nyc the farthest place from them where they wouldnt be able to find me	0
4943	ive just been feeling extremely outcasted and insecure	1
4944	i have a well staffed office or a relatively less busy schedule things run more smoothly and i feel less stressed	3
4945	i didn t feel useless anymore	3
4946	i also feel valued as a whipping girl for him to take out frustration and anger on maybe to a bit less of a degree than i would like	2
4947	i am under pressure at the place i spend most of my week on past experience i will tend to feel more unhappy for longer periods	3
4948	i feel that pain now and am fearful that i will have to endure that for many years to come	1
4949	i truly feel that we are family and for that i am so thankful	2
4950	ill think about my new sewing room and the awesome feeling it is to have a place where i can be as messy as i like without anyone moaning	3
4951	i have now synced it with my itunes and feel delighted that music will be more accessible to me no matter where i am and can once again feature heavily in my life	2
4952	i should admit when consuming alcohol myself in small amounts i feel much less inhibited ideas come to me more easily and i can write with greater ease	1
4953	im trying to smile for the camera and keep my eyes open while im really feeling terrified and screaming about as loud as i can with my eyes tightly closed	1
4954	i feel him i touch him with my hands i form him without wanting to i give him to myself i take him away from myself how impatient i am to see him	0
4955	im in the middle of my conversion to understanding the gospel and sometimes it feels very much like an identity crisis so please bear with me as i am very timid in this new role and life	1
4956	i feel for the author but i m also hesitant over whether or not i should comment on this subject	1
4957	i feel a hesitant touch at my back and i lean back into the familiarly small hands	1
4958	i feel dumb to not have the slightest clue about it lolll p but all in all i appreciated every second of my birthday and felt very blissful to have everyone in my life	3
4959	i was feeling pretty strange like dinosaur soldier after i read them because in a weird sort of adult or perhaps college aged way my brain was analyzing the books	1
4960	i almost always feel the inside of my tire but in my rushed state i failed to do this important step	0
4961	i so desperately want to be able to help but i feel so helpless	1
4962	i feel grouchy tonight	0
4963	i looked at him feeling quite amused and relieved	2
4964	i am feeling pretty wonderful	2
4965	i asked feeling utterly useless	3
4966	i trust heavily when i feel that the trust is worthwhile	2
4967	i feel like the world is just being bitter and cold but its degrees out sunny and bold something went a rye before early tea time and i cant figure it out yet	0
4968	i see people who have accomplished so much more than me and i feel envious and incompetent	0
4969	i feel so tortured by it	0
4970	i feel a bit rude leaving you hanging there from my last post with an almost done room and then radio silence	0
4971	When Anna left Inspector Aziz , she was much happ	2
4972	She became happier , more sett	2
4973	A small , happy man with a white beard , he always wore the traditional grocers ' ap	2
4974	Words bubbled in Jay 's mind with an absurdly happy sm	2
4975	All during the night , over and over again , she had found it absurd that she 'd ever considered herself a happy wo	2
4976	It is true that the wonderful advance of our people  has transformed the wilderness into a home where men and women can live comfortably , elegantly , happily , if they are of contented dispos	2
4977	Contented workers are more likely to be profita	2
4978	As trains halted , the orchestra struck up Aaron Copland 's Fanfare For The Common Man much to the amusement and delight of curious passeng	2
4979	When the marchers passed the city 's overhead railway , two trains hooted in solidarity , to the crowd 's deli	2
4980	He also said , to the delight of those Nonconformists who read his memoirs , that Watson 's tour was far more successful than Matthew Arnold	2
4981	To his absolute delight the first trap had held what must have been a seven pound salmon , plus a couple of mullet which he had igno	2
4982	To her delight he even took to discussing his work with her , and Leonora listened , rapt , utterly fascinated by glimpses of the other , professional Penry Vaughan she secretly found so impress	2
4983	He looked around at their delighted faces and began to feel embarras	2
4984	The old man answered my knock and his big face split into a delighted grin when he saw	2
4985	Her face lit up with a delighted smile as she gazed at an abandoned plate of half-eaten sandwiches on a nearby ta	2
4986	"` You think of everything , do n't you ? "" she said with a delighted sm"	2
4987	Not so , according to elated opponents of nuclear po	2
4988	I was elated , excited , in another wo	2
4989	He felt both elated and frighte	2
4990	Perhaps elated behaviour has evolved in connection with a rise in the hierarchy , depressive behaviour with a f	2
4991	Suddenly , to her relief , the telephone rang , Joanna picked it up , wrote down the message , and came back to the table , looking ela	2
4992	I remember my feeling of elation when I climbed aboard the tr	2
4993	The participants in folk dance can and certainly do show elat	2
4994	In our elation there was some suspicion that our experience had been secret , adventurous , and uni	2
4995	Figurative arts , even more than poetry , expressed the mixed feelings of elation over past victories and fear of future incursions which the Celts inspi	2
4996	So we 're quite excited about it and also it 's quite a major prob	2
4997	` Right now I 'm feeling very excite	2
4998	The three of them started walking , followed by the excited cr	2
4999	The excited smile on her face told Ingrid that the girl was enjoying hers	2
5000	I was working late on one of these bad nights when an excited Dr Laurent rushed into my off	2
5001	Her headache seemed to be getting worse and worse , and Raffaella 's command of English slipped as she grew increasingly exci	2
5002	Culley imagined Susan 's gleeful smile as she waited for Yorke to work it 	2
5003	Gleeful opposition leaders and Tory Euro-sceptics said the Government 's handling of Maastricht had descended into ` shamble	2
5004	She wished she could share her glee with A	2
5005	` His gratification was almost unbounded when on arriving at the Belts of the Murray he found not only numerous new Species but new forms of Bi	2
5006	Captain McArthur was a musical comedy aficionado , and not pleased when Mrs Kingswood spoke critically of the f	2
5007	It is difficult to tell whether they are disappointed or pleased when the expected end seems dela	2
5008	` Did n't seem too pleased about somethin	2
5009	No one was more pleased about Dara 's demise than Roshanara Be	2
5010	"` I should think you 're pleased , are n't you ? "" asked Charles genia"	2
5011	When he came to the part about the clip he glanced up , and she saw the flare of excitement in his silvery-green eyes before they dropped once again to the p	2
5012	Somehow she rose over her excitement , though , and concentrated all she could on the task at h	2
5013	Glancing up at his face , Cassie saw his expression change , his face darkening and hardening as his mounting excitement and desire seemed to quicken into something uncontainable , threatening , like the tide of an incoming sea , to engulf them b	2
5014	The crowd was wild with excitem	2
5015	For a girl brought up in a Christian Science home there was a certain frightening kind of excitement about medicine , like drink for a teetotaller ; but otherwise she found the work harrowing and repell	2
5016	All this generated considerable excitement within 	2
5017	The highlight of the whole tournament -- almost irrespective of their performance on the field -- will be SOUTH AFRICA 's emergence from the woods , a coming in from the cold which is generating a great excitem	2
5018	Of all the journalists who made the pilgrimage to Dovercourt , the team from the BBC caused the greatest excitem	2
5019	Ellen gave me an amused gla	2
5020	The simple , laughing islanders subsequently worshipped it as a god , much to the amusement of their more sophisticated neighbo	2
5021	Aristophanes shook his handsome head over his friend 's amusem	2
5022	This time , the Prince 's amusement was obvi	2
5023	Guy Sterne was having great difficulty in controlling his amusem	2
5024	He sounded quite sad about i	3
5025	They were very quiet and sad at first , because I would be leaving them , but I promised I would never forget them and would often return to visit the	3
5026	But , not surprisingly , many parents continue to feel anxious , tense and sad about their childre	3
5027	They all seem terribly sa	3
5028	My mother was only a sad woman in an old photograph , younger then than I was no	3
5029	A sad old woman rose from her chair , as from a dais , to take their coats and hang them on a row of hooks nailed against a wal	3
5030	` We are sad for Jason Livingsto	3
5031	I am surely not alone in feeling profoundly sad over the so-called reprieve of certain regiments in the British Arm	3
5032	They talk about the sadness of departure ; what about the guilt of arriva	3
5033	Was his sadness tinged with guil	3
5034	As she looked around she felt a twinge of sadness that in a carriage where 70 per cent of the commuters were men there were five women forced to stand in the aisl	3
5035	If refused , they may feel saddened , disappointed , or inconvenienced , but their self-concept is n't shattere	3
5036	She looked at the crumpled figure who was fighting for breath on the pillow , perspiration pouring down his anguished fac	3
5037	The earliest sparkling wines were undoubtedly discovered by accident , probably by the trial and error methods employed by anguished winemakers ironically trying to avoid the nuisance of fizzy wine	3
5038	The anguished princess , says Morton , told one friend : ` If this is the price of public life then it is a price I am no longer willing to pay 	3
5039	She felt the anguished tears of motherhood blur her vision and blinked them awa	3
5040	He glanced up , saw Auguste 's anguished eyes , and thought he understoo	3
5041	In time , perhaps , she would make efforts to conceal her resentment about his ability to make her feel guilty , and he would make efforts to conceal his anguish about the loss of he	3
5042	But the address underlines the anguish of Her Majesty 's speech after the Windsor Castle fire when she referred to 1992 as her ` annus horribilis 	3
5043	My anguish must have shown in my face and in my voic	3
5044	Some real research , I suggest , is needed into a condition which , though frequently rib-tickling in retrospect , causes widespread anguish at the tim	3
5045	` He was depressed and has suffered a great deal of mental anguish 	3
5046	He looked so crestfallen that Old Bulldog did n't know what to do for a minut	3
5047	Then they walked away , humbled and dejecte	3
5048	But Kirkwood , who was a particularly dejected figure after Monday 's decisive 1-0 defeat by Canada , injected some pride back into Irish ranks in the dying seconds when he flicked home the winne	3
5049	Meanwhile the dejected opposition leader , John Hewson , reacted to his crushing defeat yesterday by abandoning key policies which he had trumpeted as essential for Australi	3
5050	So I got very , very depressed about it all and I just said to the officers , ` Put me in my cell and leave me alon	3
5051	The mood by this time may be more depressed , as they start to look at their own problems as opposed to those of their partne	3
5052	The virtual outlawing of the use of ECT in some States in the USA has deprived suicidal depressed patients of an extremely effective and sometimes life-saving treatmen	3
5053	Geographical moves have been found to be third most important in a list of ten precipitants concentrated in the month before the onset of depressive symptoms , in forty consecutive clinically depressed patient	3
5054	Many depressed people just withdraw into themselves , they may sleep a lot in the day but have wakeful night	3
5055	A depressed person may cry a great deal , show self-pity and lack of interest in the outside world and have no enjoyment of everyday life , even foo	3
5056	He seemed too depressed to do very much , wandering round the house like a zombi	3
5057	In the longer term the offspring of depressed mothers are more likely to suffer from childhood depressio	3
5058	Her shoulders were slumped and she was walking slowly , looking depresse	3
5059	Edwin , I would be utterly desolate were it not for my faithful companion her	3
5060	Creggan had never in his short life felt so desolate , and try as he did he could not rest and fall aslee	3
5061	Feeling oddly bereft and desolate , besieged by Dolly 's incessant chatter , Luce was pleased to get back to the hote	3
5062	Feeling desolate , she climbed back into the car , not daring to look at Roman in the silver moonligh	3
5063	She looked utterly desolate and all of her thirty-eight years ; her cheeks seemed to sag and her jaw-line looked heav	3
5064	There is nothing new in the experts spreading unwarranted alarm and despondenc	3
5065	During the days that followed Brackenbury 's hasty departure , Edward 's despondency increase	3
5066	And therein lay the extent of his gratitude , she realised with a feeling of despondency , but to disguise her feelings she added brightly , ` When we 're at the hospital we must visit Stella 	3
5067	Despite moments of despondency , de Gaulle himself certainly did not give up hop	3
5068	The euphoria and sense of well-being which accompanied the boom years of the 1980s has been replaced by a mood of despondency as companies and individuals experience the effects of a western-style recessio	3
5069	Diana took the criticism to heart , avidly read what was being said about her and became depressed and desponden	3
5070	She was becoming increasingly despondent about the way things were goin	3
5071	He was beginning to feel a bit despondent about the kind of questions Jean was askin	3
5072	Privately , Juliet was feeling rather desponden	3
5073	Squeezed like despondent sardines , they looked as if they were huddling for warmt	3
5074	A despondent Renault worker remarked , ` It seems to me that we came very close to something new 	3
5075	"` I was devastated , "" he says of missing the semi-fina"	3
5076	In an expression of community sympathy many local children in South Ronaldsay made and sent cards to the four devastated mother	3
5077	Julie 's devastated husband Tim , 32 , was last night preparing to fly from their home in Northampton to identify his wife 's bod	3
5078	Father Hugh Mcaleese said : ` We are devastated , but we intend to restore the church to its former glor	3
5079	"` I was devastated , I wanted him back , "" Carol said after the hearing at Fareha"	3
5080	Fry said his farewells to the players who regarded him as a father figure before heading for home in Bedford a devastated ma	3
5081	He collapsed in a coma at a London club and died hours later in hospital from massive internal bleeding  in front of his devastated mum and da	3
5082	` All her colleagues are devastated , she was a popular wee girl 	3
5083	Wycombe were beaten by Bob Taylor 's 82nd-minute winner , and their disconsolate boss Martin O'Neill said : ` I was actually looking forward to extra-time because I was so sure we would wi	3
5084	As Clinton was taking up the reins of power , a disconsolate President Bush flew back to Washington to make arrangements for the handove	3
5085	Francis was not totally disconsolate and added : ` The way our fans came behind us is the best I 've ever heard it here , and I hope it continue	3
5086	She stared until it was hard to know which was herself -- the disconsolate woman in the chill room or the other sorrowful face in the night outsid	3
5087	Wenner would fly in to issue instructions to an increasingly disconsolate staff and Jagger would pay the bill	3
5088	Penelope Huntley sat silent through this speech , chain-smoking , her eyes downcas	3
5089	Flora 's eyes were downcast too ; they usually wer	3
5090	"But one day when the lord was off hunting the fox said : "" Friends , we are all happy and contented , but our master sometimes seems rather sad and downcas"	3
5091	Kevin Keegan , the Newcastle manager , was not downhearted , even though the result leaves his side deep in relegation troubl	3
5092	"` In fact , "" said Helen , ` I 'm not feeling particularly glum about all thi"	3
5093	Leading scorer Paul Wilkinson struck his 20th goal of the season against his former club but looked glum as he left the dressing roo	3
5094	Aside from the fact that Jill is quite capable of carrying her own books , her glumness could easily be due to being a young lesbian forced to suppress it and wishing Jack would take his stupid pick-up lines elsewher	3
5095	She had assumed that because mother had n't wept or shown grief that her father had n't been loved by anyone but herself and her father 's parents , who wept copiousl	3
5096	At their graves their families would unite with their beloved over a memorial meal and a drink , easing their grief in recreating the family intimacy , only transiently rupture	3
5097	But for the time being , Private Morrison 's family , already overcome by grief , can only wait and hope his body will be released to them soo	3
5098	Heartbroken , Maria had to return to the convent and remain a nun for the rest of her lif	3
5099	Heartbroken Tim Godwin weeps as he tells how he had to tell his 23-month-old daughter Sophie : ` Mummy is n't coming back 	3
5100	The kids will be heartbroke	3
5101	Although I have has a lot of support , I feel heartbroken about Henri 's futur	3
5102	` The popular story is that he was so heartbroken he ran off to join a religious order , and has since been ordained 	3
5103	"` I thought they must have had a quarrel , "" Brand said , and I had the impression he was n't heartbroken about it "	3
5104	William was inconsolable and , unable to settle at home , continued to travel extensivel	3
5105	It can be the focus of inconsolable grief ; it inspires poetry and literature , symphonies and song	3
5106	In the event , Maman was inconsolabl	3
5107	He was inconsolable when he found what she 'd don	3
5108	He was not inconsolabl	3
5109	Vincent agreed , too low-spirited to put up any resistanc	3
5110	He was a plodding lugubrious fellow , and we were delighted with his Wodehousian nam	3
5111	He looked up , his lugubrious face pale , and Athelstan saw it was tear-staine	3
5112	He was so miserabl	3
5113	Of course I like them ; if I did n't I 'd be utterly miserabl	3
5114	Sheila Williams was feeling miserabl	3
5115	On the other hand , the most important person , the cameraman , wore jeans and a Micky Mouse T-shirt , over which his mournful , deadpan moon face shone incongruousl	3
5116	It is her whole situation -- she is so mournful and silently accusing and sometimes , Robert , I think her as mad as Landor with all this nonsense she makes of the Bible from time to tim	3
5117	He was at the graveside looking mournful and interestin	3
5118	He had a narrow mournful face , tapering to a long pointed chi	3
5119	I could n't bear the mournful look on his fac	3
5120	The merchant 's long face was even more mournful and the friar was sure the man had been cryin	3
5121	Not from irritation , but because she knew it was a lie , and felt sorrowful because of Alic	3
5122	His liquid eyes were sorrowful and the ends of his moustache droope	3
5123	Athelstan rubbed his mouth with his thumb and gazed directly at Cranston 's sorrowful fac	3
5124	Jacob filled to the brim with sorrow for the woman whom , despite everything , he had love	3
5125	He was a man drowning his sorrows , he 'd decide	3
5126	They were young but they walked bent in sorro	3
5127	"` God give me strength , "" he yelled , instantly turning his attention back to the younger man who stood before him , and whose woebegone expression would have been comical were it not so pitifu"	3
5128	"` I had to rush around trying to find a farmer with a cart who might be going where I wanted , "" Katz lamented , his woebegone countenance matching his sorry tal"	3
5129	Liz must have looked as woebegone as she felt when they staggered into the stuffy carriage , because Barbara had burst out laughin	3
5130	But she was torn by her daughter 's despai	3
5131	The profound anguish and hopeless despair of this woman in the face of what she believed to be the moral ruin of her whole life can not well be describe	3
5132	ON a day which saw a host of prophets confounded -- and a month of near despair for many Conservative loyalists -- the reputation of one sage is intac	3
5133	Evelyn had never experienced such utter despai	3
5134	Perhaps it was despair that made me believe there was one person in the world who might know that I was in despai	3
5135	Driving back , she managed to keep her anger in cont	0
5136	He was court martialled but to the anger of the unpopular Governor , was acquit	0
5137	As he released his anger , he felt his love for his ex-wife , and wept over their divo	0
5138	His mounting anger was making his speech more and more incomprehensible through his stroke-stiffened mo	0
5139	He said : ` Community anger is running h	0
5140	Mr Jones exploded in an	0
5141	There were rumours of anger among the grain farmers , who were being given IOUs instead of cash for their cr	0
5142	She showed her anger in public by virtually ignoring Char	0
5143	He looked away , a bitter anger in his e	0
5144	A terrible , furious , impotent anger filled him , making him want to strike out , to shout and scr	0
5145	"` Robots , "" he said , ` gave me a means of venting my anger , "" a remark whose logic baffled me until I read another ` Logic alone can not explain thi"	0
5146	There is always a moment in time when we can make a decision whether or not to vent our an	0
5147	Even so , becoming angry when travel arrangements go wrong can hardly h	0
5148	So you can see why mothers get angry when they discover that even everyday foods such as apples can cause a build-up of unwanted chemicals in their children 's bod	0
5149	"` We do n't go to Lightwater Valley , "" said an equally affronted bus dri"	0
5150	If you have symptoms that you think may be caused by food intolerance you should not feel affronted if the doctor 's initial questions seem rather personal and irrelevant to the aches and pains being suffe	0
5151	"` I do n't ask about your private affairs , now do I ? "" he said , in a mildly affronted t"	0
5152	When another patron tried to step in , the enraged lover flew at 	0
5153	Then she must sit in the sun before hauling it back up and altogether I was enraged and wished I was in a condition to show her how it should be d	0
5154	Barbarossa sent a mandate requiring Milan to give up her claims , but the Milanese consuls tore up the document , and the imperial ambassador fled an enraged cr	0
5155	This act of selfless good nature earned her a fine of one hundred francs and caused a riot in the Latin Quarter when enraged fans besieged the Prefecture of Pol	0
5156	When he saw this he was further enraged and started towards the seer with an 	0
5157	Though later when I did the piece in Vienna I was furious when the orchestra showed up with five basses and a dozen first viol	0
5158	They looked furious when they saw our faces peering in and made frantic signs for us to close the curtains ag	0
5159	She had been furious when she saw my mask was 	0
5160	Thames Valley Police are known to be furious about the c	0
5161	His parents were furious over the engagement busin	0
5162	Lineker became incensed when Taylor went public , not only questioning whether Lineker should remain as captain , but whether his form justified a place in the side -- even though he was maintaining his phenomenal strike r	0
5163	Lin Foh seemed incensed , but kept his voice down as they reached the outside steps of the Coroner 's Co	0
5164	In her incensed whisper she called me names I did n't underst	0
5165	De Gaulle was incensed , ordered Massu 's recall to Paris , and , against the advice of several senior advisers , insisted that Massu should not be permitted to return to his comm	0
5166	In England wild storms swept the country , and commuters were infuriated and inconvenienced by the ASLEF disp	0
5167	The infuriated Milan Cardinal told the city governor that both the Chief of Police and the governor would be excommunicated if Landriani was not immediately released back to the conv	0
5168	An infuriated Charles ordered the battering of Newgate , where artillery breached the wall and hit the nearby Carmelite house ( now Whitefriars Museum where Civil War will be displayed ) supposedly killing two of the occupa	0
5169	In Oviedo an infuriated mob was only prevented from lynching the distinguished poet Melndez Valds by the appearance of priests with the exposed h	0
5170	The insurance cover is designed to protect intermediaries against suits for damages brought by irate custom	0
5171	At the sixth congress , in 1986 , irate delegates rejected a ridiculously optimistic programme that had been drafted in secret by Le Duan , the then secretary-gene	0
5172	This week an irate mother reportedly stormed into a London school and hauled her 15-year-old daughter out of a class in elementary sapph	0
5173	The onlookers at first thought this accident was part of the show and were creased with laughter , making the poor man even more ir	0
5174	NURSES are being given acting lessons -- to help them cope with irate patie	0
5175	Michael Stein was trying unsuccessfully to calm an irate customer who was arguing about his b	0
5176	Thus if a particularly irate husband pronounced the words three times in the heat of the moment the divorce was permanent and could not be rever	0
5177	She really was mad about what she 'd just found in her free	0
5178	But he still feels miffed and mystified as to why manager Kevin Keegan discarded him so readily from St James ' Park and why no other Premier League clubs were willing to hire his lethal ski	0
5179	Bank customers are notoriously slow to shift their business , even if they are mif	0
5180	The reporter , whose English was stilted and hesitant , tried to get an answer from a miffed Atherton who refused saying he had already answered the same ques	0
5181	If Russia was miffed about the membership plans , other East European nations were delig	0
5182	She was offended and took it all persona	0
5183	He hoped she was n't offended , as a Times repor	0
5184	Indenbaum knew how badly Modigliani needed money so he tried to offer him a sum within his means for the beautiful oil , but Modigliani was offended and obliged Indenbaum to accept the portrait as a pres	0
5185	Nutty was not offen	0
5186	The Doctor looked offen	0
5187	I do n't care if you 're offended , that 's the trut	0
5188	Albert was offended , and swung his legs athletically out of bed , wincing on the distant side of his f	0
5189	His marriage to Osthryth , the sister of King Ecgfrith , inhibited him from bestowing royal favour on Wilfrid until Archbishop Theodore engineered a reconciliation of offended parties in 	0
5190	He did n't seem offended , he did n't exactly appear contr	0
5191	He looks offended when I tell him he is perceived as a man 's 	0
5192	""" A little offended , Bagshot put the key in the lock and opened the d"	0
5193	He looked offended but I guessed his idea of discretion was swapping his length of lead pipe for a rubber trunch	0
5194	My hands dart indignantly about my desk as if they were offended mice , opening files , annotating minutes , picking up the recei	0
5195	That may not , however , be enough for the offended part	0
5196	When he took his hand away still saying nothing , she felt slightly hurt and resent	0
5197	Rock became aware that the thrilling , magical father , who had taken his young son backstage , on the road , drinking , water-skiiing , was gradually becoming a resentful tyr	0
5198	Residential workers are faced with youngsters who are not only anxious and resentful about family events , but may also be mistrustful of those who try to help t	0
5199	Carlie and Harvey feel bitter and resentful about the way they 've been trea	0
5200	I coped at the time but now , five years on , I feel guilty and resentful about the whole aff	0
5201	He felt their resentful eyes burning the nape of his n	0
5202	Lucy sent him a resentful glance while adding an explanation for her prese	0
5203	I said I thought Surkov felt resentful because the novels had n't made more mo	0
5204	I have grown up to be distrustful of men , doubtful of my own goodness , extremely resentful and explosively an	0
5205	She felt rather ri	0
5206	At once regretting that she had let herself become riled , she delved into her bag and came out with a bar of s	0
5207	Two could play the same game , and the Russian was now ri	0
5208	It joined me for the rest of the holiday , much to the annoyance of my fellow passeng	0
5209	Busking or playing musical instruments in the Underground , to the annoyance of other passengers , is an of	0
5210	It was after noon by the time we actually got sorted , much to the annoyance of the lady from the Public Relations company who had hired	0
5211	"` I am practical , "" Jessamy insisted with some annoya"	0
5212	Liz suppressed her annoyance before it could take h	0
5213	She stopped as she saw the look of annoyance on his f	0
5214	Robyn leant against the door to the office and found herself experiencing the old , familiar surge of deep annoya	0
5215	Who can honestly say that they have never been consumed by that intense annoyance , never felt that burning but wrenching tension and anger at life 's petty frustrati	0
5216	Dotty flushed with annoya	0
5217	She was absolutely li	0
5218	` He was li	0
5219	His face was livid , and his hand had clapped to his sw	0
5220	Tabitha Campbell-Black was livid because she won a bag of Bailey 's Performance Mix horse feed rather than a T-shirt with a picture of a polo pony on the fr	0
5221	Mansell was livid and admitted he ran away from the scene of the accident to avoid being tempted into big trou	0
5222	City fans are still livid over the clash with Bull that led to skipper Steve Walsh 's sending off in the 3-0 defeat at Molineux three weeks 	0
5223	LIVID Mia Farrow beat her adopted daughter Soon-Yi with a chair after finding out about her affair with Woody Allen , it was claimed yester	0
5224	` He 's livid about Opa	0
5225	And then of course , silly girl , she went and told him -- he was so livid he would n't have nothing more to do with he	0
5226	Sly was left feeling absolutely li	0
5227	Benedict was on his feet , overturning his chair in one violent gesture , a face of livid fury turned on Th	0
5228	He dipped the cotton wool in the water and dabbed at the livid puffy e	0
5229	Wayne will be livid when he he	0
5230	"` You could have lent it to me , "" Paula said , pee"	0
5231	I 'm not surprised he 's feeling pee	0
5232	Agnes noted with alarm that a pink flush was suffusing Dorothy 's face , a sure sign of temper , and really , thought her loyal assistant , she had every right to be cross under the circumstan	0
5233	 Do n't be cro	0
5234	There was really no reason why Star should be cr	0
5235	My husband still feels very cr	0
5236	Frau Nordern bit her lip in vexat	0
5237	To Meryl 's vexation , the boundary wall proved to be nearly eight feet h	0
5238	But , determined that he should n't have the satisfaction of seeing her vexation , she said drily , ` Do n't mention it ; I 'm only glad it was n't rush-hou	0
5239	` I am vexed , J	0
5240	Unable to help herself , Mrs Abigail made a vexed no	0
5241	Lissa gazed up at him , at his vexed expression , and tried to quell the smile that pulled at her l	0
5242	I 'm getting ve	0
5243	 You 're not  vexed , are you ?  he asked incredulou	0
5244	Court sounded almost indign	0
5245	Scientists , on both sides of no-man 's land , become bitterly indignant when someone points such external influences out to t	0
5246	I was extremely indign	0
5247	Topaz was indignant , some of her fear dissipat	0
5248	IN East Germany two men , formerly regarded as untouchable pillars of the old regime , have , rightly or wrongly , become the focus of over-zealous and sometimes bizarre persecution by the legal authorities and an indignant pub	0
5249	Lucien made a small , indignant sound , his arms flailing before he recovered his po	0
5250	Auguste shot him an indignant gla	0
5251	"` Nevil does n't work for me , "" he snapped , truly indign"	0
5252	After the verdict on Monday , an indignant Cannes president Alain Pedretti described it as ` scandalou	0
5253	He watched , felt indignant but also justified because he was ri	0
5254	BLACKEYES ended , trailing an ever thinner line of puzzled viewers , exasperated critics , and the nagging question , what went wr	0
5255	"` It 's absolute nonsense , "" wails an exasperated spokes"	0
5256	Doctor McCann turned an exasperated face away and addressed himself to 	0
5257	She began to feel exaspera	0
5258	He seemed exasperated , though well in cont	0
5259	The fellow , sighing dramatically , rose wearily from his chair like an exasperated parent dealing with two naughty child	0
5260	Blake looked at the exasperated face of the Doctor , '  but this computer can predict what I 'm going to	0
5261	They left behind them broken glass , tyremarks on the road and another exasperated shop ow	0
5262	The sheriff had said the most likely explanation was that the father had become exaspera	0
5263	He was exasperated , but not cast d	0
5264	Shaw , however , worked off most of his exasperation over the weekend winning the Durham and Cleveland County veterans ' over 50 ti	0
5265	And then again perhaps Modigliani 's exasperation stemmed in part from envy of this brilliant young 	0
5266	You may find your exasperation turns to inspir	0
5267	She sounded very disappointed and David knew she was suppressing her exasperat	0
5268	Robbie 's exasperation found v	0
5269	 At least if there 's a human being there you can talk about the deal ,  says Legal & General 's Michael Payne with just a trace of exasperat	0
5270	She shot him a look of exasperat	0
5271	All through his life , though Ken could be austere and stubborn to a point which provoked exasperation , his evident holiness was so blended with cheerfulness that he seldom lost the admiration and affection of his contemporar	0
5272	Tzann clucked his tongue with mild exasperat	0
5273	Jean-Paul gave a sigh of exasperat	0
5274	His voice was tetchy , but not alarm	1
5275	The alarmed Hungarians initially kept this threat to themselves , but have since raised the issue in private both within the Warsaw Pact and with certain Western governmen	1
5276	The assistant looked alarm	1
5277	If she 's so anxious about my welfare and morals it 's a wonder she has n't come stamping up here to check out the situation for herse	1
5278	The last time she had walked down this lane she had been too anxious about Susan to notice very mu	1
5279	Meanwhile the flood of letters of a very different sort from anxious Hong Kong citizens to this and every other newspaper office continu	1
5280	She subsequently attended the genetic counselling clinic , and was very anxious about the situati	1
5281	The Oracle clearly becomes very anxious about this and demands to know their busine	1
5282	He had taken an interest in the growing baby , and had become anxious about Jane 's health and safety , the way expectant fathers were supposed 	1
5283	Far from experiencing simple gratitude , such children will most likely feel terribly torn and anxious when faced with their foster parents ' offer of affecti	1
5284	They seemed anxious and hesitant about leaving , as if uncertain of which direction to ta	1
5285	Stephen Spielberg says anxious parents should view it fir	1
5286	A helpline has been set up for anxious paren	1
5287	Anxious people become acutely sensitized to their bodies , noticing minor bodily changes upon which they foc	1
5288	Rose was excessively clinging in her behaviour and anxious when Clive was either late , as he often was , or away on an extended business tr	1
5289	They were a little anxious about the flight over the Timor Sea as their compass had been 10 awry on the outward journey though it was correct at Melbour	1
5290	Many beef farmers in my constituency of Monmouth are deeply anxious about the impact of the MacSharry proposa	1
5291	It all started early this morning , when a rather anxious mum called in at the offi	1
5292	Tero followed them at a distance , watching her new friend with sorrowful anxious ey	1
5293	I became concerned when I saw my husband becoming a different pers	1
5294	Everyone is terribly concerned at the moment ; we had thought that the security at St Helier was tighter than in most other hospita	1
5295	Maria 's ( 3.5 years ) parents were concerned because of her severe headbanging at ho	1
5296	Hank was thoroughly disquiet	1
5297	Blanche was disquieted but not sure w	1
5298	We shall find reason for disquiet about this argume	1
5299	Nevertheless , even among non-abolitionists ( and across most of the political spectrum ) there has been grave disquiet about the state of the priso	1
5300	But the STUC also voiced disquiet about the way last Monday 's picketing was handled by police , and said it had secured a pledge that policing would now be ` even-handed	1
5301	There was widespread disquiet in the media and elsewhe	1
5302	His comments are a major diplomatic gaffe as the CRC has supported the region in its disquiet over the CRE 's decision to begin an investigati	1
5303	Nevertheless , the Commission 's disquiet has not prevented it from agreeing the designati	1
5304	Apparently the RLD was not aware of the details of the Vanguard accident at that time , but the subsequent publication of the report on the accident should have reinforced their disqui	1
5305	She voiced her disquiet and Ana laugh	1
5306	Listening to parents in the playground and at more formal events such as parents ' evenings should alert staff to early stages of parental disqui	1
5307	That was still the kind of work that I wanted to do , and if I thought very much a comprehensive schools it was in a spirit of mild disqui	1
5308	His comments are a major diplomatic gaffe as the CRC has supported the region in its disquiet over the CRE 's decision to begin an investigati	1
5309	However , does the right hon. Gentleman recognise that profound disquiet has been expressed about some of the proposals in the Bill , particularly the fast-track on	1
5310	But her symbolic stance emerges at a time when there is considerable disquiet over the imaging of childr	1
5311	There was public disquiet , questions in the Commons and an enquiry ordered into Jeffrey 's whereabou	1
5312	Costly experiments on the teeth of live dogs or primates , not to mention the public disquiet about such animal testing , might be avoided and delays reduc	1
5313	IMPRESSED just this side of awe as I am by the Department of Transport and its fearless tackling of such problems as juggernaut lorries and EEC regulations , I must nevertheless confess some disquiet about a recent pl	1
5314	Accountants inevitably greeted the court 's finding with some disqui	1
5315	THE Princess of Wales has once more caused disquiet among fashion commentators by sticking to her own rul	1
5316	But there is no doubt that some of these ideas are causing great disquiet among Branch Management and Sta	1
5317	"In his meeting with Bush , zal reportedly sought to express his disquiet about a bill passing through the US Congress aimed at marking the "" 75th anniversary of the Armenian genocide of 1915-23"	1
5318	"In 1989 he began libel proceedings in the UK against the Singapore government after the Privy Council had expressed "" deep disquiet "" over his treatment by the government [ see p. 37574"	1
5319	Startled , and by now more than a little frightened , Patrick headed for Foyles , hoping to lose his followers in the bookshop 's maze of nooks and corne	1
5320	Deep down I get more and more frighten	1
5321	D.H. And no criticism of the drugs or medical regime because they 're too frighten	1
5322	I do n't very often feel frightened , but then I do n't often put myself in that vulnerable positi	1
5323	It 'll be very loud and you might get frightened	1
5324	He was more frightened than he had been in all the time he had been with them , and he could tell that the girl was frightened too , by her quick , shallow breathi	1
5325	They caught a suspicious individual one evening , and turned him over to the police ; but he turned out to be a frightened bilberry-picker who had lost his w	1
5326	` Those poor little girls must be frightened out of their min	1
5327	Someone must have buried them when they were too frightened to hand them in to the police stati	1
5328	Without another word , Bert Rafferty gently picked up the frightened child and made towards the cli	1
5329	He says that Childine must survive because it has proved itself a lifeline for thousands of frightened , lonely and distressed childr	1
5330	In one room , a frightened man bared his back which was a mass of scabs and bruis	1
5331	Ten cold , frightened men climbed out of their trench and listened to the young officer in cynical silen	1
5332	The young woman just stared back like a frightened rabb	1
5333	They 're frightened to dea	1
5334	She sounded frightened , a little distraug	1
5335	The first week I was at the school , I attempted to climb a tree , and was reproved by a horrified prefe	1
5336	He had thus been forced to hide his ignorance , which ill became a bohemian poet , when the trial burst upon a horrified socie	1
5337	Mr McWhinney ( 55 ) , of Drumhark Road , Comber , died instantly when his single-engined Pulsar plunged to the ground in front of horrified spectato	1
5338	With a little grimace , she turned to stare with rather horrified fascination at the dark oil paintings that lined the wal	1
5339	Raising her eyes , she stared in rather horrified fascination at the opening do	1
5340	 Do n't look so horrifi	1
5341	A cold draught of air was coming from the kitchen and I found the back door to be wide open -- and then my horrified glance fell upon Aunt Loui	1
5342	Charles was horrified , conscious that his brother was now disqualified as a man of God from leading an invasion , and , as a celibate , from having a legitimate he	1
5343	When he saw her horrified expression , however , he stopped being a doctor and became quite fatherly inste	1
5344	He gave one swift look at her horrified expression before continui	1
5345	Barely registering Gwen 's horrified face , she turned and whirled out , crashing the back door against the wall so hard that the echoes seemed to follow her fleeing figu	1
5346	Lily shot a quick horrified look up and down the ro	1
5347	The despairing , faithless , gaping , horrified wife looked down at her lover , and knew that he was de	1
5348	The Doctor looked horrifi	1
5349	Daisy leaned forward , at once horrified and fascinat	1
5350	With horror in her eyes , the nurse stated that the young girl had tearfully told the physician the events that had led to her tragic situati	1
5351	Imagine the horror on my beloved 's face when he discovered I had in fact flung in the rubbish his much prized and read collection of Guitarist magazin	1
5352	Melanie was shocked to see the horror on her aunt 's fa	1
5353	Charlotte looked at Ursula and saw a frozen expression of horror on her fa	1
5354	"Rather than match China 's firmness , it can be confidently predicted , the Hong Kong authorities will follow past form , cease muttering about their shock and horror over Tiananmen , and return to bland assurances that the negotiations with Peking about a post-1997 ` Basic Law "" for Hong Kong are going we"	1
5355	Tug had just one glimpse of the girl 's horror as her mouth and her eyes opened wi	1
5356	You can imagine my horr	1
5357	"Then she remembered his horror when he 'd said , ` Do n't tell me you 're a virgin ! "" and her heart closed in on itself like a wounded anim"	1
5358	Meanwhile Crowe , who had been watching the carnage unfold from the other end with increasing horror , unfurled some strokes of class in an attempt to ease the situati	1
5359	"` Did you have a good day at the office ? "" she asked , hearing herself with horr"	1
5360	Aston Villa are having a great run , but they hold no particular horrors for the Norwich playe	1
5361	"This ` return to the sources "" discovers either that such primitive celebrations are entirely divorced from modern sexuality , or that they always concealed a deathly horr"	1
5362	For Swift , there is a connection between cosmetics and prostitution ; the carefully assembled exterior often conceals both physical horror and moral contaminati	1
5363	A few months later Gough Whitlam brought the Australian Army home but it is said that for those who experienced the horrors , each one left a little piece of themselves out in Vi	1
5364	The idea of their having a say in the running of a club appears to make officials recoil with horr	1
5365	I have climbed it from all sides , every time making new discoveries , finding new surprises and delights and , let me confess , secret places from which I have recoiled in horr	1
5366	Yanto realised to his horror he was now the nearest man to the exit b	1
5367	Rex watched in horror as the black claw tore Bill 's left arm from its socket and flung it far up the stre	1
5368	` I felt less nervous in the play-off against Faldo than I have he	1
5369	Quite a few of my classmates had done their speeches and I was getting really nervous as the day for my turn drew closer and clos	1
5370	I seem to be more nervous in that way than I once w	1
5371	The girls exchanged nervous glances , thinking that it must be Miss Hardbroom come to reprimand them for being out of b	1
5372	Flaps are described in detail for the many pilots who do not fully understand how to make the best use of them , and who may be nervous about their first flights in a flapped machi	1
5373	Exhausted and nervous , councillors disappear into small caba	1
5374	Not so much a merciful touch , more likely a measure to prevent suddenly terror-stricken passengers from attempting to escape into the cro	1
5375	If this happened they would be terror-strick	1
5376	Two fierce eyes glared at the terror-stricken sailo	1
5377	A CITY 'S terror-stricken minicab drivers are threatening to quit their jobs in fear after the murder of a young cabb	1
5378	Rose stood looking down at her , a worried expression in her ey	1
5379	This leads to highly agitated motions and correspondingly high temperatur	1
5380	His two thumbs rotated about one another as they always did when he was agitated and looking for a way to stri	1
5381	She was agitated ; there were a few tea	1
5382	Little Maureen was agitated , but she made a nice spee	1
5383	` When a police sergeant revisited Mr Thompson he was still clearly the worse for drink and was in an agitated state	1
5384	She was getting agitat	1
5385	Do n't get agitat	1
5386	Country and Western is suitable for calming an agitated an	1
5387	Annabel said in an agitated voice , ` I feel as if my mind is whirling madly , like a hurrica	1
5388	Just before we were to go upstairs to be photographed , an agitated Nigel Lawson came up to me saying that he wanted a wo	1
5389	Trance-like he drove down the Edgware Road , responding to the multitudinous traffic lights with mechanical movements , while the agitated Eleanor continued to lash his unreceptive ear with a never-ending stream of abu	1
5390	The boss sounded agitated when I spoke to him over the phone	1
5391	At Portsmouth , Lily Lee creatively amplifies a passage from Machiavelli 's The Prince , inscribing a chilling statement in a bold agitated ha	1
5392	More usually it left him ashamed and angry , despite his wife 's kind words of consolation , and Ashi herself in an agitated state of dissatisfaction and unhappine	1
5393	He seemed agitated , restlessly pacing about , looking out into the crowds , then drawing back into the shelter of the arca	1
5394	Nevertheless , Maeve 's sharp eyes had missed nothing ; her husband looked exhausted , troubled , and now she felt agitat	1
5395	Suddenly , a wave of tiredness swept through her and she closed her eyes for a moment , during which the girl remained quiet , but visibly agitated and eager to be getting on with her wo	1
5396	Behind the front door hovered a small and wiry man who appeared greatly agitated and whose polished bald head was flushed and sweating profusely in spite of the co	1
5397	Perhaps the mural makes it new , so shamelessly bright upon the wall like something spilt , and the restless assortment of weekend patrons who watch the stage with agitated and expectant ey	1
5398	While Grant was wakening the kids , he discovered to his dismay that most of the cubicles held four occupants , sleeping in bunk be	1
5399	The first important truth for voters in such spirits is that , in their dismay about recent economic and political errors , they are forgetting the immense Tory achievements which preceded them , and are now at risk aga	1
5400	There was dismay in Belgra	1
5401	Equally inevitably , there was outrage and dismay in Ind	1
5402	To the dismay of the South Africans , umpire Cumberbatch merely signalled a leg-side wi	1
5403	Ian Fleming 's superhero first appeared in Issue 4 of ZZAP ! , much to the dismay of the reviewing te	1
5404	The Estonians require a language test before full civil rights are granted , to the dismay of their Russian-speaking populati	1
5405	Seeing the look of dismay on her mother 's face , Tamar continued , ` You wo n't be telling a l	1
5406	The bank had made no secret of their dismay over Virgin 's venture into airlin	1
5407	Journalists were asked by the manager to attend a midday conference at Celtic Park in the expectation that Brady would be commenting on his dismay over anonymous , directorial criticism of the team 's progre	1
5408	"` It 's stuck ! "" she cried in dism"	1
5409	Gascoigne is the first Englishman to fill the role since Bobby Charlton , a man whose absence from a team sheet spread dismay among team-mates and supporters ali	1
5410	Please do n't let the dismay of the pro-Ford lobby colour your judgement in future road tes	1
5411	There was dismay on her face , n	1
5412	I watched with dismay as they hit the floor and bounced to eight dusty oblivio	1
5413	In this he resembled Bonamy Dobre at Leeds , who reacted with the utmost dismay when his pet student , Robin Skelton , announced his engagement to a fellow-stude	1
5414	"I read with dismay the remark attributed to the Central Scotland Water Development Board in your report today that ` water required powerful law "" , otherwise , the water authorities ` would never get anything done"	1
5415	He predicted ` deep dismay in Hong Kong , deepened only by the statement of the official Opposition	1
5416	"She wrote : "" Thank you for your letter dated 9th October 1991 which I have read with great dism"	1
5417	The commercial ethic meant some deterioration in standards , while the cutbacks in the Overseas News department , one of the glories of Bush House , caused much dismay in the public communications wor	1
5418	This caused a good deal of consternation and dismay in Westminst	1
5419	And it was equally insistent that a policy of retreat would cause dismay in Washington , thereby diminishing Britain 's ability to exert influence over American poli	1
5420	Floyd Patterson has expressed dismay over the current treatme	1
5421	They stared at one another in dismay , the sad , small wickedness of their friends and neighbours strewn around their minds like dirty confetti from a party long pa	1
5422	Melissa stared at her friend in dism	1
5423	Vincent was irritated but not dismay	1
5424	Kendall-Hume turned back to face the dismayed coup	1
5425	I am dismayed , but not surpris	1
