	Test text	Test emotions	Predicted emotions
0	i feel most vulnerable exhausted and plum used up i look up to the heavens and catch myself muttering pleading god be enough	fear	fear
1	i feel a little nervous i go to the gym	fear	fear
2	i do not know if i already hurt their feelings which may lead to their violent reaction may turn into a bad outcome	anger	anger
3	i feel like a cranky old man saying this but so it goes	anger	anger
4	i am and always have been a very sincere nice feeling sociable compassionate helpful girl	happy	happy
5	i feel horrible about myself and want to throw in the towel and give up	sadness	sadness
6	im feeling a bit bitchy tonight so i will be	anger	anger
7	i did not directly react to the spot fixing controversy she espressed her feelings feeling on twitter by tweeting the lyrics of a popular bollywood film song	happy	happy
8	i watched her tears fell i really feel so heartbroken	sadness	sadness
9	i attempted to call my mom to talk to her but she answered the phone with suck fake regard for my feelings she had her jolly voice on and i just told her nevermind and she said okay i have a couple guests walking through the door so i have to go and feed them some pie	happy	sadness
10	Jim could nonetheless tell by his anxious face that something was wro	fear	fear
11	The butcher becomes incen	anger	anger
12	i wasnt so self conscious of my atrocious singing i think id be tempted to break out into this whenever a colleague is feeling defeated	sadness	sadness
13	i am feeling slightly apprehensive about tomorrow s crim exam that has a hefty weighting of but not to the point where i am sweating buckets or reaching for the razor blades	fear	fear
14	i feel scared and stupid	fear	fear
15	i am also feeling his prompting to offer my comments about what exactly is going on in our very troubled world and what he has lead me to do regarding these times we are finding ourselves in	sadness	sadness
16	i left the theater feeling sad and alone the sudden realization of my own fleeting mortality weighing down each and every step	sadness	sadness
17	i feel we have a wonderful thing called a minute breathing space you can stop any time in the day even when you are driving along the motorway or in the middle of an important telephone call	happy	happy
18	i feel more truthful than usual these days	happy	happy
19	lost my girlfriend	sadness	fear
20	i feel an honor of my content being there	happy	happy
21	i love the feeling of the cold nipping at my nose while im in warm clothes	anger	anger
22	i am feeling pretty optimistic about the final product	happy	happy
23	i trust my kids however i feel helpless enough in here over so many things and i m upset at the lack of respect for the few little things i asked them not to do	fear	fear
24	im feeling rebellious and need to do something to relieve some of the turmoil in my body	anger	anger
25	i was feeling a bit jaded combination of mixed up feelings not enough sleep and too many big screen presentations i think	sadness	sadness
26	im feeling cute and flirty and bright coloured lipsticks are for when im feeling bold etc	happy	happy
27	i feel like i should have some sort of rockstar razzle dazzle lifestyle but i would at least like to spend a third of my life doing something i feel is worthwhile	happy	happy
28	i do feel that being the wife mother submissive that i am are all tied together i am not offended by the idea that i am submissive to my children	sadness	anger
29	i feel hopeful that we are already taking important action to make these necessary and important changes and that we will actually make an effective change and make it soon	happy	happy
30	i ended the episode feeling really pissed	anger	anger
31	i would also hate for you to feel i was selfish in my decision	anger	anger
32	i have a nagging feeling of discontent	sadness	sadness
33	i want to reach out a hand and have another there to take hold and there is noone and its making me feel needy	sadness	sadness
34	i left for work feeling still unpleasant and cheered up a mite bit once i got there	sadness	sadness
35	ive spent way too much time feeling pain to the point that im frightened to leave myself open to it	fear	fear
36	i feel disturbed because of the world i saw through the camera s eyes	sadness	sadness
37	im just feeling so inspired now that my hair is freshly cut	happy	happy
38	im feeling angry at someone i do something thoughtful for her and my feelings toward her soften	anger	anger
39	i feel sorry for john boehner his copious tears running over and blurring his spray tanned face until its the same color as his nicotine stained fingers all the while eric cantor is waiting to push him out of the speakership	sadness	sadness
40	i feel it s because we re unsure how we can help	fear	fear
41	i may feel stress unhappy	sadness	sadness
42	i had a go at it it said i was feeling paranoid lol	fear	fear
43	im fancy and it does it in a way without feeling too over the top or snobbish	anger	anger
44	i highly recommend not just this song but the band in general i know their sound might seem familiar girl rock sort of but i feel that their performances are very sincere and anyway their stuff is really good	happy	happy
45	i feel heartless in saying so though	anger	anger
46	i thought to myself feeling amused	happy	happy
47	i am left feeling unsure and confused	fear	fear
48	i dont know how to deal with this i feel like its becoming apart if who i am im afraid that im going to associate it with regular things so that i will never forget it	fear	fear
49	i feel so strange with english right now	fear	fear
50	He broke off as Jim Miller let go a Indian whoop of relief and delighted grins spread across the faces of everyone in the gr	happy	happy
51	i just feel so unsure of myself and everything in my life	fear	fear
52	im being a teenager people and if you feel the need to make sarcastic bitchy comments you can kindly fuck off	anger	anger
53	i feel relaxed at airports are the times the do occasionally occur when i have no luggage especially exceptional luggage	happy	happy
54	i feel safe knowing that the things and people around me are there and will stay there	happy	happy
55	i always dread but end up leaving feeling positive	happy	happy
56	i need to know that it can be fixed and that i m going to feel gorgeous in this dress	happy	happy
57	ive been feeling really unsuccessful in a lot of ways	sadness	sadness
58	i can go from elated laughing to plunging back into my extreme misery at a simple exchange that it feels so dangerous now	anger	anger
59	i hate asking myself why i feel so reluctant when he tries to kiss me	fear	fear
60	im feeling fairly miserable about this	sadness	sadness
61	i dont call what i am feeling as nervous but more anxious	fear	fear
62	id like to write something interesting right now but unfortunately i feel deprived of inspiration	sadness	sadness
63	im sure this silly little blog is ridiculous but sometimes i just feel so aggravated	anger	anger
64	i was in a dark moment of my life at that precise moment so each time i read her stuff the fleeting feeling of empathy for her and her triumphs was quickly succeeded by bitterness and guilty resentment towards her	sadness	sadness
65	im not gonna lie i was kinda sad and down and feeling pretty lonely	sadness	sadness
66	Some ill children feel so angry , depressed , or anxious about their condition that they refuse to e	fear	anger
67	i don t think that woman ever feels generous because she is too busy dying of love	happy	happy
68	i feel like i missed out on an opportunity to wear a cape during my run	sadness	sadness
69	i am currently feeling very aggravated	anger	anger
70	i feel that is very unfortunate that i dont own the soundtrack	sadness	sadness
71	i feel i will never escape something drawing attention to my forehead when distressed because i imagine old age will turn the scrunching into permanent wrinkles	fear	fear
72	i feel like i don t have any useful powerful or special gifts	happy	happy
73	im feeling pretty rebellious right now because im writing this is my engineering class	anger	anger
74	i was feeling pretty distracted with a few things that have been going on so it felt good to go with a clear mind	anger	anger
75	i forgive myself for accepting and allowing myself to feel humiliated and rejected because someone was chosen over me	sadness	sadness
76	i think i might feel a little remorseful if i pursued either of those options right now so ive put them on the back burner in case i change my mind later	sadness	sadness
77	i feel like im such a troubled girl with no direction	sadness	sadness
78	i started feeling overly lethargic my whole body feels like lead	sadness	sadness
79	i wasn t feeling pressured even if this was the longest race and the one i expected the most from	fear	fear
80	i think my body has recovered and i feel excited to go downstairs for the start of the weeks workout	happy	happy
81	i feel that her features makes this hairstye look really elegant	happy	happy
82	i been feeling terrific i was amazed at how my need to binge was abated and i ve lost weight without even trying	happy	happy
83	President Truman and his advisers were anxious over Sino-Soviet relations and wondered whether American forces could take the port of Dairen and thus prevent the Soviet Union from occupying the Liaotung peninsula of south Manchur	fear	fear
84	i feel groggy and want to crawl back into be with my cat and my book	sadness	sadness
85	i feel lost without you	sadness	sadness
86	i feel he is talented and good	happy	happy
87	i feel so petty who one of my first colleagues had not nice things to say about when i first asked for any contacts for investment banks from before i arrived at this job	anger	anger
88	i see those forms that i havent do yet i just feel very agitated	anger	fear
89	i know i sure do and i m feeling festive	happy	happy
90	i feel frustrated lonely or am having a hard time i think of elf and regain my strength lets spend together you guys and the other member for sure	anger	anger
91	i feel just a bit grouchy	anger	anger
92	i feel selfish on the days i dont feel well and want to be left alone in my misery	anger	anger
93	when a friend of mine keeps telling me morbid things that happened to his dog	anger	fear
94	i know its an unfair reaction but i have run out of ways to explain how i feel shaken is the best i can come up with right now	fear	fear
95	im not too psyched about any of those stops but thats kind of a good thing because i wont feel pressured to go see and do everything there is to do and i can just hopefully relax and focus on making it fun for the kids which by extension makes it fun for me	fear	fear
96	i am aware of a level of unrest and feeling uncertain and i will sit with it for now	fear	fear
97	i feel more virtuous just looking at the pictures in her books	happy	happy
98	i wanted to go and ask him about my batting but was feeling hesitant about approaching such a big player	fear	fear
99	ive definitely had that underwater feeling lately so i was relieved to take part in a lenten service at church today one designed to clear the head of transitory concerns	happy	happy
100	He ignored the affronted expression that crossed Isabel 's face at this sardonic rejoinder , and contin	anger	anger
101	i feel for you despite the pain makes me suspicious that it might be so	fear	fear
102	`` We feel at this point actually quite exhilarated , '' said Nicola McIntyre of San Franc	happy	sadness
103	i like her too much to feel as if im being obnoxious and getting involved into somethign that has nothing to do with me	anger	anger
104	i am wondering though is if i m content with feeling so much discontent	sadness	sadness
105	i feel unsure or neutral about changing but really does not want to change	fear	fear
106	i don t want you to feel pressured into making love	fear	fear
107	i dance the more i feel joy the more generous i become with myself the more i live in the present the more i let myself off the trauma hook the less important the past becomes	happy	happy
108	i do feel a bit delighted	happy	happy
109	i would put them and their feelings before mine which is why i said it is mad	anger	anger
110	i feel so bitchy talking about myself this way ahaha i sound less retarded telling this story in person i swear and said if i were a boy i would fall in love with you	anger	anger
111	i feel more excitment than reluctant xdd hohoho looking foward tmr xd cya tmr	fear	fear
112	i feel more like the manager everyday and i feel more respected by the day as well	happy	happy
113	im trying to be intuitive often just makes me feel sort of confused and nauseous	fear	fear
114	i think for myself i feel everyone is greedy but in their own little ways whether that is going for the good or bad way thats another issue because usually you link both together but right now im trying to separate both issue separately so we can see the sole topic more cleary	anger	anger
115	im tired of crying then feeling content and loved then going back to crying again	happy	happy
116	i assert it is better to feel rich than to be rich	happy	happy
117	i feel times less bitchy	anger	anger
118	i really appreciated this even thought i m not christian any type of prayers are welcome and i d been feeling so lost and so out of it	sadness	sadness
119	i feel crazily indecisive impulsive just in a	fear	fear
120	i am feeling very irate right now because i have to wait for another one fucking month just to get my hair done	anger	anger
121	i disagree with my parents on many issues and will sometimes let them know my feelings in unkind ways	anger	anger
122	im really like she said only you can understand the way i feel toni ight she blamed excesses on the merican dream so seldom witnessed never er seen hah hah hah hah hah	sadness	sadness
123	when they changed my office to another room without my agreement	anger	sadness
124	im just hoping i can walk by then because my thighs are not feeling at all friendly today	happy	happy
125	i feel tortured by my self inducing deprecation and resentment	fear	anger
126	i will write anything if i feel passionate about it or at the very least if it genuinely interests me	happy	happy
127	im feeling quite disillusioned about my weighins	sadness	sadness
128	i spend my energy making the world i live in a better place and do everything in my power not to kick people or feel superior to others who dont have the same challenges as myself	happy	happy
129	i feel a bit frantic today with everything i need to get done	fear	fear
130	i had envisioned and intended im just feeling unsure whether i got that vision and intention right	fear	fear
131	i am and i am looking for some vest tops i have some shorts but long ones due to feel paranoid that i have cellulite everywhere	fear	fear
132	i suggest that it is the beauty of the jewelry itself that will make you feel gorgeous	happy	happy
133	i feel distraught as ever	fear	fear
134	i recall seeing leaves falling off a tree set against a grey sky and feeling absolutely terrified	fear	fear
135	i feel assured thankk god	happy	happy
136	i set up a consultation with a therapist last week and i went to see him today i spoke to him about my general feelings towards things and in the end he reassured me that i did not have atlephobia but instead i had social anxiety which is apparently really common	happy	happy
137	i did not sleep better my food did not taste better my thoughts were not clearer i did not feel more vigorous i was in essence pounds of body and mind almost exclusively devoted to thinking about the cigarette i wanted but could not have	happy	happy
138	i feel frightened by it all	fear	fear
139	i was about to feel insulted and show opportunity the finger then the door when it presented the prize two weeks in italy	anger	anger
140	i just cant help but feel extremely jealous of them because theyve been together for a year and half and luke and i have been together for and a half and i have nothing	anger	anger
141	i feel fine about feeling well fine	happy	happy
142	i would just go to the straight point rather than doing a defination of such as what is romance feeling or anger feeling or suspicious feelings	fear	fear
143	i shouldnt feel threatened by that	fear	fear
144	i am nauseous and dizzy and feel all gloomy or at least not attached to my body anymore	sadness	sadness
145	i drove away from today feeling overwhelmed with news that i have heard a trillion times and news that my heart knows already	fear	fear
146	i need to take my own advice and the advice of many many writers who i admire get the butt in the chair every day even if youre feeling distracted or stressed or whatever	anger	anger
147	i would also change the floor to a more pleasant feeling and dog friendly flooring	happy	happy
148	"` I do n't seem to be getting anywhere with this damn machine , "" he said with exasperat"	anger	anger
149	i can t decide whether to go with low hung or low slung feel free to leave a preference in comments and i m aware i ve now moved on from death to embalming	happy	sadness
150	For example , mildly depressed and tired old people used to be given amphetamine	sadness	sadness
151	i won a car in a prizecompetition the moment i was informed about it	happy	anger
152	i was laughing at my husband because he was still feeling skeptical with me cooking nice gozelemes	fear	fear
153	i am feeling a bit unsure about some of these im going to give it a try anyway	fear	fear
154	i like the feeling of making some difference this time i was really reluctant to change at first however get used to it after a while	fear	fear
155	Effortlessly , his knee slid to part her legs , but when she threw him a look of utter dismay he paus	fear	fear
156	He says that he was so mad that he got a knife to scare t	anger	anger
157	ive been feeling very sentimental and reflective the past few days	sadness	sadness
158	Vitor went down on his hunkers and , much to the child 's glee , spent a minute or two admiring the 	happy	happy
159	i woke up feeling very disturbed	sadness	sadness
160	i feel joyful and carefree	happy	happy
161	i have never met in real life but feel super bonded to through crisis pregnancies and genius children and my new friend sara at a href http everybitterthingissweet	happy	happy
162	i was feeling a little unsure about my retro flowered piece	fear	fear
163	There may be cases where there is parliamentary disquiet over a ministerial proposal and then the minister has a change of mi	fear	fear
164	i feel the weight of my single dom pulling me under like a dangerous rip tide that is relentlessly surrounding every inch of my body	anger	anger
165	i feel rude feel free to grab the seat next to me	anger	anger
166	i was starting to feel alarmed	fear	fear
167	i feel like charmed gave me the means to spend those few years when my sons were very young at home with them	happy	happy
168	i feel we should not be threatened by the idea of caring and should care far more often	fear	fear
169	i feel deprived of an opportunity to see victoria take the rubies out for the first time	sadness	sadness
170	i was feeling rebellious so i ate it	anger	anger
171	i knew i was shaking for many reasons a big one being since this cyst drama started i get so cold so fast and feel drained	sadness	sadness
172	im stressed angry upset to the point where im feeling numb but one more bad thing is sure to set me over the edge	sadness	sadness
173	i felt and still feel really horribly that i scared the poor guy so much that he dropped his tail but im eternally grateful to him for teaching me this fact	fear	fear
174	i could feel myself getting that shaky feeling	fear	fear
175	i find myself seeking and yearning for love and acceptance from people that can not provide it and then being disappointed when i am alone and feeling unloved and unworthy	sadness	sadness
176	i suppose because everyone elses problems are generally much worse than mine so i feel idiotic for not just learning to deal with everything myself	sadness	sadness
177	i stand between the two but did not hold off their eye contact this let in one of the wangxuehai feel awkward at that time actually don t know what to say	sadness	sadness
178	i feel discouraged i try to count my blessings and recognize all the good in my life	sadness	sadness
179	i feel listless bored useless	sadness	sadness
180	i started to open up about it i started to feel more like myself the stephanie who isn t embarrassed by life s setbacks who tackles difficult situations with humor and honesty	sadness	sadness
181	i am feeling very satisfied with where i am heading with my training and cannot wait to see where this journey continues to ta	happy	happy
182	i lured him in using emoexaderistic things about my life to to make him feel like he could be the tragic hero to save this young girl sorta romance plot	sadness	sadness
183	i know i never say or act that way but in reality its how i feel financially i feel disheartened because of my car	sadness	sadness
184	i haven t felt in the real life such as the feeling that comes after the successful adventure etc	happy	happy
185	i feel very reluctant to have to walk through	fear	fear
186	i feel like thats almost ok since no political party in the uk ever seems to reach out to young voters	happy	happy
187	i never thought i would feel more passionate about anything until i began teaching	happy	happy
188	i liked it all the same this one will take a few listening sessions to get a real feel theres a lot distortion in the songs which agitated me a bit but it caused me to do a little research on just what the creative force behind this unusual album	anger	anger
189	i hate that i m sitting here at the hostel writing this and feeling so perfectly fine and than i get home and it s me and my problems and a wall	happy	happy
190	i feel that this is a highly talented bunch when roling on all cyclinders	happy	happy
191	i slowly realized that even the next day when the six hour effects had worn off i was feeling more energetic and could concentrate working through emotional crap better	happy	happy
192	i was feeling pretty hateful towards my refrigerator as i cleaned it	anger	anger
193	i got really fucked up last night i got really really really fucked up on loads of downers it was such a bad idea such a bad idea i feel like a neurotic mess right now i cant handle it i cant handle it i cant handle it	fear	anger
194	i feel like it add a little bit more shield from the cold and the fabric is great for wicking away sweat	anger	anger
195	i didn t feel ecstatic after each workout or anything like that	happy	happy
196	ive been feeling an awful lot lately	sadness	sadness
197	i cant shake off my feelings of being offended and hurt no matter how hard i try and the conversation keeps consuming my every thought	anger	anger
198	Lenin was furious when he learned about	anger	anger
199	i feel like a lot of men are royally fucked up and go through life wreaking havoc and end up destroying themselves in the process	anger	anger
200	i always feel really confident of my life and my choices when i go home	happy	happy
201	i put weight on it with my leg bent like when i get out of the car i feel a dull pain in my knee	sadness	sadness
202	i get a little twitchy when i feel like someone is depending on me and i have to have a flawless job done in the end	happy	happy
203	i didnt feel very accepted by most of my family members so my relationship with my church family made up for that	happy	happy
204	i feel like im half a person at the moment because i cant write and feel assured that what i do write will be there when i get the office program	happy	happy
205	i can feel this really effecting my attitude toward her i feel bitter and angry	anger	anger
206	i did not picture myself feeling shy in this class when i signed up for it	fear	fear
207	i could at least count it i didnt feel as frantic while the group followed the bird as it moved north through the trees	fear	fear
208	i don t feel dissatisfied just distracted from my life	anger	anger
209	Untidy work led to rows , rows led to confrontation , confrontation led to the boy being soundly thrashed by his exasperated mot	anger	anger
210	i can see them or feel free to post photos to the a href http facebook	happy	happy
211	i watch hgtv and i feel like im not that talented	happy	happy
212	i show my partner how i feel i m afraid s he will not feel the same about me	fear	fear
213	the first day i visited the hospital i was disgusted because i experienced offensive smell which i never expected i nearly ran away from the course	anger	anger
214	im not being fair to xia by doing it this way if he feels frightened by the work i do it that his fault	fear	fear
215	i currently feel like crap but have to at least show my face at work lest they get suspicious at my ringing in sick the day after my holidays	fear	fear
216	i was and championed me to feel and be fearless	happy	happy
217	im currently getting out a bit from reality exams amp works and feeling glad ever since theres only more subjects left	happy	happy
218	im overreacting or perhaps the feeling i felt was just an amplified reaction to the way she has ignored almost everything ive said in class or the stupid smile and her tone she has been using in those rare cases she hasnt ignored me	sadness	sadness
219	i feel really cold and miserable but i try to motivate others who are finding the walk as trying as i am	anger	anger
220	i am by no means very claustrophobic when crunched up like that i can t help but feel a little agitated	fear	fear
221	i feel so dull when you re not around	sadness	sadness
222	i prep myself for another sleepless night i can t help but feel ashamed of myself for feeling this way	sadness	sadness
223	i am energetically pursuing my goals or i feel agitated and unable to sit still	anger	fear
224	i can see a lot of strain on people i can tell they are feeling pretty shitty or not what they are supposed to be pretending	sadness	sadness
225	i feel like my go to emotion is angry	anger	anger
226	i had encountered before and as much as these dreams thrilled me they left me feeling even more terrified	fear	fear
227	i want to be irreplaceable and until i find the person who makes me feel that way than i think id rather stay single because if im not your number than whats the point i refuse to be just something you settle for maybe im just stubborn but its how i feel so idrc	anger	anger
228	im feeling quite cold actually	anger	anger
229	i am feeling unsure about my words but it also means i am writing which is good	fear	fear
230	i am sorry if you feel offended by my humorous statement my friend	anger	anger
231	i feel sorry for him because his dad is an idiot and a sucker for consumer products	sadness	sadness
232	i haven t yet experienced the totality of this is that i am getting to use my gifts again without feeling like someone is threatened jealous or competing against me	fear	fear
233	i don t feel frustrated anymore from the fierce us media campaign against egypt because the more they attack us the more we know that we are on the right track	anger	anger
234	i feel really greedy wanting all this stuff but my mom asked me to make a list so	anger	anger
235	i feel i was intimidated by the college and people at home	fear	fear
236	i intend to have them develop feelings for one another albeit with riku being stubborn about it as opposed to an open book due to plot ish issues	anger	anger
237	i am feeling somewhat satisfied with myself for finally finishing an apron that i started making for my sisters birthday months ago	happy	happy
238	i still feel like i was somehow one of the family members horribly wronged by the tragic events that have transpired today	anger	anger
239	im sad i feel that every heartbroken song was written just for me	sadness	sadness
240	i feel pretty terrified immature and not ready	fear	fear
241	i feel my foot is aching my thigh is numb from the knee to the hip although i haven t gained weight i feel like it is shifting to my middle and i feel like i m a little trapped in this crumbling body	sadness	sadness
242	i feel so cool like ice t huhwe neun gatda beoryeo priceless sesang ye ban bani namja neottaemune na ulji anha gucha hage neoreul jabgeo na mae dallil ireun jeoldae no	happy	happy
243	i will start to feel resentful	anger	anger
244	i already feel him kicking my ribs making it harder to breath sometimes and taking over precious space where my stomach once was	happy	happy
245	i didnt know whether or not to feel flattered or some sort of disgusted	anger	anger
246	i like listening to hardcore sxe music its the one thing that lets me feel rebellious while not chocolating out or spending till its gone	anger	anger
247	i feel like i have to shy away from triggering some stereotype of a person who will scream and break things because they didnt get to eat their favorite kind of sandwich	fear	fear
248	finding out that i am not an as able student as i thought	fear	happy
249	i was feeling shaken walking along the streets and less able to concentrate on not having an accident while simultaneously worrying about having one due to not concentrating	fear	fear
250	i think about it i feel a rushed mixture of excitement and nerves	anger	anger
251	i was already packed didn t want to wait around for her to talk to her friend was feeling irritable tired and eventually gave up on trying to go in the first place made me feel more down about my situation	anger	anger
252	i also feel vulnerable being left on the bed in virtual silence	fear	fear
253	i stray i feel the pains of loneliness and discontent	sadness	sadness
254	i feel that noleans probably lacks a lot of the diy art and music stuff that id go sorta neurotic wihtout	fear	fear
255	i knew i needed to get over there but had been dragging my feet a combo of feeling intimidated by the language barrier and the kids nap schedules	fear	fear
256	i have a hunch that in the coming months the republicans will try to tap into this overall feeling of discontent	sadness	sadness
257	i feel a bit jaded and weary of the world	sadness	sadness
258	i always flashback to her talking about feeling burdened appearing on a radio show alone on lee jaeryong jungeuns good morning	sadness	sadness
259	i was feeling hopeless than desperate having been suffering from acid reflux for weeks	sadness	sadness
260	i want to feel useful i guess	happy	happy
261	i woke up feeling distraught	fear	fear
262	i feel the cold terrribly	anger	anger
263	i feel tortured being away from my baby	anger	anger
264	i was feeling very stressed with all that i had to get accomplished in the little amount of time that i had	anger	anger
265	i would have to get off and walk the hill which always made me feel terrible	sadness	sadness
266	i feel too greedy to actually ask them	anger	anger
267	i feel benevolent enough to buy them some peanuts and other treats	happy	happy
268	i feel so lucky to be his wife and hope that i have the opportunity to remind him every day	happy	happy
269	i feel the cold mostly in my arms and torso	anger	anger
270	i read promotional emails and advertisements or listen to television commercials and dialogue in shows and movies or hear people around me in everyday life use commands such as the following examples i feel dismayed for them	sadness	sadness
271	i feel a cool breeze and think it might be cold but then i realize it is still degrees and humid outside	happy	happy
272	i feel entirely free to express the way i feel about surroundings my life and the myriad of experiences that continue to make me who i am	happy	happy
273	i found these emails from scott dale and just reading them frusterated me so much that i feel the need to post them and show the world what a neurotic freak he was is	fear	fear
274	i no longer feel timid or insecure when i walked	fear	fear
275	i don t feel victimized	sadness	sadness
276	Jenny sat with a contented smile on her face during this interchange while mother repressed her irritation and anger with her husband 's rema	happy	sadness
277	i want to find my essence and my substance and not feel so scared and empty and dispersed fragmented etc	fear	fear
278	i feel was where i fucked up a bit and something i wish i could change	anger	anger
279	i am feeling positive about it	happy	happy
280	i feel its gonna start aching again when the rainy season comes again next year	sadness	sadness
281	i am here again feeling confused of what is happening around me looking for a plane to grasp a reality to settle that feels like it is my own	fear	fear
282	i feel like the only intelligent person here right now	happy	happy
283	i just want to go out there and uplift some people and let people walk away feeling like they saw something and are excited	happy	happy
284	i feel last time ure the one that feel paranoid	fear	fear
285	im feeling so unsure when things are pressing in about me comes a gentle voice so still	fear	fear
286	i feel intimidated by other girls acne getting rid of pimples	fear	fear
287	i feel pissed off and angry	anger	anger
288	i personally feel that every rapist should be punished rigorously if not hanged	sadness	sadness
289	i feel them at all and cannot just be content becoming a widow nun derby girl or something is what they become for me in my head	happy	happy
290	i know how that feels weird right	fear	fear
291	i ask you how can they feel virtuous if any members of their preferred victim groups learn to take responsibility for their own lives	happy	happy
292	i still feel innocent and small	happy	happy
293	i believe my ground game is where i feel most superior	happy	happy
294	i miss feeling like i hated you	anger	anger
295	i feel pretty mellow so far about whatever healing wounding process may be getting underway	happy	happy
296	After a day or two , the owner became irked , and went to the airport to inspect his pl	anger	anger
297	i feel shaken or angry that my husband keeps lying to me and is a sexaholic i often start to feel mad at god	fear	fear
298	i feel rebellious and think let them do so	anger	anger
299	i feel like that nurse reluctant to know where to start but optimistic that we can do one thing to help	fear	fear
300	i used to feel guilty about the large portion of my time and income devoted to various craft hobbies but eventually i realised that i am stress busting and its cheaper than therapy	sadness	sadness
301	i give you some tips on overcoming the feelings of being overwhelmed	fear	fear
302	i feel triumphant and such	happy	happy
303	The bull tossed the effigy out of their hands and became very infuriate	anger	sadness
304	i have been feeling so strange and frankly bad about how not sad i am	fear	fear
305	i feel gracious for the opportunity to make a difference	happy	happy
306	i stood for a few minutes more feeling a strange heavy numbness settling over me even as my heart beat faster then slowly sat down again thinking	fear	fear
307	i once told my friends that i feel like doing some sort of backpacking but instead of supporting me with this idea all i got from them were raised eye brows and some sarcastic remarks	happy	anger
308	i feel bitchy but not defeated yet	anger	anger
309	i love earning money and having it but because i grew up in a lower middle class family i feel very appreciative of the money that i do have	happy	happy
310	i top out the climb feeling invigorated	happy	happy
311	i am not thinking about a certain person before i sleep i end up having strange dreams about him and when i wake up after those dreams i feel shaken and stunned	fear	fear
312	i said im only pages and this book feels so tortured and you can really feel the pain of the characters	fear	anger
313	i feel pressured to write because i pressure myself to write or at least that it s just ingrained to do so	fear	fear
314	i grew up i didn t feel like doing that for i knew that my parents would be disturbed	sadness	sadness
315	i feel so thankful for all that ive experienced and the company in which i embarked it on	happy	happy
316	i eat and feel satisfied	happy	happy
317	i really don t feel all that bothered by the north london derby	anger	anger
318	i think its because i feel listless	sadness	sadness
319	i actually feel like i have been beaten up	sadness	sadness
320	ill mention i listed because they make also some kind feelings like those five or i only like them and ive good memories from those songs	happy	sadness
321	ive always heard choose one feauture to play up eyes or lips then tone down the other feautures and i love this rule i feel envious of selena here she is soo pretty she has lovely dark hair and great eyes she can wear such a wide colour range	anger	anger
322	i am feeling so emotional about your brothers arrival	sadness	sadness
323	im a little worried because i feel the protagonist may not be likeable enough to the average person based on my focus group of one	happy	sadness
324	i feel like its vital to keep this someday list active	happy	happy
325	i tend to avoid the news because i often feel like it doesn t add value to my life and only makes me fearful anxious and slightly paranoid	fear	fear
326	i suppose i feel too trusting sometimes	happy	happy
327	id been feeling so smug about not catching what had been going around	happy	happy
328	i feel an unpleasant drop in my stomach as the elevator doors open at my floor	sadness	sadness
329	i feel you see there is always the possibility that someone might laugh or feel disgusted and it is easier for her too to express her feelings about a story and not about her boyfriend	anger	anger
330	i sit here tonight i m pensive tense and feeling a little fearful	fear	fear
331	i didnt feel like suffering through a sleepless night especially with my terrible allergies amp amp fever	sadness	sadness
332	i can eat but allow myself one naughty item of my choice to avoid feeling deprived	sadness	sadness
333	i feel kinda bitchy and cranky i need to try and take a nap	anger	anger
334	i can only feel sorry for us that the relationship didnt work out	sadness	sadness
335	i think i want to go to an aa meeting just to hear the stories but it feels rude	anger	anger
336	To her annoyance a warm blush was steadily creeping into her che	anger	anger
337	i said what i felt needed to be said and in addition to that i was feeling bitchy	anger	anger
338	stranded in the north of fraser island with a submerged wd hire vehicle	fear	sadness
339	i love more than anyone made me feel like i hated them sooo much but i knew i didnt which really hurt i ened up being a dick and crying for like an hour in front of people which was even more stupid	sadness	sadness
340	The Department of Health is aware of the disquiet among dentis	fear	fear
341	i feel like i m always beaten up by some sort of evil people	sadness	sadness
342	i might i could not stress to her how important it is to me not to expose my friends to a situation where they may have cause to feel unwelcome or uncomfortable	sadness	sadness
343	i knew there were a lot of hormonal things going on in my body too but the uncontrollable crying was still from feeling so uncertain about everything	fear	fear
344	i could have possibly forgotten that would make me feel as idiotic as last years whole forgot to pack shirts thing did	sadness	sadness
345	i feel like im the mad hatter rather than alice	anger	anger
346	i am just feeling grumpy and sore	anger	anger
347	i receive the good news in joy like the magi or do i feel threatened by gods message like herod	fear	fear
348	im feeling gloomy this weekend	sadness	sadness
349	im still contagious and while i am desperately wanting to cuddle him id feel rotten if i let my selfish physical wants get him sick	sadness	anger
350	i left the talk feeling nervous that we had taken the brief in the wrong sense but we were in a situation where we had already invested to much time into the project that there was no going back	fear	fear
351	"` No , "" she replied briefly , feeling more and more resent"	anger	happy
352	i feel like the awkward outsider and start to feel homesick	sadness	sadness
353	ive been comfort eating because im still feeling rubbish and i havent bothered to log most of it so theres no point checking on my food log yeah i know some of you do that	anger	anger
354	i feel greedy with my thoughts and it is a relief to let them linger	anger	anger
355	Realising that something had gone wrong , the alarmed miner was making his way out of the p	fear	fear
356	i am feeling so proud that philippines is ought to called a emerging asian tiger this is how the prime minister of canada describe of the economy of the philippines it is definitely rising	happy	happy
357	His poor scrawny hands grip the arms of a wheelchair pushed by his adoring wife with the now familiar expression of a too-bright smile and devastated eye	sadness	sadness
358	i always feel pressured to make it perfect fit for for all audiences and gorgeous in creativity	fear	fear
359	im feeling generous im going to share them on my blog too	happy	happy
360	i get nothing and i really want to feel like if someone likes me for who i am not for my stubborn sister	anger	anger
361	i feel as though i am living the world of opposites where a long cold winter is a sign of global warming free speech is only free as long as it is practiced in the echo chamber of political correctness and the u	anger	anger
362	i feel very reluctant talking about death	fear	fear
363	i have spent the last few weeks feeling sort of uncertain if you will	fear	fear
364	i feel incredibly nervous about it	fear	fear
365	i don t really like to shop for the most part but when i feel threatened that s when i want to spend	fear	fear
366	im also feeling cranky about it because the main characters scientist brother observing the moon mentions that there is zero gravity there	anger	anger
367	i kind of feel like im losing a part of myself as lame as that is to say	sadness	sadness
368	i feel heartbroken again i feel dead inside lost angry at myself	sadness	sadness
369	i never feel fucked the week after i used some i feel great acctually thinking of the wonderfull time i had the weekend before img src http israel	anger	anger
370	i can t help but feel troubled by this	sadness	sadness
371	i just don t feel i have it in me to get out of bed i can will the dull throbbing of hopelessness to give way and let forth a renewed sensed of hope reflect back on my accomplishments and dig up the inner strength i ve worked so very hard to reestablish	sadness	sadness
372	i got that straight i realized that i was dealing with someone who was feeling insecure	fear	fear
373	i feel no sense of chivalry or magnanimity whatsoever toward the defeated opposition	sadness	sadness
374	i sit here at munching on vegetables hummus and ranch i am feeling very distraught	fear	fear
375	i am grateful that i no longer feel a frantic urge to fix the emotional upsets of those around me	fear	fear
376	i can feel his impatient and i can t stop my body from giving him positive response	anger	anger
377	i wasnt very interested in it but it evoked the feeling of an earth grittily doomed by aliens quite well	sadness	sadness
378	i know there are days in which you feel distracted	anger	anger
379	i have a feeling that its something ive missed because it shouldnt be that tedious	sadness	sadness
380	i hemmed and hawed over it and finally decided to fight it since the thought of it left me feeling so outraged and unjust	anger	anger
381	"Believing that he had no ` right "" to be angry over this mishap , Matthew retreated to his bedroom , took out a penknife and cut a painful slit in his own h"	anger	anger
382	i feel utterly dismayed that our favourite lloyd grossman product has been ditched	sadness	sadness
383	i have writer s block or feel too apprehensive about writing the next scene i copy and paste the part i m at into a new document so i can write freely without feeling that it s set in stone in my saved manuscript	fear	fear
384	i feel agitated she said and we continued on to the corner of main and hastings where we saw three or four cops in the middle of a take down and my friend who has an anxiety disorder insisted we get on the wrong bus just to get away	fear	anger
385	i made justin feel pretty miserable last night im sure	sadness	sadness
386	i feel hateful to have given up my friendship with that woman and a couple of others for the same reasons to admit defeat and let my husband make me feel so insecure that i feel the need to avoid her cut her out of my life so that my securities is not challenged	anger	fear
387	i find it hard to feel jolly when throngs of people around me are so lost in the fervor of getting stuff that they cant see their heart for the green in their wallet encouraged by the constant barrage and pressure from every angle to shop here and buy more	happy	happy
388	i feel so betrayed and humiliated	sadness	sadness
389	i have worked really hard to make this blog a place where you would like to be and feel welcomed and hopefully inspired	happy	happy
390	im okay but feeling a little apprehensive as my dad has a minor operation today	fear	fear
391	i feel have shown me that timing is veery important	happy	happy
392	i cant believe the moment where i feel the most useful is when im washing the dishes	happy	happy
393	i feel a remembrance of the strange by justin aryiku falls into the latter category	fear	fear
394	i am feeling excited and also nervous worrying about all the little details and hoping that our first day goes well	happy	fear
395	i know i dont normally share other peoples give aways unless i feel very passionate about them	happy	happy
396	i didnt feel like i missed out one bit	sadness	sadness
397	i cant help feeling ugly	sadness	sadness
398	i feel a restless weekend heading our way	fear	fear
399	i feel rather superior but not in this case	happy	happy
400	i feel unbearably tortured knowing that im helpless i cant invade north korea and take down kim jong un i cant actually save the world	fear	fear
401	i find it helps to let go of self will by saying let your will be done not mine or when i m feeling particularly impatient in god s time not my time	anger	anger
402	i do actually feel frightened having seen what my mother went through in her treatment for a malignant melonoma	fear	fear
403	i feel that this experience has convinced me all the more that we need prayer for our country	happy	happy
404	i just want them to hug and drink beer together and for neither of them to feel tortured at the same time	anger	anger
405	im feeling a little better and with more christmas spirit i thought that by this date id had all my christmas decorations up but im not finish even with the lights	happy	happy
406	You ca n't get very excited when she brings home half-price loo rolls and stale cough swe	happy	happy
407	i can t show my feelings well to my family and to the fans either	happy	happy
408	i had a secretary called fran who had landed from dublin on a whim and much to her surprise found herself in a permanent job before she had a chance to feel homesick and head back to holyhead	sadness	sadness
409	i woke up i feel thankful to god for giving me another day to go on	happy	happy
410	i had faced were loneliness anxiety and feeling homesick comparing each penny spent here and converting same in indian currency feeling like i have spent a lot getting nervous in early days of new responsibility and last but not the least uk weather	sadness	sadness
411	i feel a little jealous of the people who are sitting in the coffee shop all leisurely like at in the morning	anger	anger
412	i love that its adoption of a teenager which many people feel afraid to consider	fear	fear
413	i feel those feelings coming back all those hateful jealous paranoid feelings that used to torture me relentlessly	anger	anger
414	i was building with angie i m feeling profoundly betrayed and very angry	anger	anger
415	i feel kind of ashamed when i write down things like sat on the couch and watched antm marathon	sadness	sadness
416	i feel is most important revolves around the connection i felt with my brothers and sisters	happy	happy
417	i feel like im being taken advantage of and on top of that i am really bothered by my boyfriends sloppy behaviors	anger	anger
418	i have never spent that much on any cosmetic product before and i feel foolish for doing so but i love the way this stuff feels on my skin	sadness	sadness
419	i feel listless and lethargic with a hint of anxiety as if there is something i need to be doing but i dont know what	sadness	sadness
420	i feel that i am so stressed out at work what i do is i escape	sadness	anger
421	i resisted doing because i didn t feel it would be acceptable and one of the group leaders encouraged me to do it anyway	happy	happy
422	Parkin sighed with exasperat	anger	anger
423	im not feeling absolutely terrified of more pain and more trauma to my already battered body	fear	fear
424	i feel pretty fucked up these days cant breathe properly	anger	anger
425	i feel it my solemn duty to warn you	happy	happy
426	i feel their exuberance upon being accepted and i feel their pain upon being rejected	happy	happy
427	i ever feel anymore is when one of us gets angry	anger	anger
428	Honestly , I 'm really happy for 	happy	happy
429	im starting to feel myself becoming bitter	anger	anger
430	i got the feeling he was only halfway convinced	happy	happy
431	i feel super rad after eating it every time	happy	happy
432	i feeling irritable	anger	anger
433	i somehow feel more insecure than ever about explaining my research	fear	fear
434	i feel sentimental i close my eyes and look up i feel powerful if i do that	sadness	sadness
435	i refuse to allow my wonderful feeling to be disturbed by all the crazy	sadness	sadness
436	i want to do those things while im still young and feel a little fearless	happy	happy
437	i do not feel comfortable staying in my house i feel relentless when im asked to do something tired almost all the time and bored without my own money	happy	happy
438	i sing i swim this feels like a pleasant passing of time song	happy	happy
439	i dont hallucinate instead i slowly continue along my little path until i feel needlessly violent and overly happy about it	anger	anger
440	i wish things didn t feel so strange so out of place	fear	fear
441	i have quite amount of friends here but yet how can i feel so lonely	sadness	sadness
442	im tired of the book and ready to have it out of here and finding out that i was given unsuitable images and then feeling blamed for the result did not sit well	sadness	sadness
443	i am feeling cranky today is due to me not getting enough sleep due to the unexpected long outing yesterday night	anger	anger
444	i had a strange dream last night and woke up today feeling a bit shaken up	fear	fear
445	i feel mellow content	happy	happy
446	i feel like affirmation however petty is what i really need	anger	anger
447	i slept deeply and still feel energetic and very well today	happy	happy
448	im feeling so lethargic and these shows are keeping me amused	sadness	happy
449	i feel like i m not pretty smart interesting enough for my boyfriend and that he would feel more stimulated or happy with someone else	happy	happy
450	ive just watched the above video for the first time and feel a bit bitchy for doing so but here are some of my thoughts on her outfits	anger	anger
451	i aware and concerned for everyone will give attention not only marriages and deaths but also with equal seriousness to the elderly woman who feels helpless because she does not know which oven to buy	fear	fear
452	i feel pretty blank right now and thats good	sadness	sadness
453	i feel pathetic at times because	sadness	sadness
454	im so relieved and feel so much more like myself now that this is resolved this being almost nothing at all actually just some weird energy and i cant wait to be back at camp even though ill be hacking and coughing and spluttering all day long	happy	happy
455	i feel like the legality of our marriage is in tatters thanks to all the hateful lies and messaging from the prop campaign	anger	anger
456	i am starting to feel a bit disheartened with my progress on my physical tbr there are still boxes of books next to my bed and they are not going away as fast as i want them to	sadness	sadness
457	i feel it is worthwhile to document it for people who are not familiar with batch files	happy	happy
458	i want people to feel brave and i want society to accept us as disabled people amongst us who deserve dignity and respect not to be shunned and laughed at	happy	happy
459	i do find myself confused when i feel no pain and when my pain becomes resigned understanding a warm memory of a beautiful girl locked away for no one to ruin to taint	sadness	fear
460	im left feeling paranoid and like it keeps getting harder to feel happy	fear	fear
461	i want to come out about it but i feel so reluctant for some reason	fear	fear
462	i feel furious that right to life advocates can and do tell me how to live and die through lobbying and supporting those politicians sympathic to their views	anger	anger
463	as a child i suffered of nightmares even since than	fear	anger
464	im not feeling so tortured around the other one anymore	anger	anger
465	i took it i remember feeling extremely agitated	anger	fear
466	i first read this book during college and it has helped me cope with the feeling of helplessness and fear of the uncertain future	fear	fear
467	i just need a few minutes to feel put upon and gloomy or to rage and spit	sadness	sadness
468	i like going for a walk when im feeling troubled	sadness	sadness
469	i feel a bit devastated because i really thought this was it and all that ive been through for this relationship would be worth it	sadness	sadness
470	i felt this coming on and i didn t do anything about it no it s the p docs fault because i mentioned feeling irritable at our last appointment and he didn t do anything about it	anger	anger
471	i didnt get a wink of sleep that night and continued feeling not so fabulous the next morning	happy	happy
472	im feeling the christmas spirit so it seems like the perfect time to mention an idea ive had swimming around in my head	happy	happy
473	i think my taiko experience so far has been at the root of my feeling dissatisfied and somewhat unhappy lately but theres just something else that i havent been able to explain	anger	anger
474	i was able to maintain physical and mental activity as well as have a necessary structure and routine without feeling pressured to overdo it	fear	fear
475	i feel in the long run this hurts paulie as you could visibly see how distraught he was with the result and the perception of his performance	fear	fear
476	i am not even sure how to formulate my thoughts since i just put it down and am feeling slightly overwhelmed	fear	fear
477	i a href http feeling groggy	sadness	sadness
478	i would set out in a sunny temper and generally feeling benevolent to all road users then every morning at approximately	happy	happy
479	ive always been very nervous to do something like that as i feel like i am not really that talented to enter something into an official contest	happy	fear
480	One itemised phone bill to Bedworth 's horrified mother ran to 34 pages of listed calls , the jury hea	fear	fear
481	i feel extremely needy though i dont feel this way too often	sadness	sadness
482	i watch her gather her little blocks and tuck them under her belly like a little red hen coo and cuddle her soft baby doll and look with interest at other babies i can t help but feel thrilled that she s our firstborn	happy	happy
483	i spent hours in my aunt and uncles bed room with my cousin my back against the wall under the window feeling completely ecstatic and my cousin was next to me just smirking because she knew he had to be different from my other friends	happy	happy
484	i had thought but i feel scared and somewhat trepidatious nervous and sad	fear	fear
485	i am not feeling the love towards myself and that becomes somewhat of a vicious circle resulting in me just feeling lazy complacent and in general just de motivated	anger	happy
486	i do feel stressed	sadness	anger
487	i neither ask for nor deserve to feel frightened when any kook puts me in danger for any reason	fear	fear
488	i sneeze i have dark circles under my eyes i feel miserable really	sadness	sadness
489	i then asked as i often do in these situations how i could fix this so she wouldnt feel like i hated her because of my lack of postings on her facebook page	sadness	anger
490	i feel that i annoy everyone much too much when im obnoxious and yeah	anger	anger
491	i feel that books are always a wonderful gift for a baby	happy	happy
492	i hate feeling discontent but its what im feeling right now and im tired of hiding it	sadness	sadness
493	i should run i should always run but i controlled myself pretty well at dinner and did not even feel guilty	sadness	sadness
494	i got lots o crazy shit going on but i am loved and feel hopeful about the future	happy	happy
495	i feel so nervous anxious and i dont know why	fear	fear
496	i even feel strange if i forget a primer and put foundation on my bare skin	fear	fear
497	i know about bigger kids than her so i dont take for granted that shell turn out any smarter than the average kid and i feel no need to tell her shes smart	happy	happy
498	Piggy had no sense of humour and often got very angry when other boys found things he did amus	anger	anger
499	i hate not feeling useful	happy	happy
500	i settle in other ways based on feeling worthless	sadness	sadness
501	i am feeling very sentimental and i am going to miss college i am thrilled about this new upcoming adventure	sadness	sadness
502	i realized that i was tired of feeling weird in relationships with boys	fear	fear
503	i do sometimes feel like im in this strange in between world	fear	fear
504	i went i was amazed at what i have and i began to feel when the woman canal spoke about the divine hierarchies and they wanted us to do for a new era of spiritual evolution	happy	happy
505	i still feel annoyed and the older sd is always sick with something and i mean always	anger	anger
506	i feel pretty pathetic right now	sadness	sadness
507	ive had little movie star tears come down but the way i feel is not relieved by that	happy	happy
508	i feel so fucked up these days	anger	anger
509	i feel as if i am going to sneeze but do not and therefore my beloved is about to think of me but does not	happy	happy
510	i didnt feel humiliated	sadness	sadness
511	i feel her pain and i let her know and i want anyone else suffering with depression to know that you are not alone	sadness	sadness
512	im not crossing things off ever growing to do list i feel like i keep making stupid silly mistakes in all areas of my life amp im just tired	sadness	sadness
513	i was left feeling a little shaken	fear	fear
514	i often feel this is a very unfortunate flaw that i possess	sadness	sadness
515	i believe that feeling accepted in a non judgemental way can be healing	happy	happy
516	ill admit it im bitchy sometimes but i feel as time goes by im getting more bitchy with him than my other relationships that went past the month mark	anger	anger
517	i never had the pleasure of meeting him but i feel like i know him through his popular weekly newspaper column the ridgerunner report by jim solberg	happy	happy
518	i make punjabi lobia masala mostly during winters as i feel the protein punch and spice rich recipe is a winter warmer one	happy	happy
519	i would have smiled except i was starting to feel like any more uptight comments and my jaw would fall right out of my head	fear	fear
520	im feeling so so insecure	fear	fear
521	i was asked to toast with champagne at the death bed and i remember feeling disgusted	anger	anger
522	i have been feeling so melancholy and alone	sadness	sadness
523	ive grown as a mother and treasure my role in this family now whereas i used to second guess myself a lot and feel very unsure of my maternal skills	fear	fear
524	i feel so honored to have been a part of this year	happy	happy
525	i know its the lot of the dumpee to feel slighted jealous unable to move on depressed angry and a whole bunch of other negative emotions that stem from the whole rejection and sometimes replacement involved in the break up process	anger	anger
526	i have a feeling that it is in canada where she ll find her prince charming	happy	happy
527	i feel like i am the only one trying to accomplish everything especially the balance in our extremely distressed world	fear	fear
528	i wake up and decide that i feel like doing something else entirely well then ill just do that instead	happy	happy
529	i lived her life without the feeling of acceptance she felt as though trouble and misery followed her everywhere she went and that everyone hated her because of it	anger	anger
530	the possibility of having failed the examination	fear	anger
531	i love gives me a great feeling of contented accomplishment	happy	happy
532	i mean it didnt feel like one it felt like a casual outing just meeting up to catch up and all	happy	happy
533	i feel stupid because i didnt buy in sooner	sadness	sadness
534	i was failing to perform my expected duties and worrying about things i may have forgotten yesterday when i was starting to feel rather crappy	sadness	sadness
535	i don t feel unwelcome there	sadness	sadness
536	i established a rule with my comp that we don t end planning session at the end of the day until we resolve all conflicts or any feelings of anger or anything that bothered one of us to each other and fix whatever it was	anger	anger
537	im feeling a bit resentful towards all you australians who watch our modern family greys anatomy and glee	anger	anger
538	i don t feel too gloomy or melancholic or something	sadness	sadness
539	i was trying to demonstrate that i understood what she was feeling but she was very alarmed and worried for my safety	fear	fear
540	i feel lousy on a daily basis	sadness	sadness
541	i was left feeling uncertain about exactly what pulse will offer as a series	fear	fear
542	i have been feeling extraordinarily indecisive about which innocent crush fabrics i love the most	fear	fear
543	i feel a cold or sore throat coming on i simply use a onguard regime to nip it in the bud	anger	anger
544	i feel really inadequate and i just wish i had enough brains to atleast pretend to know what i was doing	sadness	sadness
545	i didn t sleep well last night and i woke up feeling to borrow a wonderful phrase from a book i read rough as a badger s arse	happy	happy
546	i feel like i missed most of my precious summer	sadness	sadness
547	im all about helping people integrate their feelings thoughts and actions through creative expression	happy	happy
548	i am feeling the self hate going or when i find myself feeling hateful of someone else all i have to do to feel the power and compassion of spirit once more is by remembering i am a spiritual being	anger	anger
549	at a certain situation i felt myself neglected and undeservedly harmed	anger	sadness
550	im feeling a little apprehensive about this party	fear	fear
551	i feel like youre ashamed to be seen with me in public because im bigger than you	sadness	sadness
552	i just don t feel thankful rel bookmark some days i just don t feel thankful posted on a href http babychaser	happy	happy
553	i mention that im feeling cranky	anger	anger
554	im not sure why at i still feel as if i need to be socially accepted	happy	happy
555	i feel extremely honoured to have received such a prestigious award	happy	happy
556	i think nicely sums up the feeling of talking too much about artistic pursuits	happy	happy
557	i went ahead and did the shooting afterwards a few of the guys asked me to go out for drinks and i agreed i knew i should have rang you tried to work things out with you but i was angry and feeling stubborn	anger	anger
558	i know it so difficult especially when you feel you have been wronged	anger	anger
559	i was feeling pretty low about that but joan saw my disappointment and lifted my spirit with corinthians	sadness	sadness
560	i feel decently intelligent	happy	happy
561	i don t know how i feel about this but i am beyond thrilled that the fall show will happen in paris	happy	happy
562	is voice as usual is perfect but is like you know yomis voice can do better and you kind of feel frustrated because this song is not the best and doesnt highlight yomis voice properly	anger	anger
563	i know i won t last long being ambulatory i feel it even though i try to be as positive as i possibly can	happy	happy
564	i feel to glad that this blog must be helpful knowledgeable and explorable	happy	happy
565	i make the trip i feel a strange combination of excitement and dread	fear	fear
566	i somehow feel more vulnerable without it	fear	fear
567	i came to this realization that i was often feeling blamed or being blamed for things that were utterly outside of my control	sadness	sadness
568	She was acting like some idiotic schoolgirl , not an intelligent woman , she thought in exasperat	anger	happy
569	i had stated to her the reason i feel so fearful is because i feel unsafe	fear	fear
570	I want you and Sheila to know how very much I appreciate the kindness shown to me in my earlier mood of despondenc	sadness	sadness
571	i feel very blessed and lucky to have found a true old soul	happy	happy
572	i have tried sometimes to spend time with them to make them feel less miserable in school and have usually had my offers thrown back in my face	sadness	sadness
573	im feeling a lot less ugly duckling and a lot more a href http	sadness	sadness
574	im inclined to believe that im simply too lazy to feel particularly greedy	anger	anger
575	i feel that i no longer have to do things to look cool	happy	happy
576	i often feel dissatisfied when i don t have at least one project going on	anger	anger
577	i me still feeling cold from the swim which doesnt really count as one earlier on	anger	anger
578	i knew from high school and he s pretty fuckin chill says that the girl feels insulted and threatened by the blog that i wrote and would like me to apologize and if i offended her i m sorry	anger	anger
579	im actually feeling a little smug	happy	happy
580	i did not feel love from the men who abused	sadness	sadness
581	i then said i dont know what you believe the most important day you have ever lived is but i want to share with you what i feel the most important day of your life is	happy	happy
582	i confess to feeling a bit nervous now though there are some very talented people in the group	fear	fear
583	id feel frantic	fear	fear
584	i hope the excitement you feel about learning today continues on throughout your life and that the smart silly sensitive and creative young girl you are now grows up to be a smart silly sensitive and creative young woman	happy	happy
585	i left kicking myself for the awkwardness of my departure but feeling triumphant at not only having succeeded at my mission but having enjoyed myself as well	happy	happy
586	i feel very glad as in facebook we have many cricket related pages which are providing news views score update of cricket and website like cricnepal cricket	happy	happy
587	i can hear the hum you make at the feeling of my warmth and my legs shift a little in a strange need	fear	fear
588	i do not give flowers all the time as i feel that makes me a wuss and needy	sadness	sadness
589	i feel it was perfect as a jumping off point for what is to come	happy	happy
590	i was feeling shitty inside but never show it	sadness	sadness
591	i feel very unhappy and incomplete	sadness	sadness
592	Or was it just fear that paralysed her , like a frightened rabb	fear	fear
593	i was feeling stressed or run down to support the immune system	anger	anger
594	i find myself feeling irritable or depleted i run through a mental checklist have i worked out	anger	anger
595	i do feel that they are greedy and money hungry absolutely	anger	anger
596	i don t feel agitated some part of me thinks that i ve finally managed to keep my emotions in check	fear	anger
597	i feel fucked tape re recorded	anger	anger
598	i feel very indecisive about it	fear	fear
599	i always liked the winter season i feel that im well adapted to cold weather	happy	anger
600	im feeling happy sad or angry	happy	sadness
601	i woke up on a beautiful sunday morning feeling restless and miserable	fear	fear
602	i feel myself being sucked back in and this vicious cycle starts again every time you open the door and every time you show me more you back back any hints of love what is it that youre afraid of	anger	fear
603	im trying to do better with my spending but i feel so deprived	sadness	sadness
604	i just wanted to apologize to you because i feel like a heartless bitch	anger	anger
605	i have to go to a meeting and i m sleepy a lot of times i will fall asleep in that meeting or i will fight to stay awake and i feel like i m being tortured to stay awake	fear	anger
606	i need to feel my ears agonized by the high treble of a guitar amp turned all the way up	sadness	sadness
607	i feel frustrated and upset and demotivated when i dont see a whole picture of the curriculum that im studying for example english class	anger	anger
608	i am surprised that she is shocked by what i have said and begin to feel dismayed as she becomes increasingly sympathetic in her responses towards me	sadness	sadness
609	i got off the phone feeling numb	sadness	sadness
610	i must confess im feeling a little overwhelmed	fear	fear
611	i feel disheartened because i trust people to try to want to get to know me to not see through me and think i am boring or anything	sadness	sadness
612	i get what she s saying and i feel somewhat remorseful for not being the kind of friend or giving the kind of support she wanted or needed throughout the past years of our friendship oh yes it goes back that far	sadness	sadness
613	i often find myself feeling assaulted by a multitude of sense impressions	fear	fear
614	i ran despite feeling rotten and i m glad i did as well as i did but i really want to do better	sadness	sadness
615	i feel the most discouraged lonely and stressed	sadness	sadness
616	i resent you as much as i do that i feel needlessly and unreasonably angry whenever you re around that the slightest idiosyncrasies of yours make me sick	anger	anger
617	i always feel rushed during these emails which i dont like but asa este	anger	anger
618	i am feeling rather heartless because i recently heard the words unconditional love and could not find it in myself	anger	anger
619	i feel blackburn will be a stubborn team against blackpool and holloway will want a positive reaction in this game even if they don get a result	anger	anger
620	i am feeling more energetic more alive happier than i have in a long time	happy	happy
621	i can feel myself getting agitated at all the constant noise chatter	fear	fear
622	im also pretty upfront about stating that i feel agitated and to just give me a bit of space to deal	fear	fear
623	im feeling paranoid im well aware of the governments tactics and if they put it on the books they want to use it	fear	fear
624	i think its cos its a bit stormy out i always feel irritable and uncomfortable when its like that	anger	anger
625	i now know how many muscles does the body have because i can feel each one of them aching	sadness	sadness
626	i feel mad whats your	anger	anger
627	To my great annoyance I found myself jeal	anger	anger
628	The silence that followed was finally broken by a nervous laugh from one of the men-at-ar	fear	fear
629	im definitely feeling optimistic about this rules set	happy	happy
630	i do wear diapers once in a while but only when i m feeling casual	happy	happy
631	i often feel embarrassed for amount of time spent preparing for practice and games as compared to lessons	sadness	sadness
632	Rebecca went in search of her bag , and Lissa sent an irate look in Adam 's direct	anger	anger
633	There was a hint of exasperation in his vo	anger	anger
634	i keep the four visual design principles contrast repetition alignment and proximity in mind i feel i will be successful in future design projects	happy	happy
635	i did feel a little less inhibited in class tonight	fear	fear
636	when i found out that i had passed the last two exams by a margin of three marks	happy	happy
637	Elaine 's voice was concerned but deep inside she hoped he would not decide to go to the par	fear	fear
638	i feel fearful about being vulnerable within a relationship i will see in others that they are not trustworthy and will in turn not trust them	fear	fear
639	i feel yet you are so heartless and go for the men that will break your heart	anger	anger
640	i feel fearful of how this sensitive non confrontational driven girl will thrive as an executive in the corporate world	fear	fear
641	i was well and feeling a bit of cabin fever i unwisely convinced spooky to take me to a matin e screening of scott stewarts legion	happy	happy
642	i started this off feeling a little melancholy but i think the holy spirit must have come in and given me a hand because i feel like now i understand my situation better than i did half an hour ago	sadness	sadness
643	i feel that he s really shy with his feelings because as he talked about how he felt what happened during the trip he was really nervous and i appreciate the effort to say all of that by the way	fear	fear
644	i wish i could open up to people not feel so terrified of reactions and opinions	fear	fear
645	im feeling really really left out and somewhat dissatisfied with everything	anger	anger
646	i start to feel emotional	sadness	sadness
647	diagnosis that i have a stomache ulcer	fear	anger
648	i wake up in morning and when i go to sleep at evening i feel that seed voice in my heart that is screaming out from my empty stitched heart	sadness	sadness
649	i feel very helpless if i do not have any goal to reach nothing to achieve	fear	fear
650	Despite the sadness of the occasion , many gave way to hysterical giggling as they gradually realized that every compartment contained mourners or corpse	sadness	sadness
651	i cant believe with that statement being said that im already feeling sexually deprived	sadness	sadness
652	i close my eyes as you hold me close my body feels delicious in your grasp	happy	happy
653	i could feel my sciatica aching as my feet was swinging from the gas to the brakes pedals	sadness	sadness
654	i feel like my dream is so selfish	anger	anger
655	i started to feel dissatisfied by the ease and convenience of it all	anger	anger
656	i have a feeling that jeremy is not going to be too keen on the vinegary smell that calli is giving off right now	happy	happy
657	i thought i would grumpily curse the world and remain angry about oh i don t even really know sometimes it feels like i m angry about absolutely everything	anger	anger
658	i feel privileged in my world	happy	happy
659	i start feeling smug that ive been good about writing posts i blink and then a month vanishes	happy	happy
660	i feel so extremely disappointed by you you took me for granted	sadness	sadness
661	i feel grouchy	anger	anger
662	i feel rather stressed for the preparations for prom night	anger	anger
663	i woke up today feeling kind of strange	fear	fear
664	i am feeling rushed or overwhelmed to have the perfect house that my brain explodes and all proper decision making skills get lost in the debris	anger	anger
665	i have been perspiring like crazy even in school that makes me feel so dirty and muddy	sadness	sadness
666	i feel which is ludicrous	sadness	happy
667	i sure hope we do as i feel very isolated without any contact with home	sadness	sadness
668	i get what shes saying but on another i feel pissed that she has to have a thick skin to put up with the crap women heap on each other	anger	anger
669	i feel hesitant about talking about this	fear	fear
670	i feel resentful about being a giver	anger	anger
671	i need to find a way to get over this yet i feel hopeless	sadness	sadness
672	I had been working for more than an hour and my wrists ached from the continuous chopping , but I was filled with an immense exhilarat	happy	happy
673	i was thinking about how you all were watching general conference and i was feeling a bit jealous	anger	anger
674	i hope my condescending attitude will allow present me to feel offended and as such remember that the amount of sunlight affects plant growth	anger	anger
675	i wasnt feeling when i got on board but its really not pleasant	happy	happy
676	i also feel like i am being selfish in not being grateful for the life i do have and the amazing things in it	anger	anger
677	i feel that i dont have to get so envious	anger	anger
678	i feel honoured and great because through this work experience i am able to determine what i will do after graduating	happy	happy
679	when i saw all the starving people in ethiopia on tv it felt awful to see such suffering	anger	sadness
680	i am feeling hostile enough that i even hate jim right now	anger	anger
681	i get the feeling that this could be dangerous	anger	anger
682	im feeling very doubtful about the necessity of that big coat	fear	fear
683	i could feel this depressed since im always known or labelled to be happy blessed and all	sadness	happy
684	i love and hug on him and try to make him feel valued so he can grow up a secure man in a world that is constantly shifting	happy	happy
685	i see you on the pitchers mound at our little league diamond i feel so anxious for you because it looks so isolated over there	fear	sadness
686	"` We are at our wits ; end here "" , say the airport management , ` and this has caused considerable upset and annoyance to the lady owning the number publishe"	anger	anger
687	i feel so privileged to have been able to see this amazing exhibit	happy	happy
688	i feel like the energy from the moon and the stars is just as vital both physically and emotionally as that from the sun	happy	happy
689	im personally happy grateful and embracing each moment but i feel that my patriotism is being abused	sadness	sadness
690	i feel it in the knot that forms in the back of my throat i feel it in the pit of my stomach i even feel it in my hands as they begin to go numb when my thoughts dwell on the particular shame filled topic	sadness	sadness
691	i did feel that the ending was fairly rushed and didnt provide the closure i was looking for but regardless this was historical fiction at its finest	anger	anger
692	i find im barely breathing and feel a little frantic	fear	fear
693	i am at work today in my new job still feels really strange tbh but i m sure i ll soon settle in	fear	fear
694	i just feel like weve been living in a weird time warp like its only wednesday	fear	fear
695	Wheeler 's fine face flushed with annoyance and he laug	anger	anger
696	i feel offended by this girl	anger	anger
697	i do feel welcomed	happy	happy
698	i am so pissed now lol screaming silently baby sleep beside me well thats that and tody is another day and i feel like being petty	anger	anger
699	` But other people became very sad and worrie	sadness	sadness
700	i was feeling eager to press on	happy	happy
701	i feel pretty lucky to be able to experience it again in this way	happy	happy
702	i feel that cold breeze	anger	anger
703	im feeling pretty terrible ill health and life took over and i was unable to get my package sorted out and posted in time for which i	sadness	sadness
704	i just did not feel inspired to blog and frankly creating blog posts had become a chore	happy	happy
705	Derby County 's grief at the foot of the first division continues as they went down two one at Crystal Palac	sadness	sadness
706	i feel is probably the most acceptable strategy to finding out historical past it does not imply by any means that it is the only method to study historical past we must always have this subject clear	happy	happy
707	im left with today is feeling anxious and sad and lonely	fear	fear
708	i feel productive and active but i have the balance i need	happy	happy
709	i feel less stress about doing pretty much any unpleasant obligation in life because i know that i will allow myself to mix it with things i enjoy running baking climbing coffee with girlfriends cuddling with my dog reading a book	sadness	sadness
710	i feel that wanatribe may become a vital link in my writing network	happy	happy
711	i feel im being hated	sadness	anger
712	i feel distressed music on my mind rewrite fma op	fear	fear
713	i was impressed with how dunham portrayed hannahs whole experience from trying to deny that its happening to feeling offended when you feel like someone is trying to minimise the distress its causing you	anger	anger
714	i hope i get the job cause im in desperate need of money and i feel greedy	anger	anger
715	Dear Lord , he can be stupid , thought Scarlet , as she saw Camille about to respond with the surprised gratification of a matador to whom the bull has blindly turned his fl	happy	sadness
716	i feel like the thing that i call an artistic tendency in myself is really just laziness and narcissism justifying and strengthening each other	happy	happy
717	i think i m also feeling restless	fear	fear
718	i feel its been very successful in doing that	happy	happy
719	i feel very apprehensive to adopt labels and to even identify myself as queer it seems that im still quite unclear on that subject and it keeps me feeling separate from the queer community like joel	fear	fear
720	i feel rejected and unwanted	sadness	sadness
721	i spend obsessing over my decisions and feeling anxious	fear	fear
722	i cant give you an exact reason but the book left me feeling discouraged while the movie is uplifting	sadness	sadness
723	i feel for vets the animals whose lives they save are always going to be hostile	anger	anger
724	i feel disturbed inside	sadness	sadness
725	i know that he hasnt even heard what i was saying so it makes me feel unimportant to him	sadness	sadness
726	i want her to feel humiliated and guilty	sadness	sadness
727	i really want to write and still feel like ive not been useful that day	happy	happy
728	There was no excitement about my first bra -- I even had to pay , because my mum claimed I did n't need 	happy	happy
729	i feel very resolved yet somehow very depressed	happy	happy
730	i drafted this post at least a month ago and now i m feeling quite uncertain about it	fear	fear
731	Nothing happened -- not that she 'd really thought anything would -- although there was a nervous tingle in her finge	fear	fear
732	i feel it needs to be respected for its own sake	happy	happy
733	i feel it captures the peaceful serenity which is so relaxing and inviting here in pines lake	happy	happy
734	i feel is doubtful but then again i could be wrong	fear	fear
735	i didn t want them sending me crap i d feel almost insulted to win and embarrassed for whoever made it like in oregon	anger	anger
736	i feel for you my beloved master time will tell you this is true	happy	happy
737	i am feeling really needy right now	sadness	sadness
738	i feel like a bitchy selfish idiot	anger	anger
739	i myself stood before the crowd and talk but no more recent addition to the crowd feeling a little shaky hihi training and skills needed to maintain constant the better	fear	fear
740	i feel as if my husband s life is valued and the duty of care towards him is taken seriously	happy	happy
741	i can guarantee that mondays won t feel half as dull when you prepare yourself for them with an enchanting sunday filled with good food big smiles and simple pleasures	sadness	sadness
742	i need to be wise and hide some things from him because if he really knew all about me then he would feel too safe would get bored and will go find his adventure somewhere else	happy	happy
743	i feel insulted that i was the victim in this triangle	anger	anger
744	i was already feeling kind of frantic and upset because im spending another year in that god forsaken school	fear	fear
745	i feel incredibly damaged by the way he behaved towards me and i am not prepared to be treated that way by anyone else	sadness	sadness
746	i used to feel as if i would be hated and whatever so i kept quiet about god	anger	anger
747	ive just been told that i should feel more remorseful about the whole thing and that i should hang my head low for a long while because im pond scum	sadness	sadness
748	i have carried around an audre lorde quote that i often refer to when i am feeling fearful or uncertain about things when i dare to be powerful to use my strength in the service of my vision then it becomes less and less important whether i am afraid	fear	fear
749	i hasan the man who makes me feel shy retiring and modest it s not true that there s no english word for schadenfreude	fear	fear
750	i do have a feeling it ll be a productive relationship	happy	happy
751	i notice that i feel a little apprehensive even to share all this	fear	fear
752	i even dare to say that some of the biggest stiller and or vaughn haters still could get some enjoyment out of this movie and not feel annoyed by their performances and characters	anger	anger
753	when i nearly caused a traffic accident with my car	fear	fear
754	i did the yelling the feeling of being extremely mad	anger	anger
755	i was still feeling weird about the day before	fear	fear
756	i am feeling generous at this time i will answer your questions	happy	happy
757	i pray that the eyes that read this the minds that comprehend this and the hearts that feel this will not be offended	anger	anger
758	Then he relaxes into a sorrowful smile , like when you remember someone you loved who died a long time ag	sadness	sadness
759	i pray the rosary i feel a sense of calm upon me	happy	happy
760	i feel lucky that they found it and i feel lucky that i have such competent folks taking care of me	happy	happy
761	i feel that should hurt more than is does she grimaced	sadness	sadness
762	i turned in for the night feeling about as mellow as could be expected given the circumstances	happy	happy
763	i can t help but feeling weird when opening every closet in an apartment that somebody s still living in so i didn t	fear	fear
764	i dunno i just feel that i started this blog a little shaky as i wasnt really sure about what sort of audience i was addressing or anything	fear	fear
765	i really feel pissed off as i want to spend more time with you	anger	anger
766	i feel like life gave me a plenty of changes to shine and i pissed all over each and every one of them	anger	anger
767	im gonna stop him from bugging me and get a license yes feeling very very determined right now insyallah by end of next year	happy	happy
768	i believe that with our minds focused on the daily rat race our bodies simply forget how to feel vital and free a classic case of you lose what you dont use	happy	happy
769	i am not looking forward to being beaten down to feeling like a disappointment to my husband or to the emotional pain	sadness	sadness
770	i want as much of you as you are willing to give me and i plan on making you feel very generous	happy	happy
771	i often find my self feeling offended myself when i hear people who i believe to be otherwise brilliant people following what i consider odd superstitions and strange rituals	anger	anger
772	i often feel bothered by it by my inability to stop loving people no matter how much time passes or how deeply they wrong me	anger	anger
773	i am sure it will change a number of times before i am through but just at the moment i am feeling incredibly eager to get started if only all this other pesky university work would go away and start creating my fashion master piece	happy	happy
774	i reached the halfway point of the climb and my arms were feeling good but god dam my right leg was tired	happy	fear
775	i feel homesick i read this collection of stories	sadness	sadness
776	i start feeling overwhelmed and i just want to run away and hide in the back of my closet	fear	fear
777	i spent all day the other day feeling very morose because every once in awhile it would hit me that hilmari is dead	sadness	sadness
778	im unhappy i feel irritated by everything and i yell	anger	anger
779	there was a cat on the street it had been run over and its head was open we passed beside it	anger	anger
780	""" Dear God , "" he said , beginning to get rattl"	fear	fear
781	i feel bitter to see what i ve become	anger	anger
782	i sit here sipping my pear blueberry smoothie im feeling pretty smug	happy	happy
783	ill smoke a few cigarettes because im feeling a little nervous	fear	fear
784	i feel like i have reached a plateau where im not buying as much as i use to and feeling more satisfied with my wardrobe and personal style	happy	happy
785	i feel slightly unimportant	sadness	sadness
786	i see people who physically resemble me i feel confident to strike up conversations with strangers	happy	happy
787	i feel like i have a headcold and im groggy and even more exhausted today	sadness	sadness
788	i feel horrible now as a result	sadness	sadness
789	i can feel the gap it feels like rich people status and poor people status	happy	happy
790	i wish that my family and i didnt feel this need to keep her constantly entertained when shes around because shes always bored out of her mind irregardless of what we do with her and doesnt remotely appreciate our efforts to tolerate everything about her but whatever	happy	happy
791	i can whine and pour my heart out without feeling awkward	sadness	sadness
792	i feel sad for that after all	sadness	sadness
793	i woke up this morning feeling hopeful and energetic	happy	happy
794	ive test tried dropping it and nothing happened which is supposed to be if something happened to my phone i would feel so fucked up	anger	anger
795	i may rant but i don t feel burdened in the least bit	sadness	sadness
796	im just sick of feeling unwelcome here	sadness	sadness
797	i feel i cant stop aching	sadness	sadness
798	i feel insulted offended and hurt	anger	anger
799	There is a clear lesson there for a beleagured John Major and a rattled Tory governme	fear	sadness
800	i feel like im not being the joyful me maybe its the hormones just act like how you feel never lie to yourself	happy	happy
801	i will be able to let that passion out but at present these little paintings help me feel reassured not to let my dreams or creativity die a href https lh	happy	happy
802	im super annoyed cause it hurts all the time cause i cant do my complete manicure and feel like my hands are pretty and i am kind of scared on how long this will take to heal and for my nail to grow again to stick on my finger again	fear	anger
803	i feel shaky dizzy and my stomach starts to hurt if i miss a meal	fear	fear
804	i mean weve been friends for a long time and these things are not new to me but right now it feels like all i ever want to do is just roll my eyes at everything you say and tell you how obnoxious youre being	anger	anger
805	i realise that although i originally started this blog for a specific purpose it has really grown beyond that and i shouldnt feel pressured to writing about specific things	fear	fear
806	i feel safer with people who put themselves out there because to me thats just friendly	happy	happy
807	i am feeling more and more dissatisfied and anxious about this self imposed weekly deadline	anger	anger
808	ill think i thought it was its just that theres so much mess on a daily basis that its starting to feel less like a bit of charming untidiness and more like an episode of hoarders	happy	happy
809	i feel confused and so uncertain of where im even at	fear	fear
810	i feel paranoid thinking about it just looking out the window and feeling my insomnia creep up on me	fear	fear
811	i enjoy my life and wish to help as many people as possible to feel fabulous about themselves but i can only show the way	happy	happy
812	i think we were both feeling a little drained from work as well	sadness	sadness
813	im feeling pretty shaken at the moment	fear	fear
814	i feel vulnerable and alone	fear	fear
815	i am very fascinated by it and don t feel so uptight by the many challenges life has because of it	fear	fear
816	"Your eyesight 's not good enough , "" Miss Dersingham said with exasperat"	anger	anger
817	i feel so fucking rebellious all the rules and its so regimented like if class starts at theyre taking roll at	anger	anger
818	I might have felt a little downcast at that point , only the evening had made me feel more encouraged about my prospects with her than I 'd felt for some tim	sadness	sadness
819	i feel like being selfish and keeping this foodie secret myself but why would i deny everyone else	anger	anger
820	i feel insulted that he doesnt know me better than that	anger	anger
821	i look around at the people around me and i feel almost slightly envious about how they have a way of motivating themselves sitting down and studying so hard	anger	anger
822	i feel real mellow now	happy	happy
823	i do love life and i do love to laugh and i enjoy the funny side of things because honestly if i dont look at the funny side of things i would spend the majority of my life feeling pissed off over the stupid things that people do	anger	anger
824	i sat in my feelings for a bit longer and the lord showed me some really cool truths that i want to share the fear of man is a snare but whoever trusts in the lord is kept safe	happy	happy
825	i could almost be tempted to carry on doing photography only together as it worked so well but i feel that my aching back and nervous system will persuade me to remain as a retired wedding photographer	sadness	fear
826	when i got my bsc degree with first class	happy	happy
827	i imagine you re going to come away from it feeling a little jealous you can t quite	anger	anger
828	im also feelin a lil uptight and sucky lately and you know the reason	fear	fear
829	i can only pass to my left side and i would have to occasionally reset if my weaker leg gets put in half guard but did not feel comfortable taking the back nor mount	happy	happy
830	i were not told of this news i would not feel regretful rather be unable to quiet my heart now	sadness	sadness
831	i know this is not specific for me and almost everyone else has a similar experience but i still can t help but feel appalled	anger	anger
832	i gotta feeling that tonight s gonna be a good night as i follow you home break in and hug you through the shower curtains as you shower	happy	happy
833	i dun answer him i feel very impolite but if i do answer him he will talks to u i dunno wat to do	anger	anger
834	im off to relax while feeling my sweet extremely active little baby wiggle around in my belly	happy	happy
835	My heart was thumping with disqui	fear	fear
836	ive decided that whenever i start to feel mad about tod i dig deeper into myself to find the real solution	anger	anger
837	i feel more calm and comfortable by wearing those neutral color	happy	happy
838	i have to admit that i feel the teensiest bit envious of my friends who live there	anger	anger
839	i could feel ediths meanness could feel stoners withdrawal and the cool pity of their friends	happy	happy
840	i started to feel cranky and tired up until i resupplied with these vitamins	anger	anger
841	i feel helpless about it	sadness	fear
842	i just feel like an awful mommy	sadness	sadness
843	i have turned that page i feel like there is no way of getting back my irresponcible years of carefree college	happy	happy
844	i think from being sick all last week i just got into a rut and once i feel low like that it is so hard to get back into a routine	sadness	sadness
845	i feel like i should also mention that there was some content that i wasnt thrilled with either	happy	happy
846	i am feeling strong and indulging in the strength of my body feeling good about what it can do and how it looks while its doing it	happy	happy
847	i am learning to step back and call it out to not be too proud to admit that yes i am feeling annoyed and yes i should tell you why	anger	anger
848	i spread my arms wide feeling the cold wind rushing past me feeling the rain hitting me and	anger	anger
849	i liked boys and didnt feel inhibited by them	sadness	sadness
850	i keep wondering why im hitting walls of grief and loss even while im having fun or feeling excited or enjoying some wonderful friends and pre summer time experiences	happy	happy
851	i know i dont live in new york anymore but i feel so outraged that this could happen in my city	anger	anger
852	ive found some truly wonderful people for which i feel so incredibly blessed to have met	happy	happy
853	ive vented and cried and now im a little more calm and feeling less hostile	anger	anger
854	i am jealous of andreas growing belly and the movements she can already feel i am envious of her state	anger	anger
855	i get in bed and feel thankful that i made it through one more day but then i have to get up and do it again	happy	happy
856	im feeling a little beaten down this week and im not sure why	sadness	sadness
857	i feel alone and abandoned i believe i am alone and abandoned	sadness	sadness
858	i still feel constantly paranoid and anxious i keep wanting to go on facebook to check he hasn t been back on there i keep wanting to go through the texts on his phone i feel edgy when he s at work and want him to come straight home to me	fear	fear
859	i feel like thats what vicious circle is	anger	sadness
860	i keep forgetting but shouldnt is no matter what happens i should not hesitate or feel too ashamed to come back to allah and get back on my feet	sadness	sadness
861	i feel like alcoholism is something that is widely accepted as the norm in gay culture	happy	happy
862	i absolutely refuse to feel insecure about how i look anymore	fear	fear
863	But I do n't want an indignant boyfriend on my doorstep breathing fir	anger	anger
864	i admit i walked into third wave cafe feeling a little apprehensive but what appeared to be a run of the mill cafe turned out to be a restaurant with great personality and even greater food	fear	fear
865	i feel relaxed and can just enjoy it	happy	happy
866	i feel tortured the one thing i love is the one thing that wont support me financially but i cringe when i think of spending years chained to a desk performing a job by wrote with little or no room for creativity or for anything else that matters	anger	anger
867	i feel very inadequate physically	sadness	sadness
868	i dont know where and when i can feel the thrill and im scared that im going to miss it	fear	fear
869	i feel like damaged goods because every time i start to really like someone i get hurt	sadness	sadness
870	i saw that i had the last spot on the tour and that i was going to be wrapping the whole thing up i must admit to feeling a little intimidated	fear	fear
871	i wanna feel good again	happy	happy
872	i was starting to feel scared for both of their safety and i wish those officers hadn t left no matter how much i hated them	fear	fear
873	i feel so violent but im a paper tiger	anger	anger
874	i feel like thats so vital to make your room a reflection of who you are because you will need to feel at home while away from home	happy	happy
875	ive had this urgent feeling to write to you and tell you how the files make me feel but have felt hesitant because of fear as to where it will lead me	fear	fear
876	im feeling cranky after taxation	anger	anger
877	i feel as dirty as fuck	sadness	sadness
878	i walk around the farm i always feel so peaceful i end up smiling from the sheer beauty and rightness of everything	happy	happy
879	i feel disturbed by the more and more unreasonable lie my life is taking towards	sadness	sadness
880	i like doing leaving me feel inadaquate under valued and under appreciated	happy	happy
881	i feel pretty pathetic as an intercessor	sadness	sadness
882	i have been working hard to shake these feelings because being popular or a genre novel or non literary fiction does not make a book any less legitimate or any less something to read and enjoy and analyze	happy	happy
883	i carry the usual guilt of feeling selfish and self centered if i spend time or anything on myself	anger	anger
884	i love rocking her to sleep at nap time during the day and not feeling rushed or exhausted	anger	anger
885	im feeling holly jolly how about you	happy	happy
886	i think this is a valid complaint for those who arent willing to deal with it this aspect i imagine will be rather subjective but it makes sure that the cover based moments still feel dangerous despite being in cover	anger	anger
887	i need a break or im feeling stressed out	anger	anger
888	im ready to start my shots again that two and a half weeks off just flies and im feeling miserable about it the thought that these peeps will be helping me through it makes it a bearable experience to the point where when this whole thing is done and dusted i will actually miss them all	sadness	sadness
889	i feel not for you this savage deal leave me with my speedy clutch leave me with brown sugar lunch	anger	anger
890	im already feeling stressed about salvaging the friendship as time goes by i realize theres also another point that isnt helping	anger	anger
891	im feeling terribly impatient	anger	anger
892	i wish i didnt do butttt semuanya sudah terlambat dan i feel so stupid everytime i think about it and i think about it every time means i feel stupid everytime	sadness	sadness
893	She was irritated , indign	anger	anger
894	i feel pretty lame typing that but my upper body is so weak	sadness	sadness
895	i struggle with feeling so low amp so agitated	sadness	sadness
896	i feel the divine feminine playing out last night also by giving her heart yet not to just all in the universe but to the divine masculine gods to help wake and heal him	happy	happy
897	when i learnt that my best friend had failed the exams	anger	happy
898	i feel just as gloomy about it at the age of as i did when i was	sadness	sadness
899	i also hope you understand why i feel so angry with you when you dont support the hat rule or when you turn up at a school event sans hat yourself	anger	anger
900	i am so sorry you are feeling so sad	sadness	sadness
901	i feel like i m being mentally and emotionally assaulted with something and i just wanted to write that down somewhere	sadness	fear
902	im feeling quite relaxed today	happy	happy
903	i cant continue to be the whipping post for someone who feels lousy about themselves	sadness	sadness
904	i am in no way complaining or whining or feeling ungrateful	sadness	sadness
905	i feel intimidated like i just want to turn around and head back into the safety of my yoga class or hop on the tried and trusty treadmill	fear	fear
906	i kept doing research on bathroom renovations and all that research just resulted in me feeling more confused than ever about to how to go about tackling what to me felt like a mammoth task	fear	fear
907	i can t find anything to feel other than complacent	happy	happy
908	i continued on my way despite feeling a bit strange with my flexy new shoes and sweat soaked back	fear	fear
909	i feel so overwhelmed my heart beats hard i m going as fast as i can and when my husband calls to see how i m doing i crack	fear	fear
910	i feel disgusted at him and at myself for having been with him and continuing to be something he wants in his life	anger	anger
911	im feeling discouraged i can look at that and remember i can achieve the goals i set for myself and i can always surprise myself with successes	sadness	sadness
912	i feel acclimated like i am finally a part of this organization rather than a timid observer	fear	fear
913	i feel slightly offended	anger	anger
914	i am thinking about everyones future and not my own i feel so alone useless and am wondering what the hell am i doing wrong that i only feel like a roommate and nothing else	sadness	sadness
915	i was happy with the progress but i was also beginning to feel a little hopeless	sadness	sadness
916	when my mothers heart nearly stopped	fear	anger
917	i look over and to my utter horror i see a man holding the elevator door open instead of feeling terrified or even telling the guy to get off the elevator i imagine the elevator chewing on him like a metallic pacman not pacquiao the other yellow guy	fear	fear
918	im feeling hopeful and grateful	happy	happy
919	i do feel lonely at times and at times i still feel that i am alone	sadness	sadness
920	i can only begin to feel how distraught she must be	fear	fear
921	i feel dirty and cheap just talking about going this far	sadness	sadness
922	i still feel devastated and disconsolate	sadness	sadness
923	i feel all shaken up and im waiting for things to settle	fear	fear
924	i found myself feeling fairly ignored sort of taken for granted you know	sadness	sadness
925	i feel even more blank than before	sadness	sadness
926	im feeling extremely blessed to be pregnant	happy	happy
927	i was taken by sentimental feelings for the characters and distressed by their destinies	fear	fear
928	i feel never fear your fears i will make you fearless	happy	happy
929	i li pouring down in the corner under the moonlight shines on his face i saw his pale face and mouth with half closed eyes bear people feel more distressed	fear	fear
930	i feel confused after that	fear	fear
931	i am only too well aware of the strength of feeling that this house holds about the tragic and needless deaths of so many men women and children	sadness	sadness
932	i hate seeing those red windows even more as what i feel inside resonates with the cold uncaring world i know exists behind them making me even more aware of this pain inside of me	anger	anger
933	i feel pretty weird blogging about deodorant but im a bit of a deodorant snob and find it really hard to find a good one	fear	fear
934	im feeling stupid	sadness	sadness
935	i need to feel creative and productive	happy	happy
936	i feel irritated and helpless	anger	anger
937	i really did feel fantastic after writing out that list and i still do every time i read it	happy	happy
938	i didnt want others negative energy weighing us down and influencing my feelings and thought process during this special time	happy	happy
939	i feel a bit dumb	sadness	sadness
940	i feel afraid to have a voice and im just a guest	fear	fear
941	i sometimes had the feeling she wasn t being entirely truthful with me about things she had no reason to lie about	happy	happy
942	i see and feel and who knew i could get so angry in putting a key in the lock i want to punch someone s face every single time i put my key in the lock i know that i must keep on going	anger	anger
943	im not allowed to do anything outside of the house until ive lost weight until im thin enough to feel acceptable	happy	happy
944	i miss them like crazy every time i think about them i feel a sense of melancholy a fervent yearning to see them to be by their side to know how they are doing	sadness	sadness
945	i would like you to start with asking yourself these questions with you feel stressed	anger	anger
946	i straight away started to feel my blood boil anger coming over me and that very nerve getting agitated	anger	anger
947	im feeling bitchy on saturday	anger	anger
948	i feel like we had a wonderful summer and know now that school has started the year will fly by	happy	happy
949	i can feel it and look with eager anticipation for what is to come	happy	happy
950	i feel like a snow globe that has been all shaken up and i m still waiting for the dust to settle	fear	fear
951	i am cold and unresponsive or feel unloved	sadness	sadness
952	i felt so sick watching and feeling helpless	fear	fear
953	i am feeling very anxious about going to therapy w	fear	fear
954	i feel safe encoding utf locale en isprivate false ismobile false mobileclass isprivateblog false languagedirection ltr feedlinks link rel alternate type application atom xml title i could use a standing ovation could you	happy	happy
955	i am feeling pretty relaxed though	happy	happy
956	I would n't say she gives me an ecstatic welc	happy	happy
957	i feel it is vital to get the leadership thing worked out	happy	happy
958	i signed the petition and knowing that it will be served in the next few days has left me feeling vulnerable as i am unsure about his reaction	fear	fear
959	i feel so neglectful of lj	sadness	sadness
960	i feel so vulnerable to criticism like if my lunch stinks or if somebody comments on what i eat i have this embarrassed feeling	fear	fear
961	i was so busy analysing what s wrong that i end up feeling bitter with the things that makes me happy before	anger	anger
962	i left sizzler feeling contented	happy	happy
963	i stop feeling so mad i ll stop behaving like this	anger	anger
964	i feel an overwhleming desire to say something completley moronic like hope your new year is a kick	sadness	happy
965	i have a great family and i feel as if she has missed a great deal by not electing to meet them	sadness	sadness
966	i feel civilly disturbed class delicious title share this on del	sadness	happy
967	i am feeling a bit disheartened to know that there are still a lot of things that i don t understand and questions that i don t know how to do	sadness	sadness
968	im feeling dangerous and ill just write and figure out where the hell itll take me	anger	anger
969	i would feel better	happy	happy
970	im still feeling a bit grouchy	anger	anger
971	i invest in my friendships i feel hurt when i perceive that this investment is not returned	sadness	sadness
972	im excited that i got the chance to get away and am now feeling a lot more appreciative of what i thought was just a normal life but realize with a different lens to look through is a pretty darn great one with a lot to be thankful for each and every day	happy	happy
973	i told him that if he touched me with a needle i would punch him feeling a little hostile in the midst of my pain	anger	anger
974	i could feel that the person was pissed at me because that person didnt understand what i was trying to say and so there was further personal attack again asking me whats my nationality giving me that shit face and blah blah	anger	anger
975	i apologise as a tank if we have a big pull and it all feels messy	sadness	sadness
976	i was feeling rather pleased with myself when colombians who remembered the gringa with the bike from el amparo took me under their wing as they reckoned if we inquired about a boat as a group of we would get a discount	happy	happy
977	i forgive myself that i have accepted and allowed myself to feel terrified when i can not move myself or speak or scream in sleep paralysis	fear	fear
978	i have found the perfect remedy for anyone feeling stressed or conflicted about the future its the a href http www	anger	anger
979	im looking forward to seeing familiar faces again saying thank you and importantly staying connected in many of the wonderful ways that make a craftisan feel like its not such an isolated life after all	sadness	sadness
980	i have not been feeling very sociable	happy	happy
981	i feel quite photographically lethargic and drained its difficult to explain but im really happy my school semester is coming to an end	sadness	sadness
982	i feel hopeless and i realize i have met none of those goals	sadness	sadness
983	i feel like a failure like i m so fucked up that i have to be medically managed	anger	anger
984	i would feel even more clever had i actually intended to do that	happy	happy
985	im feeling quite groggy but thats all right	sadness	sadness
986	Hamnett became irate and , alleging breach of contract and damage to her image , threatened to sue him for a 500,	anger	fear
987	i feel as though canadians are coming complacent with the workings of our country because of how well weve fared in the recession	happy	happy
988	ive been meeting up many people since this semester but tonight at cinderalla i couldnt help but feeling sorrowful and down	sadness	sadness
989	i feel so completely and totally drained	sadness	sadness
990	i am already feeling so tortured for having to wait for the results i need to sleep early coz i wake up at am these days	anger	anger
991	i feel so utterly humiliated and at the same time humbled by the goodness of her heart	sadness	sadness
992	Kisling was livid , and with the help of some friends managed to grab the sculptor and throw him down the stairwell from the seventh fl	anger	anger
993	i feel so vulnerable and yet so protective over her	fear	fear
994	i was actually feeling somewhat listless and unmotivated earlier this afternoon but then i had a cup of coffee medium strength coffee at that and now im bursting at the seams	sadness	sadness
995	ive got a feeling that some day it is not only me who is proud of myself but my family will be too	happy	happy
996	i feel is entirely more dangerous	anger	anger
997	Yeah , but she 's a bit despondent now is n't she , reall	sadness	sadness
998	i will feel so glad to go sing me to sleep sing me to sleep i dont want to wake up on my own anymore	happy	happy
999	i also feel the need to mention that the animators at pixar sure outdid themselves this time	happy	happy
1000	i can be as kind as an angel but sometimes i can also be as mean as a devil i used to use harsh words when i feel irritated	anger	anger
1001	i feel very passionate about this because of children reared within the evangelical church leave it before they are	happy	happy
1002	i also feel this conversation could dovetail quite easily into another about images and objects that are ugly to serve the purpose of being ironic	sadness	sadness
1003	i am not even attempting to plan to be perfect that week it wont happen so i need to make a plan to atleast get through it without feeling deprived or mad at myself	sadness	sadness
1004	i feel disgusted with my body	anger	anger
1005	im feeling a little apprehensive about tomorrows weigh in	fear	fear
1006	i hate or love or feel complacent about what i am working on	happy	happy
1007	i always feel i always understand that the people who are being the most hateful and harmful towards me are hurting themselves and taught wrongly and i hurt for them because i want to go back and undo the pain and childhood bigotry that binds their lives into this path	anger	anger
1008	i didnt smoke in the house or car but i can remember feeling so agitated on the way home from anywhere	anger	fear
1009	i was overcome with heat and i started feeling very weird	fear	fear
1010	i am feeling a bit restless these days	fear	fear
1011	i feel gloomy upset whatever negative emotions i take a look at my colorful paint pots and it will instantly lift up my mood	sadness	sadness
1012	The boy gave a nervous smile ; Jean-Paul gestured to the wait	fear	fear
1013	i feel jealous of him touching someone else	anger	anger
1014	i woke up feeling all frustrated and upset again re enacting the moment i had to succumb to the docs insults and arrogance for a favor to clarify truth about my health	anger	anger
1015	i get angry at myself when i feel bitter	anger	anger
1016	i think too much about how i sit how my voice sounds if i ve gotten any food on my mouth and the feeling that i need to make my way around to everyone so as not to be rude	anger	anger
1017	i was feeling out of sorts restless	fear	fear
1018	i put my knitting down and covered my ears with my hands trying to minimize the feeling of being assaulted	fear	fear
1019	i feel inside cause life is like a game sometimes but then you came around me the walls just disappeared nothing to surround me and keep me from my fears im unprotected see how ive opened up youve made me trust	fear	fear
1020	i thought id talk today about getting cold feet im sure every bride will know that feeling when hubby to be did something that reeeeeeeeally pissed us off and we start yelling that we just cant do this anymore i cant marry someone like you	anger	anger
1021	i have a reminder of the joy and peace i feel in his arms i am tortured	anger	anger
1022	i feel like ive entered some weird universe and i really am grateful for it	fear	fear
1023	i think i was also having a pity party because i am feeling a bit frustrated with how little time i seem to have each day	anger	anger
1024	im feeling alot less grouchy and lonely today	anger	anger
1025	im feeling really positive desp	happy	happy
1026	i feel hopeful and excited that this will only get better and more fun as we go	happy	happy
1027	i went upstairs feeling gloomy disappointed switched my phone on silent mode and watched the notebook instead	sadness	sadness
1028	And Glenn Close 's stubborn and pain-ridden performance as Sunny makes you sad for her and hate her at the same tim	sadness	anger
1029	i am thankful for the safety of my loved ones and the loved ones of my friends here i am guilty for feeling so i am selfish and i am deeply saddened that there are people back home who cannot say the same	anger	anger
1030	i hurt so bad i feel like i am finally getting punished for thinking the way i do and feeling so damn restless	sadness	sadness
1031	im creature of feelings i evaluate life on my feelings dangerous	anger	anger
1032	i feel anxious and worry just in case i dont understand the customers problems	fear	fear
1033	i feel i am suffering from several related factors that in regarding treatment acne less likely to remove scars left behind by proving your diet and extract	sadness	sadness
1034	i don t feel like i m unsuccessful when i fail at reaching a goal in my freelance writing career	sadness	happy
1035	i feel positive and focus on the running rather than the photos	happy	happy
1036	According to Sheila , Caan was enraged and charged at 	anger	anger
1037	i feel just like john from brave new world	happy	happy
1038	i feel like a rebellious year old that stands in the doorway flicking the lights off and on in the depths of my spirit	anger	anger
1039	i feel so discontent so guilty so pathetic so lonley and i hate myself for it	sadness	sadness
1040	ill be whingeing about how much i ache but at least i can feel slightly virtuous about it too	happy	happy
1041	i get headaches am easily agitated feel frightened and aggressive	fear	fear
1042	i feel really good about all of these schools though i know some are long shots	happy	happy
1043	i went from feeling helpless to powerful	sadness	fear
1044	For the more depressed and lonely people who have few if any outside contacts , counselling can appear to deepen the very feelings that it is seeking to alleviate , especially in the early stage	sadness	sadness
1045	i hate that feeling cus thats really bitchy to want someone to break up with their girlfriend so theyd be with you	anger	anger
1046	i feel afraid but i have learned to allow myself to be afraid	fear	fear
1047	i really feel irritated with all these	anger	anger
1048	Rachel and her mother looked agitat	fear	fear
1049	i know this is supposed to come across as funny but i can t help but feel sorry for the poor guy	sadness	sadness
1050	im still feeling intimidated but i feel like i do actually have something to say	fear	fear
1051	Five minutes went by as she reflected that Rosemary must be feeling as miserable as Travis , then , checking to see that Travis was all right as she passed , she went to be	sadness	sadness
1052	i would not feel as shaken if i were appreciated for at least a tiny bit	fear	fear
1053	i remember moments of feeling lost or hopeless when i was younger	sadness	sadness
1054	when we stayed in vienna with our class	fear	happy
1055	i sympathize with this person but i also feel a bit skeptical the theme is loss because everyone looses	fear	fear
1056	i would feel more peaceful and easygoing	happy	happy
1057	i didnt say was that strong feelings always make me skeptical at first	fear	fear
1058	i owned yet did not feel fully welcomed i decided to reach out to hans among others sending an email to his old inbox even though we had not communicated in over ten years	happy	happy
1059	i can feel the cool sand against my back	happy	happy
1060	i am just feeling cranky and blue	anger	anger
1061	i could feel this way but i honestly believe that he was and is a very violent and dangerous man	anger	anger
1062	i could feel my feet getting agitated once i got to the metropolitan pavilion	anger	anger
1063	i feel repressed enough as it is and these sorts of repressive measures and guidelines only succeed in making me want to have more sex and partaking of the revelry that comes with being a dirty slut	sadness	sadness
1064	Mrs Friar looked offended but contin	anger	anger
1065	im feeling rather mellow id like to point out that there are some things that i dont understand	happy	happy
1066	i think i am still feeling a little groggy from that	sadness	sadness
1067	i feel utterly exhausted and unable to function	sadness	sadness
1068	im thankful to work in a place where i can feel comfortable and supported	happy	happy
1069	i am an infp a very strong introverted feeling person you could say i am passionately emotional about even the most insignificant of things	sadness	sadness
1070	i feel like im not pretty enough like my personality is too boring and obnoxious	sadness	sadness
1071	"` What did you mean , Rachel ? "" her mother asked slowly , ignoring her husband 's indignant l"	anger	anger
1072	i feel equally wronged	anger	anger
1073	i didnt feel like anyone really hated me or noone new anyway and i managed to just not think about those who do	sadness	anger
1074	i was feeling like i said humour gets me through im one of those people who even if i spoke about my issues no one would be too bothered or would care that thought was in my head and wasnt true that way of being like i dont want to burden you sort of thing	anger	anger
1075	As he was rushed to hospital , his devastated daughter Suzanne went ahead with the service -- not knowing if he would live or di	sadness	sadness
1076	i should have known she likes kamiki kun he laughs nozomi feels an unpleasant knot in her stomach you must think i m a fool don t you nonchan	sadness	sadness
1077	i feel is more energetic in urban singapore than elsewhere	happy	happy
1078	i feel a little brave and venture out of my comfort zone and into the kitchen	happy	happy
1079	i am feeling adventurous and after i get a little better aiming the direction of the drips i want to try to make something like this	happy	happy
1080	i also cant sleep because all my life feels totally totally fucked and it makes no sense at all on one level i am sober and therefore all should be well but i have been living in so much self centered self willed thought and action and iam in such a world of pain right now	anger	anger
1081	i am so honored to receive the award because i feel it s another step toward being welcomed into this incredible tradition of storytelling	happy	happy
1082	i don t want him to feel unwelcome in this house	sadness	sadness
1083	i knew i didn t feel pretty enough for these clothes	happy	happy
1084	i feel like watching a show or a movie after the kids are in bed i make sure to hop on my elliptical or spin bike for at least minutes of the show before i settle down and stretch out for the night	happy	happy
1085	i do feel a little bashful about it	fear	fear
1086	i write i feel a little dissatisfied	anger	anger
1087	i look back on that moment of my writing life and feel a bit ashamed that there is a part of me that wants to wrap up the everything theory series and then pack up the story ideas and call it a day	sadness	sadness
1088	i find it hard to breathe and sometimes feel a little shaken up by the days events	fear	fear
1089	i got upset when i feel that the only person whos uptight on chatting is just me	fear	fear
1090	i don t want to feel the way i did with you that passionate connection when we were no longer a separate two	happy	happy
1091	i feel kind of insecure here anyways back to doha	fear	fear
1092	im feeling quite joyful today	happy	happy
1093	i feel invigorated and jolly	happy	happy
1094	i am feeling particularly disheartened and unmotivated today	sadness	sadness
1095	i feel dissatisfied and more accustomed to healing	anger	anger
1096	i feel like i am supporting her party	happy	happy
1097	ive eaten today well ill give you the highlights i feel like focusing on the negatives like that unpleasant green curry from thai club	sadness	sadness
1098	i feel so annoyed	anger	anger
1099	i bought this doraemon backpack from a charity store i had every intention of putting it in my etsy store but i feel like its too cute to sell	happy	happy
1100	i could curse swear be angry be sad be happy be moody etc etc on the things i write just because i feel kinda disturbed with the search queries displayed on the dashboard that containing my name full name blog s name or my usual nickname	sadness	sadness
1101	The guard stiffened in an	anger	anger
1102	i started to feel apprehensive about it	fear	fear
1103	i do know how i feel but id like to hear an intelligent explanation to then see where i stand	happy	happy
1104	ive worked plenty of them and have yet to find one that leaves me feeling satisfied with the way ive spent another day that i will never get back	happy	happy
1105	i feel popular but they dont want to be taught and they wont get married before the get baptized so they cant obviously	happy	happy
1106	i feel pretty shy right now and i dont know why	fear	fear
1107	i was feeling a bit casual and put on a plain tank top with loose bottoms i got from zara	happy	happy
1108	i may finally sit down and feel sweet release only to notice i have misplaced my glasses or that the kids have found a unique place for them	happy	happy
1109	i feel whiney winey lush lush i just know everyone thinks im scummy and annoying	sadness	sadness
1110	i feel shamed that i hoped for one last christmas because i know she would never want to live life as she is now helpless and weak	sadness	sadness
1111	im feeling anxious all im really trying to do is project the exact opposite	fear	fear
1112	i cant help but feel excited for the part where i get to hang out with him and we can start to talk like friends talk and watch each other live our separate lives	happy	happy
1113	i feel it is unfortunate that the community has had little more than weeks to evaluate this solution prior to the more drastic way stop proposal coming to a vote at public works	sadness	sadness
1114	i feel anxious for myself moment of truth i feel rather like a tiger in a cage when it comes to testing	fear	fear
1115	im sure ill also feel a bit nervous	fear	fear
1116	i see a woman sitting alone at a table in starbucks or at a restaurant if i m feeling playful and can t come up with an observation or something to say that s based on the moment i ll just sit down and say	happy	happy
1117	i need to feel personally valued	happy	happy
1118	ive been feeling like im on shaky quilting waters and have started questioning my work	fear	fear
1119	i feel irritable about the number of people that came into our office whining about their own circumstances i realize im not practicing thinking about the good things and i find it a better way to pull yourself into the present	anger	anger
1120	i am feeling a bit gloomy i guess	sadness	sadness
1121	i say to that because she definitely has a right to feel furious but i dont think ive threatened anyones life ever in anger	anger	anger
1122	i feel extremely boring	sadness	sadness
1123	i am feeling a little more confident i haven t totally lost my mojo but time is running out	happy	happy
1124	i feel listless and unable to imagine ever working again	sadness	sadness
1125	i was feeling so indecisive and blah	fear	fear
1126	i feel like i should see it through to the bitter end so thats what im going to do	anger	anger
1127	i feel so depressed i don t know what about just feels like i have a big rock inside me weighing me down	sadness	sadness
1128	i rid myself of many bad habits only to fall back into them when i feel insecure or vulnerable	fear	fear
1129	i really feel amp dont be so uptight when expectations of others are met	fear	fear
1130	i am your friend then why do i sometime feel so insulted around you	anger	anger
1131	ive survived thanksgiving scouts birthday and preparation for the pinewood derby im feeling pretty good	happy	happy
1132	i can t say for certain why but it actually makes me feel amused and you can be sure it s not just me because other people from our offices told me they have the same a href http news	happy	happy
1133	i feel the presence of god something fearful happens i became aware of my own unworthiness my own short comings and yes my own sin	fear	fear
1134	Bellybutton said in an indignant voice , as though my question had impugned McIllvanney 's hon	anger	anger
1135	As they passed her table , she heard the older woman counting one-two-three , one-two-three like a jolly and exasperated gym teac	anger	anger
1136	i feel grouchy and i cannot think properly when i am deprived of food for more than two hours	anger	anger
1137	im off to the big city solo for what im afraid is going to be six days of wandering around lost six days of feeling uncomfortable six days of not knowing how to dress six days of not knowing what to do six days of not knowing where to eat six days of disaster disaster disaster	fear	fear
1138	Even as he spoke , she saw the dawning horror in his ey	fear	fear
1139	i can feel the cold of winter	anger	anger
1140	i have a small history of hiding when i feel awkward	sadness	sadness
1141	i have never made the first step because the guys were alway faster this is why this situation is making me feel very unsure and elusively shy	fear	fear
1142	i never feel as alone as i do when i bare my soul to some friend because it s then that i best understand the unbreakable barrier	sadness	sadness
1143	i think this is because i feel as if it is unimportant to be out with people or talk to people because it seems as if i have little to say that is interesting	sadness	sadness
1144	i usually feel suspicious and guilty about this considering how little i do during my work day	fear	fear
1145	i never feel accepted	happy	happy
1146	i think they feel somehow offended because the christians played a big part in destroying the earlier cultures religions and mythologies	anger	anger
1147	i woke on saturday feeling a little brighter and was very keen to get outdoors after spending all day friday wallowing in self pity	happy	happy
1148	i think it is easy to feel afraid when one considers the nuclear weapons the weather the protests the riots the police reactions the governments responses or the laws being passed	fear	fear
1149	i like to look at this ring when im feeling doubtful or down and it reminds me that honestly i dont have any regrets and i know im where im suppose to be	fear	fear
1150	I wanted to express my fear and my horr	fear	fear
1151	i feel frustrated sometimes with my mac lipsticks when i have to read names or open each of them to select shade	anger	anger
1152	i feel like my heart broke telling my children she continued	sadness	sadness
1153	im feeling really hateful and disgruntled about my job but i sure hope i dont lose it for being late	anger	anger
1154	i think that they pop up so automatically because seeing those pictures or people makes me feel insecure about myself	fear	fear
1155	i looked at sams eyes they were tough hiding the strong pent up feelings that tortured him inside	fear	anger
1156	i made the other day which more or less sums up how i feel about the delusion of my life for the past years or so i became somewhat frightened of myself and decided to get a little distance from that guy	fear	fear
1157	i began to feel a cranky feeling of why the hell do i do what i do	anger	anger
1158	i feel complacent about it all	happy	happy
1159	i was a touch pissed off that janine appears to have totally forgotten my birthday i feel a sarcastic comment in her card next week to make up for it	anger	anger
1160	i can just remember that when im feeling ungrateful that would be great	sadness	sadness
1161	i will be able to feel a little bit more emotional freedom	sadness	sadness
1162	ive learned how to turn off all my emotions more and more and i often find myself feeling completely blank while my mother is crying continuously over my suicidalness	sadness	sadness
1163	i don t know if it s normal to feel cranky and weepy at this stage of my pregnancy but lately i ve been feeling really sad and disappointed for not giving birth last weekend after i felt that i was having labor pains early friday morning until the morning of saturday	anger	anger
1164	Sometimes our bodies and minds seek excuses to experience griefs that we may have put aside or denied because we could n't face them at the tim	sadness	sadness
1165	i use it as my blog name because it allows me to maintain a certain degree of anonymity without feeling like i m using a fake identity	sadness	sadness
1166	i can cope with his presence without feeling distressed if i can force myself into a quiet and resigned friendship	fear	fear
1167	I could tell she was angry and I was ready to cry , but Frankie pulled me roughly back off the step and we turned to le	anger	anger
1168	i wish that the girl he asked to prom had accepted his invitation that way i couldve been heartbroken and done with my feeling for him but now im just so indecisive	fear	sadness
1169	i don t feel glamorous anymore kangna ranaut a href http www	happy	happy
1170	i feel dirty even admitting that ive seen it much less own it on dvd	sadness	sadness
1171	i feel as sweet as a centuries old cake	happy	happy
1172	i wasnt feeling mad at god or angry for him allowing this to happen to me i was just sad	anger	anger
1173	i feel like how i m pissed that i have to spend an entire extra year in school because of stupid biochem	anger	anger
1174	i feel passionate about and want to convey in my stories are not suburban north america but the truths of who god is are bigger than geography	happy	happy
1175	i chant the invocation and feel his force supporting me as i teach	happy	happy
1176	i smiled to myself musing probably feeling superior just as i felt somehow superior to all these fresh scrubbed college folks off to slum among the huddled masses	happy	happy
1177	i hate the expectation that i must need a man in my life to feel worthwhile or valued	happy	happy
1178	i saw kyuhyun in the crowd today while i was strolling through apgujeong with hyunjin the woman breathed feeling every bit sceptical at her own words	fear	fear
1179	Irishman Mr MacSharry was so furious about Mr Delors ' interference that he resigned his p	anger	anger
1180	i am feeling manipulkated and wronged by my son and its as though he is lucy and i am charlie brown	anger	anger
1181	i devote this blog to her and pray with her for peace in the world especially when we feel frightened by religious violence	fear	fear
1182	i am feeling just so relieved right now	happy	happy
1183	Laura 's normally full , warm lips tightened with annoya	anger	anger
1184	i started on this day and no matter how well i did i would feel horrible	sadness	sadness
1185	i am feeling so grumpy today	anger	anger
1186	i do feel productive anyway	happy	happy
1187	i start feeling dumb	sadness	sadness
1188	i was terrified that the revelation of my feelings would drive him away though he reassured me it wouldn t	happy	fear
1189	i have to admit to feeling pretty envious of the commuters there a south african summer has got to be a tad more reliable than a british one	anger	anger
1190	i feel like there s a reason to buy another tom petty record	anger	anger
1191	i end up feeling so unwelcome i go into a spare bedroom being used as a coat closet take the xanax i had been saving the entire time and pass out	sadness	sadness
1192	i definitely feel that my poems are in conversation with nature poetry but in the way that a rebellious activist might be in conversation with a government official	anger	anger
1193	im already feeling lethargic	sadness	sadness
1194	i personally feel to confront violent death with absolute openness for example on video which is not something i have managed to do yet	anger	anger
1195	i feel enraged by the amount of people participating for the chance to break things or those who treat it as a tourist event	anger	anger
1196	i do love my life even when its feeling too isolated	sadness	sadness
1197	Whether the cries of anguish for 1991 alone are justified remains to be see	sadness	sadness
1198	i learned what its truely like to feel and be submissive	sadness	sadness
1199	i never feel depressed because my cancer and i have learnt to live and sleep with each other	sadness	sadness
1200	i feel much more relaxed i am enjoying life again i am very comfortable being myself and i never stop dreaming and tackling new projects	happy	happy
1201	i wont give you too much in case you feel greedy	anger	anger
1202	im feeling so restless today	fear	fear
1203	i feel extremely mind fucked	anger	anger
1204	i cant do either of these things so i end up trying my hardest to suppress these feelings which makes me irritable and is very tiring	anger	anger
1205	im so excited for you to try my mineral makeup starter kit and feel more gorgeous more beautiful and more confident than youve ever felt before that im willing to give you such an incredible deal	happy	happy
1206	im in the car with my roommate and her family i feel like im being all rude because i have to call her and my dad so that my dad can give her directions and she keeps asking what she needs to bring	anger	anger
1207	i feel playful im going to tell my boyfriend and if he doesnt feel it too such is life it is his loss	happy	happy
1208	i can remember feeling petrified	fear	fear
1209	i feel today i feel a little bit overwhelmed	fear	fear
1210	i have a feeling my view isnt going to be very popular and thats fine	happy	happy
1211	i feel you know basically like a fake in the realm of science fiction	sadness	sadness
1212	im definately feeling the change but im refusing to feel impatient about it	anger	anger
1213	im feeling like a tortured teen i decided to pile on the neon which was the shizz in my day	fear	anger
1214	i feel resentful and irritable	anger	anger
1215	i was feeling threatened that it might be taken away from me	fear	fear
1216	A vexed expression crossed Louise 's pretty f	anger	anger
1217	i feel its my job to let you know when you might have missed another holiday	sadness	sadness
1218	i found myself feeling inhibited and shushing her quite a lot	fear	sadness
1219	i remember that i moved them but i cant remember where and i feel so foolish	sadness	sadness
1220	i don t feel super strongly about it	happy	happy
1221	i was still feeling a bit unsure a bit not convinced still a bit frustrated	fear	fear
1222	i feel more reassured now	happy	happy
1223	i feel pretty confident in saying this	happy	happy
1224	They were exasperated and mystif	anger	anger
1225	i also hate the feeling of forcing my values onto others not celebrating not buying others gifts for the sake of not supporting consumerism	happy	happy
1226	i feel so privileged to have spent so much time with him	happy	happy
1227	i love getting my rockabilly look on for certain occasions i love feeling pretty	happy	happy
1228	i swear it made me feel a lot better	happy	happy
1229	An exasperated Galileo was able to show up the inadequacy of his rival 's position in a characteristically witty 	anger	anger
1230	i have not written is that i am still feeling angry about something that happened on friday which seems to have invaded my happy place with recurring angry thoughts	anger	anger
1231	im feeling like the lunches are dull	sadness	sadness
1232	i don t want to bury the hatchet with even though it would be in my best interest simply because i feel that apologizing to a person that insulted me would make me feel like a punk	anger	anger
1233	i feel hesitant to share something i know and have experienced personally that can offer hope amp eternal life	fear	fear
1234	i go from your presence from praying for wisdom and patience and feel so instantly furious	anger	anger
1235	i feel so weird but i guess kind of happy	fear	fear
1236	i feel like a less melancholy holden caulfield	sadness	sadness
1237	i know i have been affected by it and the importance of beauty is embedded so deeply in me that i don t think i will ever stop feeling inadequate in some ways for not measuring up to society s narrow and unattainable view of beauty	sadness	sadness
1238	ive borne witness to the suffering of other innocent children at the hands of the violent and i feel helpless in trying to make things better for them	sadness	anger
1239	i have to go straight out after work and need to feel instantly glamorous i will usually wear a pair of our nw skinnies with a pair of high high shoes	happy	happy
1240	i do feel respected where i work though	happy	happy
1241	i just feel like i need a shower and a really mellow day	happy	happy
1242	If there is continuing disquiet about the way an industry is being run , Members can express their disquiet by questioning the fitness of the persons appointed by the Government to run 	fear	fear
1243	i woke up on this morning feeling peaceful	happy	happy
1244	i could walk at a slow pace browse each booth as long as i wanted and dart in and out of the shops on main street without feeling rushed	anger	anger
1245	i am constantly on tumblr feel free to follow my poetry blog riotousrambling	happy	happy
1246	i could feel my calf muscles starting to get grouchy and i had a cramp around my ribcage	anger	anger
1247	i not talking about relationships here just that initial moment of attraction when you first meet someone how does it feel at that point to be abit disadvantaged	sadness	anger
1248	i feel burdened for several loved ones and i miss my big kid whom i havent seen since friday	sadness	sadness
1249	i have struggled to fit all the work in for this module and have felt frustrated at times feeling that my blogs were rushed and although i have read with great interested fellow students blogs i feel i havent interacted as much as i could have done this is a definite area for development	anger	anger
1250	She started like a frightened cat , and looked up at him wide-ey	fear	fear
1251	i came home from work today feeling satisfied that work went alright	happy	happy
1252	i feel this distraught i am thankful that the weather is improving so much	fear	fear
1253	i also get this as another take home message you need to push your own limits do things that make you feel uncomfortable that scare you	fear	fear
1254	i overhear the victory tune on some geeks ringtone i feel triumphant	happy	happy
1255	i often feel like a child here i speak the language like a child i generally walk around the town confused like a child i have child like relationships with most of the natives and my knowledge of the area and culture is equivalent to a childs	fear	fear
1256	in a dam lake	fear	anger
1257	i woke up this morning feeling not grumpy but just not in the best of moods	anger	anger
1258	i feel rich indeed	happy	happy
1259	i instead feel restless	fear	fear
1260	i feel if i say anything it just makes me look petty	anger	anger
1261	i am bogged down by the feelings of being unloved it only ends up making me feel worthy of love that is being showered upon me how can i feel the love and joy if i feel deep within me unworthy	sadness	sadness
1262	i told dh i was feeling internally shaky	fear	fear
1263	i started feeling hostile and i am checking my hemorrhoids	anger	anger
1264	i feel like im heartless cuz a week after my boyfirend of months broke up with me i was thinking about another guy	anger	anger
1265	i feel damn lame hahahahahha	sadness	sadness
1266	ive known that this person has been miserable for years im still feeling pretty shaken	fear	fear
1267	i feel very cute and very girlie when i dress that way	happy	happy
1268	ive found myself at the other end of it all i feel like i missed out on winter	sadness	sadness
1269	i feel really valuable because of this knowing he considers me worth the sacrifice	happy	happy
1270	THE Italian writer Primo Levi died on 11 April 1987 , to the dismay of his reade	fear	fear
1271	i feel something about physically seeing your problems where the hurt stems from seems to be very therapeutic	sadness	sadness
1272	i feel like a greedy pig catching up to do lt bc afterward yay im gna get my delicious chocolates and in exchange zjs gna get bai tu tang from me	anger	anger
1273	i was making up a batch of waffles for breakfast the other morning it occurred to me that i might be feeling homesick	sadness	sadness
1274	i was dwelling on the current state of my life i was unsure about my place in life and what i was going to do with it and i was feeling a bit bitter at god because of it	anger	fear
1275	i just feel like i havent shaken it up lately	fear	fear
1276	i dont eat a lot of bread as i find carbohydrates leave me feeling groggy and expand my waistline faster than you can say why the heck dont my jeans fit	sadness	sadness
1277	i just want to stop feeling so shitty i feel terrible and horrid and eurgh	sadness	sadness
1278	i get this gut feeling or am i just being paranoid	fear	fear
1279	i started to feel cold	anger	anger
1280	i feel that it is dangerous to portray angels as walking the earth and intermarrying with humans	anger	anger
1281	i didnt feel that way with this we got to be with everyone on the dangerous path to freedom	anger	anger
1282	when i knew about my first job	happy	happy
1283	i dont often try vintage style as its not really my thing but a day for daisies images are gorgeous and often i feel inspired to create vintage cards with them	happy	happy
1284	i feel for the natives who welcomed me and others with open arms and hearts back then and wonder how they cope	happy	happy
1285	i feel incredibly vain and stupid admitting to that	sadness	sadness
1286	i feel really bothered about the lack of time i get to find inspiration	anger	anger
1287	i feel that with all the talented players that we currently have especially with most of them being rested for the next game and the experience that our players bring to the game we have the ability to go further than we ever have	happy	happy
1288	i feel like we owe it to each other to be intelligent about our sexual decisions	happy	happy
1289	i am feeling apprehensive about it but also wildly excited	fear	fear
1290	i feel when i sit next to my beloved nancy	happy	anger
1291	i will usually tell him that i was feeling frustrated for whatever reason and ask him to help me fix it	anger	anger
1292	i feel bitter about me being like this but then i really am not	anger	anger
1293	i feel no bitter feelings for the fans that drove me out of the fandom anymore either	anger	anger
1294	i get platitudes from well meaning folks that can make me feel like i should be bothered about things that don t bother me	anger	anger
1295	i wonder how it feels to have angered and disappointed millions of people in one morning	anger	anger
1296	i want to feel less stressed	sadness	anger
1297	i hurt their feelings for refusing to listen to their spiteful hurtful sniping at others	anger	anger
1298	i am feeling rather grouchy too this morning since i didnt sleep last night on purpose	anger	anger
1299	i feel uncomfortable since i have a smaller rib cage and a bigger chest either i am spilling over the top of the tank or the elastic band support is too tight or too loose	fear	fear
1300	i feel like a reluctant queen tasked to rule over a nation of miscreants who are exactly like me	fear	fear
1301	i feel good about the choices i made in terms of our readings	happy	happy
1302	i have simply not feel like learning those unimportant stuff	sadness	sadness
1303	i think there is no where id rather be right now than watching her little face relax her arms go slack and feeling her super soft forehead	happy	happy
1304	i am so aware that if i indulge my wounded self in the first thoughts i will feel impatient and burdened and if i make sure that my loving adult is in charge thinking the second loving thoughts i will feel happy blessed and peaceful	anger	anger
1305	im sorry i have a really bad cold and im feeling bitchy cos i never got to go out drinking myself stupid with my best friends tonight	anger	anger
1306	ive found my interest in s u waning and ive even come away from some portrayals of their relationship feeling dissatisfied	anger	anger
1307	i wanted was to feel accepted by you	happy	happy
1308	ive done so much reading but i feel like im being paranoid by doing all this extra stuff since no one seems to	fear	fear
1309	i listen to it i feel all rebellious	anger	anger
1310	i feel unprotected if i do though	fear	fear
1311	i didn t feel particularly mad of course they say that when you are going crazy you really feel like you are becoming more sane	anger	anger
1312	i feel rotten and my frustration manifests as annoyance and anger but yet they still keep on helping	sadness	sadness
1313	i feel its sad but im okay with it im happy i had done it even though it hurts a little	sadness	sadness
1314	i got an a in anatomy the first one i have ever gotten in a science class here	happy	anger
1315	i didn t take the time to count the money partly because the cashier was already ringing up the next customer and i was feeling a bit rushed and in the way with the next person in line crawling up my back	anger	anger
1316	i almost feel hesitant to write about this it s a topic that s so near and dear to my heart	fear	fear
1317	i was feeling very unsure as to whether or not i should continue to blog at all	fear	fear
1318	She was still feeling a little anxious when she thought of all she would have to do before she could get to bed that nig	fear	fear
1319	i feel sarcastic poetry coming on	anger	anger
1320	The session had ended with the seven of them grinning broadly , their earlier mood of despondency cast aside , their sense of unity rebuil	sadness	sadness
1321	i havent been sick in the winter very often since i quit smoking years ago so seldom in fact that now when i do get sick i feel outraged hows that for rational thinking	anger	anger
1322	i ignore this voice as well knowing by now it doesn t matter if i feel humiliated by what you request of me i like that feeling i welcome that flushed hot feeling of embarrassment that you can arouse in me	sadness	sadness
1323	i feel hated by	anger	anger
1324	i was feeling kind of resentful about it since its april and all	anger	anger
1325	i believe just imagining what it would be like to act live in front of an audience will make me feel joyful	happy	happy
1326	i was left feeling bothered by it for a long time afterwards	anger	anger
1327	i rarely feel inspired and ready to write	happy	happy
1328	i do see some of the value and ideas in functional programming style but somehow i feel really really hesitant to switch my java and python programming environments with tested and proven libraries to emerging ones in haskell domain	fear	fear
1329	i have been feeling less than creative and more like a sad sack	happy	happy
1330	im feeling agitated again the usual evening mood that is becoming the norm	fear	anger
1331	i feel was pretty triumphant	happy	happy
1332	i want to find peace because there are so many things going on in the world that affect so many others and i feel selfish for being so sad four years later	anger	anger
1333	i cannot wait to be human again ahkman to feel your kiss but i am so frightened	fear	fear
1334	i feel what the law states suggestions is optimistic and beneficial for employees specially all those who wish to rapidly through ramadan he or she said	happy	happy
1335	im feeling a little more adventurous	happy	happy
1336	i hate feeling like im not strong	happy	happy
1337	i try and try to keep up with other bloggers and read whats scheduled so that my review goes up close to when everyone elses does but im tired of feeling rushed tired of the pressure that i put upon myself	anger	anger
1338	i feel so terrified to tell her	fear	fear
1339	i am feeling very generous this month so i have decided to give away free my kit a href http dezinesamaze	happy	happy
1340	im not sure if im more at peace with our situation or if im just not feeling as bitter about it but in the past five months something has changed within me	anger	anger
1341	i feel so much more productive at college and so to keep that productivity in full gear ill have to chalk up some ideas for art projects this summer train an army of attack pigeons and take over a tiny and uninhabited island	happy	happy
1342	i may notice that you feel aggravated or joyful or whatever it is that youre feeling	anger	anger
1343	i went crazy non stop dancing at rouge with her only because the live band was very good i was feeling very troubled and wanted to dance my problems away	sadness	sadness
1344	i luckily i don t think anyone i know was there at the time but can t help feeling a bit shaken	fear	fear
1345	i hate this feeling of helpless	sadness	fear
1346	i am still feeling somewhat intimidated but i guess by being safe and cautious and fully aware then i will be ok	fear	fear
1347	He looked a little crestfalle	sadness	anger
1348	i usually feel regretful and guilty after the quarrel usually its me who turns the talk into a quarrel i yell loudly and throw the things beside me with mama	sadness	sadness
1349	ive been hearing about too many things happening back i singapore and it gets me feeling irritated and depressed about not being able to be there	anger	anger
1350	Edouard looked at him , and felt a sickening dism	fear	fear
1351	i have been asking myself some difficult questions in an attempt to understand why i feel this strange push and pull between different aspects of my life	fear	fear
1352	when india lost the benson and hedges cricket trophy	sadness	sadness
1353	i think this has caused me to resonate more deeply with others who lack connection and support who are alone who feel they do not have support who are suffering	sadness	sadness
1354	i cant help but feeling a little hesitant about my decision just because of the magnitude of the decision	fear	fear
1355	i feel so lousy and useless in my class	sadness	sadness
1356	i feel in love with a cute little maltese	happy	happy
1357	i feel so petty getting all worked up about all this stuff but thats not really whats made me the way i am	anger	anger
1358	i feel at peace relaxed and not anxious or nervous or scared	happy	fear
1359	i would gladly make it on the morrow since i am not feeling well	happy	happy
1360	i lost a very dear friend in the maschke family who now wants nothing to do with me because they feel that i am unsavory or mean or cruel	sadness	sadness
1361	i just feel he was another dumb character that deserved to get killed	sadness	sadness
1362	i feel like the helpless duckie target for the commies and feds while at other times i want to run and hide	fear	fear
1363	im totally feeling bitchy and resentful about it	anger	anger
1364	i remember me and my mum crying holding ourselves against a door while he tried to break it down and feeling terrified	fear	fear
1365	i would feel a violent stab of loneliness	anger	anger
1366	i was over tired and feeling irritable as a result	anger	anger
1367	i cant believe this is the feeling i was so afraid of not disdain or hatred instead its just actual nothingness laced with a small dash of repulsion	fear	fear
1368	i am writing this feeling hopeless hopeless about the people around me this is a crazy absurd world with absurd people in it	sadness	sadness
1369	i feel irritable and unfulfilled if i dont paint for several days	anger	anger
1370	i can feel my artistic side melting away into nothing	happy	happy
1371	i feel very honoured to be a part of her blogger collaboration series on whats in my handbag	happy	happy
1372	A heartbroken Daniels watched this all going on , and was moved to break the golden rule of not speaking until spoken t	sadness	sadness
1373	i get this overwhelming feeling that i am truly blessed	happy	happy
1374	i have given said friend space distance talked to friend about problems given friend more space and now i am left with a sour friendship that will never be what it was and a feeling of being ignored	sadness	sadness
1375	i feel fairly sure readers will continue to pay for fiction	happy	happy
1376	i begged my husband for it last year as if i thought once having it id lose weight and feel amazing	happy	happy
1377	i hope you can feel glad that she gave you so many things including memories that you can cherish	happy	happy
1378	i feel embarrassed to talk to him at times because i feel very small in those moments like he is doing me a favor and i do not deserve to be given attention	sadness	sadness
1379	i feel stressed he gets upset for that too	anger	anger
1380	i have a large parcel of time or am feeling reluctant to write i set our kitchen timer for minutes and write until the bell rings	fear	fear
1381	i havent worked out today but i feel like im just not going to feel it ive been so stressed at work and just in life that this week is just bad	anger	anger
1382	i think is i told my dad and now he feels skeptical about us	fear	fear
1383	realizing that a friend had been talked into signing a certain contract	anger	happy
1384	i had been feeling scared about being an ra because there is a lot of work that goes into that job	fear	fear
1385	i can say is that as long as you enjoy the story it entertains you and makes you feel emotional whether it be sad happy angry disgusted or just plain horny then who really gives a damn	sadness	anger
1386	i hate feeling discouraged but i keep trying to start the couch to k again and it just isnt going well at all	sadness	sadness
1387	i feel that with my superior vegan diet i should not get sick at all	happy	happy
1388	i would really recommend taking this approach because the last thing you want is to feel disappointed when your little nugget arrives	sadness	sadness
1389	im feeling exponentially more useless on the farm as each day passes	sadness	sadness
1390	im feeling weird	fear	fear
1391	ive got a feeling she will be just like her momma stubborn strong willed amp full of tx sassiness	anger	anger
1392	i enjoy feedback and love comments on my posts so please do not feel afraid	fear	fear
1393	im just trusting in my feelings and im trusting god above and im trusting you can give this baby both his mothers love	happy	happy
1394	i am feeling incredibly restless	fear	fear
1395	i am not monitoring what i have to say about anything if you ever come across any of my blogs and feel offended please dont stop by here again	anger	anger
1396	i woke up this morning feeling like the unfortunate drain cover that a href http www	sadness	sadness
1397	i feel a little weepy over the fact that my baby is no longer a baby	sadness	sadness
1398	i was feeling a bit rebellious today	anger	anger
1399	i feel so peaceful so i know i made the right decision	happy	happy
1400	i am most defensive when i feel most threatened	fear	fear
1401	i feel so strange sitting here blogging away amp not having to study	fear	fear
1402	i do when i feel lethargic	sadness	sadness
1403	i can feel the awkwardness whenever i do something that was acceptable before but no longer is	happy	happy
1404	i feel that the director editor missed a teachable moment when tiphany makes her comments about it being nice to feel like everyone else	sadness	sadness
1405	i feel sure he is headed north	happy	happy
1406	i am not feeling fearful	fear	fear
1407	i hate that feeling when im about to do something then i get scared and almost turn around and walk away	fear	fear
1408	i do sometimes feel as if i am a little unsure of who i am and how independent i really am	fear	fear
1409	i feel inadequate because it prompts comparison	sadness	sadness
1410	i will apply this everyday even if i am wearing no other make up as it makes me feel so much more confident	happy	happy
1411	i feel that this kind of website would be amazing for learning purposes in which it already does provide the viewer with knowledge regarding the history of paris	happy	happy
1412	i found some four ply tweedy yarn from rowan that i thought would be just the right thing for that flying fans shawl i started but didnt feel was very successful in the yarn that i had a href http	happy	happy
1413	i am going to add some photos from today and again thank you all for your dear support when i was feeling overwhelmed at different moments	fear	fear
1414	i have had a lot of uncaring men in my life and it still feels strange to have several that call come by and reach out to me when i am at my weakest moments	fear	fear
1415	i just keep feeling like someone is being unkind to me and doing me wrong and then all i can think of doing is to get back at them and the people they are close to	anger	anger
1416	i am feeling especially irritated	anger	anger
1417	i love those ted talks i feel intimidated more than inspired because greater than great can be found in simplicity too	fear	fear
1418	i feel burdened by it	sadness	sadness
1419	i hope that the next quote will be able to let my special someone knows what im feeling insecure about and understand that no matter how much i trust	fear	fear
1420	i was beginning to feel anxious about it and i asked him to help me out	fear	fear
1421	i feel like most teams would have appeased jackson at this point but the eagles are terribly stubborn	anger	anger
1422	i feel terribly unkind to say it span style font size	anger	anger
1423	They simply could not understand why people in England were so worri	fear	sadness
1424	i am starting to feel a little more welcomed into the sessions	happy	happy
1425	But when he stepped up on to the conductor 's rostrum for the opening production of a new season , he was -- every time -- filled with a sense of sheer elat	happy	anger
1426	i realized i was feeling really irritated while i was saying that	anger	anger
1427	i feel offended by that statement	anger	anger
1428	i feel insecure all the time	fear	fear
1429	i feel can be blamed on the music	sadness	sadness
1430	i am also posting this because i am trying to work on the writing i want my students to feel passionate about	happy	happy
1431	i know what i want will take next semester but i feel entirely too complacent	happy	happy
1432	i feel hesitant around it	fear	fear
1433	i feel terrible for never really listening to the women who had told me it was hard for them	sadness	sadness
1434	i feel less aggravated and upset today i think i realized that its just not worth it it proved to be wasted time and effort pointless and stupid i am fine with not knowing him im uneffected for the time being at least	anger	anger
1435	i feel helpless to regain a safe feeling	sadness	fear
1436	i feel anxious as i usually do around this time of night	fear	fear
1437	i try that i just feel that im being judged by eyes that only see me as a weird and vain bastard who thinks so much of himself	fear	sadness
1438	i want to have a job where i am permanent and where i feel like i am valued	happy	happy
1439	i was in i could feel him and i hated the drawn tight feeling i had	anger	anger
1440	i social and dreaming about things that make you feel so melancholy	sadness	sadness
1441	im feeling very optimistic about it and find myself wanting to ride more and more	happy	happy
1442	He also incurred the anger of the apothecaries who were afraid of being put out of business if all their complex mixtures were swept a	anger	fear
1443	i don t know everyone s political views nor do i ask unless i feel it s important for further discussions or so that i don t offend them	happy	happy
1444	i didn t want to feel the disappointment that i was sure to come by getting no more traffic and recognition than before	happy	happy
1445	i can feel superior on that point	happy	happy
1446	i must say that there were all familiar faces since i go to that church since but there was this feeling that i was shy and i just wanted to stay there with my friend and be clingy with her all through out the meeting	fear	fear
1447	i was able to feel slightly less obnoxious knowing that other girls were jonesing as hard as i am	anger	anger
1448	im feeling really bitchy so just stop reading if you dont want to hear my sob story	anger	anger
1449	i mean that it feels to me that she feels that everyfuckingthing is my fault which fucking makes me irritated because im neither passive enough to tolerate it nor is it my fault	anger	anger
1450	i was feeling lethargic hahaha	sadness	sadness
1451	i was feeling deprived because we did our traveling in june but we still have one weekend getaway planned for the middle of the month as well as the free concert every tuesday and a few other random outings	sadness	sadness
1452	i might hold a sense of satisfaction at feeling superior and giving advice	happy	happy
1453	i feel really anxious	fear	fear
1454	i feel ugly i mean i m being calle	sadness	sadness
1455	i don t like feeling assaulted by a song no matter how much inspiration and integrity is backing up the blows	sadness	fear
1456	i don t know if i should be feeling this way because it would seem greedy and not nice to expect someone to splurge on the spur of the moment just because i asked	anger	anger
1457	i really feel i was wronged as a patient	anger	anger
1458	i will feel better for a while that i will find my voice again for a while and that my physical body will continue to deteriorate	happy	happy
1459	i have tuned in to some country music the past year but it has only left me feeling empty	sadness	sadness
1460	i put up my christmas tree and im feeling fairly festive	happy	happy
1461	i were both feeling homesick so we decided to venture to a relatively new part of town	sadness	sadness
1462	i feel kinda lousy about myself	sadness	sadness
1463	i feel like ive missed the boat	sadness	sadness
1464	But Christine felt vexed when at the next Pack Meeting Sarah lost points for the Six through being a slowco	anger	anger
1465	discovering a good friend had lied to me	anger	happy
1466	i feel like this was a milestone race and i ve shaken the novice feeling off	fear	fear
1467	i feel frightened and exhilarated by the scene	fear	fear
1468	i feel scared because i dont know the students and the teachers	fear	fear
1469	i am so hurt and feel so abused	sadness	sadness
1470	i really feel entertained and informed when i listen to it	happy	happy
1471	i feel sorry for those who had to leave hearth and home to work the sale	sadness	sadness
1472	i do not worry about every nuance of my day and its presentation to others less little things to worry about and that makes me feel less neurotic overall and less likely to trigger psychotic episodes as well	fear	fear
1473	im not used to feeling the dependency or the neediness for being needy is not me or at least wasnt prior to recently	sadness	sadness
1474	This causes considerable annoyance to the Germans , who find themselves being forced to speak English and say that they will settle the matter ` by decre	anger	anger
1475	i blog because i want to be obedient and i feel burdened for my country and this culture that finds abortion acceptable	sadness	sadness
1476	i saw them that anything was wrong they told me some excuses but i am feeling truly insulted and i am feeling desperate again	anger	anger
1477	i have to think for days what to text him and i feel really nervous if he doesnt answer	fear	fear
1478	i feel irritable as well	anger	anger
1479	i feel quite reassured but the jurys verdict isnt in yet	happy	happy
1480	i think im allowing myself to feel this way because im not heartbroken	sadness	sadness
1481	i can stay awake whole night feeling all energetic and stuff	happy	happy
1482	He turned and saw the waiter bearing down on him with an anxious look on his fa	fear	fear
1483	i am still trying to find my footing and after three years in i feel just as shaky as ever	fear	fear
1484	i can feel suffering and turmoil but it also feels the same	sadness	sadness
1485	i used to feel sorry for some people who felt the need to pretend	sadness	sadness
1486	i feel so discontent with this decision	sadness	sadness
1487	i mean its a good level on its own terms but everything before it was so well thought out and executed that doing constant mirror puzzles and topping it off with a crap final boss battle made the last level feel rushed in comparison though the last boss is bad no matter what way you slice it	anger	anger
1488	i was disgusted at the way the bus conductor threw out an old woman oiut of the minibus simply because she could not pay the fare for her luggage	anger	anger
1489	i actually feel inside which is so dangerous because apart from my shoulder i feel really amazing	anger	anger
1490	i can t help but feel petrified of the future is she ever going to get better	fear	fear
1491	i workout every morning before and feel fabulous for it	happy	happy
1492	i feel like i have been a little distracted lately	anger	anger
1493	i just feel as though somehow shes become less likeable	happy	happy
1494	i feel so stupid because the first week of it fair wasnt even worth working for	sadness	sadness
1495	i do feel a little needy	sadness	sadness
1496	i forgive myself for accepting and allowing myself to feel uncertain about my application within this i reveal that i feel uncertain within myself	fear	fear
1497	i was feeling crappy i still decided to go	sadness	sadness
1498	i can eat plenty of it and feel totally satisfied i dont need to understand how it all works	happy	happy
1499	"She was particularly concerned when , shortly before her wedding day , she discovered that Prince Charles planned to give his friend a bracelet inscribed with their nicknames ` Fred "" and ` Gladys"	fear	fear
1500	i feel like we had a connection but we ve struggled so much now we ve lost it and i feel so bad about that	sadness	sadness
1501	i feel assaulted the new kid whined	fear	fear
1502	i feel like i know i m troubled and that s why i give myself an excuse	sadness	sadness
1503	A small sad smile pulling at her mouth , convinced that it would say thank you and goodbye , she took a deep breath , and began to rea	sadness	happy
1504	i wouldn t make too big of a deal out of the situation you found your daughter in unless you feel prompted to not fearful	fear	fear
1505	i feel weird about my self this doesn t feel like me	fear	fear
1506	i should have left this movie feeling frightened or at the very least convinced that this number held some kind of mystical power or was the key to some government conspiracy but no	fear	fear
1507	One horrified look told him that Daisy had already sunk to her paster	fear	fear
1508	I experienced tears of real grief for the first time when my granny die	sadness	sadness
1509	i doubt anyone is if they are entirely honest with themselves and thats ok because for now i may not feel perfect but i do feel happy and thats one hell of an improvement	happy	happy
1510	i couldnt feel thing however that kind of bothered me because i didnt feel it pop	anger	anger
1511	i still feel incredibly listless being in albuquerque but at least the weather is improving more or less	sadness	sadness
1512	i feel so helpless because i dont know what more to do	fear	fear
1513	i first started reading city of dark magic i thought it would be a challenge to actually enjoy it since i felt like the content about famous classical music was over my head but luckily after plowing through the first chapter i became more confident and started feeling less dumb	sadness	happy
1514	i feel sort of pathetic saying that my iphone internet and tv are my must haves but lets be honest they are	sadness	sadness
1515	i feel heartbroken for the people of north carolina	sadness	sadness
1516	i am feeling cranky or not cooperative i should be allowed to sleep or relax and if i am not given this opportunity it s not my fault if i body slam my bosses or harass museum visitors	anger	anger
1517	i feel myself getting agitated over something insignificant or feeling bored i m going to remember this quote	anger	anger
1518	i was feeling and how rich we are	happy	happy
1519	She felt guilty when she sensed Beth 's deep sadnes	sadness	sadness
1520	i would feel ashamed or guilty if i were to take too much of the commons for myself	sadness	sadness
1521	i invite him to send me an email detailing all the ways he feels that ive wronged him and i promise to post it unedited outside of names or what not in this blog	anger	anger
1522	i feel a bit stressed even though all the things i have going on are fun	anger	anger
1523	i really dont like quinn because i feel like she will just end up hurting barney and i hated the lame ted robin storyline	anger	sadness
1524	i was also feeling anxious around some of the people sitting in the waiting area	fear	fear
1525	im feeling generous enough to give the rest of my supporters ebooks too	happy	happy
1526	i feel like it s going to be something shockingly amazing	happy	happy
1527	i had been feeling resentful of my parents for some few hours	anger	anger
1528	im feeling a bit grouchy today	anger	anger
1529	im feeling as though this is all pretty boring	sadness	sadness
1530	i was really starting to feel discouraged	sadness	sadness
1531	i am if i go back to the hostel for a break i feel anxious to get back out and see more and more take it all in	fear	fear
1532	i kind of feel like i should be investing in a how to internet for dummies type book but im really not bothered by my status as an internet pariah	anger	anger
1533	i just feel terrified like im on the edge of a precipice staring ahead	fear	fear
1534	i did feel slightly weird in that costume	fear	fear
1535	i texted haircute rather than haircut but since i feel like i was cute afterwards haircute is justified	happy	happy
1536	i don t have to go around questioning broads or feeling suspicious	fear	fear
1537	It is worth , asking if all our sadness and anxiety is in fact for our chil	sadness	sadness
1538	im feeling so mellow right now and so im listening to coldplays song yellow	happy	happy
1539	i am feel overwhelmed	fear	fear
1540	im feeling a little mellow right now i have to admit that im actually feeling pretty low key and happy	happy	happy
1541	i glimpsed a visitor but i could feel it was disturbed somehow whether mad or confused or something similar	sadness	anger
1542	i lie in bed my legs are in constant motion i feel i am out of control as they have to be shaken or tapped or just doing something	fear	fear
1543	i feel that i am afraid of whatever ad anything that will happen and idc is it good or bad i am just afraid and i hope god you will help me in whatever i do	fear	fear
1544	ive been feeling disheartened by the young adult genre after quite a few badly written novels but this one has restored my spirit and captured my heart	sadness	sadness
1545	i did not realize how absolutely bad i was feeling with weight pain and the emotional toll until i was gluten free for weeks	sadness	sadness
1546	i feel certifiably idiotic right now	sadness	sadness
1547	i also feel stubborn	anger	anger
1548	i am feeling irritable cranky often	anger	anger
1549	when my father shouted at me for going to a party with my sister	anger	happy
1550	i have been following your blog i feel like ive gotten to know the real you not some filtered version or a fake internet persona of who youd like to be	sadness	sadness
1551	i feel kind of strange	fear	fear
1552	im feeling sorry for myself i think of miss jimmy who had nothing and yet was thankful for everything	sadness	sadness
1553	And I 'm really excited about it and there 's lots of interest , I think this places are taken up alre	happy	happy
1554	i stopped challenging him and always make him feel more than superior to me like magic the whole fighting stopped	happy	happy
1555	i knew i have this feeling but i ignored it	sadness	sadness
1556	i started thinking about which spaces made me feel most creative and what characteristics they had	happy	happy
1557	ill let myself shed a few tears and feel bitter confused frustrated and hurt for the last time	anger	anger
1558	i wouldnt feel suspicious for muslim terrorist like to blow things up hijack planes kidnap use bio warfare and shoot	fear	fear
1559	i feel pleasant staying away from the former	happy	happy
1560	i was feeling mad about the dress and mad at myself for being mad about the dress	anger	anger
1561	i love this because to me it should leave the reader feeling confused and slightly deceived	fear	fear
1562	i am feeling a bit agitated or stressed i find a surprising amount of relief from cleaning and decluttering my house or even just a small space like a closet	fear	fear
1563	She 'd felt quite frightened and had n't accepted the invitati	fear	fear
1564	i do when i m feeling not too grouchy	anger	anger
1565	i ever start to feel successful at all things life again	happy	happy
1566	i remember feeling so lonely as a child in my room even though i had a lot of toys to keep me occupied	sadness	sadness
1567	i cant really explain the feeling i get inside when someone is mad at me	anger	anger
1568	i always feel stupid afterwards	sadness	sadness
1569	i feel myself afraid of being abandoned	fear	fear
1570	i remember sitting in my family room in dallas watching the story unfold in new york so many years ago and feeling so helpless	fear	fear
1571	i cant believe this is right but i feel a lot less alarmed since the sea is still at a steady	fear	fear
1572	im not sure if the energy in trying to sew up the race to dubai and competing in the fedex cup has taken more out of me than maybe i thought because while i am feeling ok physically mentally i feel really tired he said	happy	happy
1573	i would have never understood or valued the meaning of a life partner if i did not feel lonely	sadness	happy
1574	i just feel so fucked up these days	anger	anger
1575	my sister once stole my mothers money and made her very angry after this my mother would beat her up for unreasonable reasons one day my sister lent her book to a friend without telling my mother about it when my mother learnt this she beat her up and even threatened her with a pair of scissors	anger	anger
1576	She sounded a little low-spirite	sadness	anger
1577	i just feel really emotionally drained	sadness	sadness
1578	Her ladyship looked frightened , shock	fear	fear
1579	i am feeling increasingly hopeful	happy	happy
1580	i didn t feel relieved	happy	happy
1581	i feel about putting on brave faces fuck that let s get real	happy	happy
1582	i will choose not to focus on him instead focusing on how i feel i will try not to focus on him and instead of being agitated by him i will choose to let the negative feeling go	fear	fear
1583	im going to go do my anti dance flow now and if i feel eager since ill be on the mat anyhow i might even do a few circuits of grow a spine	happy	happy
1584	i started feeling better towards the afternoon and now i still intend to finish off some things in my to do list	happy	happy
1585	i focus on little things that make me feel glamorous	happy	happy
1586	when i almost walked on a snake	fear	sadness
1587	ive been feeling a little bit anxious of late as far as my relations or lack thereof with some of the ward and some of the investigators go so im excited to be able to ponder that in the temple and see if i can come up with a plan with the lords help	fear	fear
1588	i have a feeling that people are using it more than they need to and enjoying the feeling as it flies carefree off the tongue but that is alright with me	happy	happy
1589	ill be thirty next year and im feeling positive about my life and the choices im making and the things that im putting out there into the world	happy	happy
1590	i feel that he is ungrateful for having an opportunity to breathe the air when so many others didn t have the chances he has had	sadness	sadness
1591	i didn t ride on sunday and was still feeling a little apprehensive on monday so decided to a title lunge href http en	fear	fear
1592	i get frustrated that unresolved issues from my past have had a severe negative effect on my behavior and feel he must be angry that i have not resolved them by now	anger	happy
1593	i am full of feeling not empty	sadness	sadness
1594	i think guys who feel need to compensate do it by being obnoxious	anger	anger
1595	i must say it is a wonderful feeling and makes me feel so submissive	sadness	sadness
1596	i definitely cannot prove but i feel that its important enough	happy	happy
1597	i got s and really i feel like i hit the lottery i was scared itd be something like x and id be screwed	fear	fear
1598	i think honestly i did feel a bit vulnerable	fear	fear
1599	i found that the price of staying and feeling gorgeous has sky rocketed so i decided to take my own personal experiences and use them to give fellow students and other people on a budget a helping hand	happy	happy
1600	i also hate feeling aggravated when i dont know how i am supposed to eat because when i feel that way i often sound that way	anger	anger
1601	i feel offended and sad because they do not know their ignorance	anger	anger
1602	i also didn t feel very weird sleeping in my bed while the two of them slept in hers	fear	fear
1603	Following yesterday 's revival in fortunes , the London share market was in a despondent mood as the Treasury deflated hopes of early interest rate cut	sadness	sadness
1604	i feel sad for you and me because i know how much we will miss the entire powell clan	sadness	sadness
1605	i feel burdened by my own expectations	sadness	sadness
1606	i feel bashful discussing it i m a closet gamer if you will and yet millions of people from all around the world are doing the same thing	fear	fear
1607	i only feel frightened and these are such small things	fear	fear
1608	i feel distracted and its sometimes hard to talk to god and that used to be second nature to me	anger	anger
1609	i admire her and feel like even though shes gorgeous and talented she hasnt succumbed to the hollywood pressures like a lot of a listers have	happy	happy
1610	i will give proper praise to the amish for being punctual but feel that i should point out that they have never had to finish a game or tv show before they rushed out the door	anger	anger
1611	i was feeling a bit rushed and the kitchen has just been cleaned so i mixed up in the blender which i find works just as well provided your butter is really cold and you dont over do the pulse	anger	anger
1612	im feeling a bit weepy today	sadness	sadness
1613	i mentioned in my last blog that i have started to get the feeling that i have been pressured into studying things i do not like which has also made me into a person i might not fully be	fear	fear
1614	i will feel as though i am accepted by as well as comfortable being around both sides of my family	happy	happy
1615	i can feel the frantic beat of his heart but cookie s voice is surprisingly clear	fear	fear
1616	i woke up four miles away hungry as hell but somehow feeling oddly satisfied	happy	happy
1617	i felt better on thursday and today friday felt good enough to come into work though i still feel kind of shitty and foggy	sadness	sadness
1618	i just feel insecure so what should i do sis	fear	fear
1619	i feel so glad talking to them because they help me learning japanese through conversation and help me speaking english nicer and more frequently	happy	happy
1620	He looked at her with exasperation when she just gazed at him with wide deep blue e	anger	anger
1621	i feel a little sad about it but christmas is hardly on	sadness	sadness
1622	i feel absolutely overwhelmed by it	fear	fear
1623	And found to his annoyance that he was grinding his te	anger	anger
1624	i really didn t know what i was feeling my mind was blank i was confused and numb	sadness	sadness
1625	i get an anxious feeling i feel xox soon itll be the real thing already so i need to be flawless	happy	fear
1626	i remember something about the artwork i spent hours with in school i feel smart and worthy	happy	happy
1627	One of the four ads is for insurance , another for Sherwood 's and the other two draw the attention of anxious patients to a particular service offered by local solicito	fear	fear
1628	i feel disgusted by u	anger	anger
1629	i feel like i m finally losing that stubborn little bit of extra stuff in my lower belly	anger	anger
1630	He sat looking at the fire with lowered eyelids , a contented expression on his face , looking like a big overfed 	happy	happy
1631	i hesitate to give out stars for any books because i feel that giving it stars is saying that it is absolutely perfect and there are no improvements to be made	happy	happy
1632	i feel so helpless but so well protected	fear	fear
1633	i could feel my tremors coming on and i started to get real shaky	fear	fear
1634	im pretty sure of is this feeling inside me of being terrified	fear	fear
1635	i guess i feel insecure and anxious	fear	fear
1636	i had struggled through a difficult pregnancy i was feeling apprehensive and excited at the same time about the soon to be newest member of our family	fear	fear
1637	i feel i hate him like i have never ever hated anyone like that but i cant stop looking at his existing symbol	anger	sadness
1638	i feel and look gorgeous beautiful and sexy	happy	happy
1639	i feel at the person who broke in and stole my gift which represents a very nice memory and turning it into something not so nice	sadness	sadness
1640	i feel like she acts bitchy and complainy to try and fit in but that doesnt make sense because for the most part were not bitchy and complainy	anger	anger
1641	i feel tremendously lonely	sadness	sadness
1642	i may not be rich by material standards but i feel very rich because i am grateful for what i have	happy	happy
1643	i almost feel too stubborn to come back as i said that i was leaving	anger	anger
1644	i feel like i need to tattoo that peggy o mara quote onto my arm so i ll see it next time i feel disgusted disdainful or disappointed by my children s behavior	anger	anger
1645	i get on the bike temperature is good no wind ya not until turning around and the first feels fabulous mph average i am thinking oh yes going for today and it may just be easy	happy	happy
1646	i enjoyed the feeling of belonging and the sense that i was recognised and somehow valuable	happy	happy
1647	i feel like a blank sheet	sadness	sadness
1648	before an exam which i	fear	happy
1649	i feel kinda apprehensive	fear	fear
1650	i amos does such a beautiful job retrofitting cohens song and really his basic arrangement too with her own piano work that it feels to me like more of an artistic effort than merely paying homage	happy	happy
1651	i have alotta life going on and i keep mumbling to myself keep swimming keep swimming and i feel all sorts of giggly when i do say it	happy	happy
1652	i don t feel they re being rude or impudent	anger	anger
1653	ive been feeling a bit remorseful about our decision kicking myself that i was too cheap for my own good	sadness	sadness
1654	i bet you feel safe keeping your life in a cage while i take my chances but always collapses	happy	happy
1655	i feel like i was convinced to spend the night alone it was not my choice i was wrongfully lead astray	happy	happy
1656	i ended up shoeless making me feel even more vulnerable and slowing me down further	fear	fear
1657	i am just feel so shy cause i realized those people behind me just didnt dance and look at us gt	fear	fear
1658	i touched them and boy did they feel weird like jelly	fear	fear
1659	i feel needy when i ask someone to hang out with me and i end up not trying after a few times of being told no i have plans sorry	sadness	sadness
1660	i look at others and feel jealous	anger	anger
1661	i feel quite uncertain that the art i create and my personal brand of creative living are what im here to contribute	fear	fear
1662	im no longer feeling bitchy	anger	anger
1663	i think i love her enough now to feel pretty insulted and rawr about it	anger	anger
1664	i feel like you think im heartless and honestly im really not not about this	anger	anger
1665	i do feel that you are a little needy because of the tone in your note to me	sadness	sadness
1666	i am feeling a little uncertain as i am waiting to hear from my land lady to confirm a date and receive my contract	fear	fear
1667	i usually just feel aggravated with the unprofessional attitude of the rest of the cast	anger	anger
1668	i wasnt so terribly sore i would feel a bit regretful but theres papers to write and ebony dances to practice for	sadness	sadness
1669	i had it in the bag because i was still feeling strong	happy	happy
1670	i guess we would naturally feel a sense of loneliness even the people who said unkind things to you might be missed	anger	anger
1671	i think most interactions in person are probably fine sufficiently respectful and polite that the ladies don t feel abused	sadness	sadness
1672	i feel resentful that it hurts so much but i m also grateful she said for what i can do including disco swimming and even taking the stairs	anger	anger
1673	im feeling shy im feeling mad im feeling sad	fear	anger
1674	i feel that the session was useful and gave me tools i need to move forward in my life	happy	happy
1675	i feel those moments are very precious even to share	happy	happy
1676	i am feeling a little disheartened	sadness	sadness
1677	i kinda like you when i saw hannah montana but since you broke up with nick i feel like you are so a heartless person	anger	anger
1678	i alight in front of the hotel i can feel the bellmen s appreciative glances	happy	happy
1679	i feel selfish at times for wanting an escape from my day to day as i feel like i should be thinking of the kids and taking them some where instead	anger	anger
1680	i love feeling like i am truly making a difference in students lives although sometimes i am unsure	fear	fear
1681	i feels so lame	sadness	sadness
1682	i am feeling so helpless ma i am being unable to fight your illness i am being unable to take you out from that pain i feel helpless today	sadness	fear
1683	i got when i went home sick today i m still feeling a bit shaky and for david helping me fix the broken handrail on the basement stairs	fear	fear
1684	i sing i feel weird	fear	fear
1685	i feel a bit reluctant to turn to other people	fear	fear
1686	i was feeling overwhelmingly anxious so i went into my room to read my bible and pray	fear	fear
1687	Physically she felt devastate	sadness	fear
1688	i feel incredibly disillusioned with the weekend	sadness	sadness
1689	What a contrast with the rattled and untrustworthy gamblers at Number 10 and Number 11 Downing Stre	fear	anger
1690	i honestly feel extremely shy to ask my friends to take pictures of me how vain must they think i am	fear	sadness
1691	i just couldnt fall asleep feeling scared	fear	fear
1692	i forgot to take it yesterday so this morning i took two i feel super sick now	happy	happy
1693	i was the compere at a party and all my efforts to get the show rolling were thwarted by the immobile	anger	sadness
1694	i continued to feel very submissive and continued to be aroused as well	sadness	sadness
1695	i sometimes feel shy about my musical taste because some of it wanders towards what some might call techno slander	fear	fear
1696	ive been feeling super run down all morning and debated whether or not to leave my usual closed for business type illness post	happy	happy
1697	i am glad he is ok but it makes me feel even more alone in my sadness	sadness	happy
1698	i feel ashamed of my unproductive days	sadness	sadness
1699	i feel like i missed out when i was younger but i was very active and would be much more content to go outside and ride a bike	sadness	happy
1700	i said sir i feel from real time company experience that mba would be more valuable for my career than gate since most work now a days in it companies now is support based	happy	happy
1701	i feel lots more energy i feel very impatient and irritable	anger	anger
1702	i feel contented staying grounded and take it slow as i build up the little things that comes my way	happy	happy
1703	i freak out when i feel like i m rejected or not wanted	sadness	sadness
1704	i maintain that these feelings should be repressed not expressed	sadness	sadness
1705	i had an incredible feeling of frantic despair	fear	fear
1706	i grit my teeth shook my head and spent the next minutes feeling irritated	anger	anger
1707	i think i feel stressed	sadness	anger
1708	i feel that the message is too lame or something	sadness	sadness
1709	i decide to look for professional help and when i find a ceramics repairment atelier that describe themselves as artisans of patrimony specialized in primitive arts and antiquities i feel relief that my damaged fish shape ashtray will finally be in safe hands	sadness	sadness
1710	i feel ecstatic every time i perfect a water sport	happy	happy
1711	i feel confident that you and i have something solid	happy	happy
1712	i get into conversations and regret them and start to feel exhausted after fifteen minutes of something that sounds like something but feels like it is only peas and carrots peas and carrots mush mush mush	sadness	sadness
1713	i usually don t wear glasses at first i had uncomfortable feeling like irritated but lately i feel comfortable to have it	anger	anger
1714	im not mistaken all the thai business leaders at the dinner feel ashamed about the setbacks that have held thailand back from its full potential	sadness	sadness
1715	i feel shy when people reading these but i am writing it here so brothers and sisters would see how real life works	fear	fear
1716	i am feeling very touch deprived with all that has been happening	sadness	sadness
1717	i never thought id feel so much as a jot of sympathy for hussein whom i always viewed as a jumped up petty thug whatever my thoughts may be about actions against his administration	anger	anger
1718	my boyfriend with whom i had a longlasting relationship	sadness	anger
1719	im sorry for how bad i hurt your feelings that make you feel unloved and alone feeling afraid to love and trust again	sadness	sadness
1720	` I am obviously very pleased about winning but it was also great that my parents were h	happy	happy
1721	i feel like a doll which has been abused	sadness	sadness
1722	i hope your words make you feel brave and scared and everything else in between	happy	happy
1723	i still feel really shaken about the whole thing	fear	fear
1724	i remember feeling so thankful to be able to put my feet up and enjoy taking care of newborns right before id be able to take care of my own	happy	happy
1725	For Andrew , the trip up to London to the awards ceremony attended by the Princess of Wales , was almost overshadowed by his excitement over his first journey on a train up to the capi	happy	happy
1726	i feel so very honored that they asked little ol me	happy	happy
1727	i feel like the leadership training was a perfect vision of what god wants missionary work to be now	happy	happy
1728	i started to develop feelings for you they scared me and i freaked out but you promised me that i was safe	fear	fear
1729	i was angry at my boyfriend who had promised to come to see me but did not because he spent the evening with his pals	anger	anger
1730	i feel convinced that i am an annoyance to them	happy	happy
1731	i feel victimized like im getting robbed	sadness	sadness
1732	im just feeling so fucked up nothing can cheer me up	anger	anger
1733	i feel that is why she suddenly got mad at mom	anger	anger
1734	i guess i talked to enough people to realize that we all feel intimidated by meeting others for the first time	fear	fear
1735	i know that when i am feeling distraught or moody i can depend on you two to put a smile back on my face	fear	fear
1736	i contributed my ideas and opinions during discussions and i feel that i contributed ideas that were valued and taken into consideration	happy	happy
1737	But the behaviour of Reverend Prentice has only added to his anguis	sadness	happy
1738	im feeling excited about it	happy	happy
1739	i like moving with a long lead time and not feeling rushed	anger	anger
1740	i guess you could say i am teeter totering right now on the edge and i feel like im dangerous	anger	anger
1741	i just feel resentful and show my resentment by eating tempura and sundaes	anger	anger
1742	i feel it s a worthwhile cause and hope you decide to participate	happy	happy
1743	i realize that this conversation can make some people feel paranoid or upset generally	fear	fear
1744	i have been having bad dreams really weird dreams that make me feel like i got no sleep at all and with completely disturbed thoughts	sadness	sadness
1745	i got an overall dark and uncomfortable feeling as we chose to stay until the end as not to disrupt or be rude	anger	anger
1746	i feel incredibly sarcastic right now	anger	anger
1747	i am suddenly feeling insulted while typing this down	anger	anger
1748	i feel so privileged to share that love with five lovely students	happy	happy
1749	i feel rather disheartened suddenly	sadness	sadness
1750	i feel is awkward because it s too high four steps for a	sadness	sadness
1751	i told her that i woke up feeling mad that i am a woman and that i am probably always going to have to worry about being raped	anger	anger
1752	i cause extreme worry and distress ground to remember fondly you forever mary prepares to feel unfortunate time eventuallythe intense emotion have sexual lovein condescend to come she by hand puts out strength wu mouth dont let oneself cry out	sadness	sadness
1753	But the blank horror over Khmer Rouge atrocities between 1975 and 1978 has created a blind spot about its strength in Cambodia , and the growing likelihood that it will return to power , either on its own or with the other Cambodian opposition factio	fear	fear
1754	im feeling enraged at another persons actions i have to consider what i was thinking about in the moments prior to the incident	anger	anger
1755	i am feeling a bit strange never felt that ever but should i really stop writing blogs now	fear	fear
1756	i feel as though i have merely accepted what has been done and that no matter what time has gone by it will always be with me	happy	happy
1757	i feel intimidated by the wide open design and therefore find it hard to write	fear	fear
1758	i feel isolated even when i m around other people	sadness	sadness
1759	i know some people may cringe but when i feel something in me i have to say it and if you wanna get mad well get mad	anger	anger
1760	i feel stressed out i would watch movies alone or just walk on the streets alone	anger	anger
1761	i even started feeling impatient with myself when that didn t exactly happen	anger	anger
1762	im not feeling quite so adventurous i might just find a quiet spot to read	happy	happy
1763	i feel im really just pissed	anger	anger
1764	i feel lethargic and overheated all the time	sadness	sadness
1765	i was up to my eyes and studying and feeling pretty jaded a href http maturestudenthanginginthere	sadness	sadness
1766	i am feeling the strange mix of extremely proud relieved she is on the path to her fabulous future but gutted she has chosen to move out to live in halls of residence at uni	fear	fear
1767	i hope not pagetitle khatsii feeling fearful	fear	fear
1768	And though , as Lachlan had planned , they had expected the attack in the morning , they were quite happy when their lookouts reported the Macleans ' approach in the early even	happy	happy
1769	im feeling so angry because that was just wasted work from her side	anger	anger
1770	i do not however feel the loss of officer nicholsons life was any more tragic than the death of the young mother whose murder started this whole scenario in motion	sadness	sadness
1771	i feel more in control and less frightened about my headaches and migraine attacks excellent service	fear	fear
1772	i feel that the thighs are being stubborn and not going away at the same rate as stomach arms or butt	anger	anger
1773	i have been feeling very insincere	anger	happy
1774	i could find another reason i m new in the area and i feel less intimidated with a simple tool that i can understand	fear	fear
1775	Temperamental differences operate once more with this new trio of junior heroes , whose elders , the three lieutenants , regard their pranks with mild amusem	happy	anger
1776	i absolutely love working and the feeling of accomplishment i get from it but i am tangibly physically unhappy with the family life i am missing right now	sadness	sadness
1777	i really enjoy cabernet for how aggressive the flavors tend to be and while this isnt exactly a light wine it still has a general congenial feel to it that i find a very pleasant	happy	happy
1778	i had a real life pet hamster when i was little so i really like this little family sylvanian families are great for role play learning about animals creating your own stories and their flocked fur makes them feel very special	happy	happy
1779	i am feeling resentful it is my choice and i can choose to do things differently next time or even change my choice now	anger	anger
1780	i press play and yeah i watch my movie about five times in a row right then and there i feel satisfied and cant wait to share what i made with my friends	happy	happy
1781	i met up with some friends to watch the hockey game and headed off to a local pub called pig and duke ate some parmesan truffle wings not sure how i feel about those and some prawn lollipops delicious but terrible name	happy	happy
1782	i am not an advocate for war but i feel reassured living close to a military base where there are people trained to assist in natural disasters	happy	happy
1783	i feel a surge of adrenaline and excitement as i immediately recognize these two birds to be a gorgeous pair of marbled murrelets	happy	happy
1784	i get the feeling that my supervising teacher is overwhelmed and may have too many students	fear	fear
1785	Of course Ed was really peeved about how Martinez handled the whole Harley busin	anger	fear
1786	ive been feeling weird because i am weird	fear	fear
1787	im feeling good now	happy	happy
1788	i have nothing but respect for not only jerry sloan but the utah jazz as a whole i feel wronged that we were forced to stomach this series	anger	anger
1789	im starting to feel a bit jaded	sadness	sadness
1790	i think some people are unintelligent but want to feel intelligent so they just answer questions with nonsense answers so they can earn points and ask stupid questions like will u go out with me and stuff like that	happy	happy
1791	i often feel that everything around me is so vain and purposeless	sadness	sadness
1792	i am not sure if anyone at all can understand how i feel toward them but i almost feel like one of those troubled teens they often have on maury	sadness	sadness
1793	i am not a regular member of this group meaning that i do not follow whats going on very often and also i feel a bit shy in budding in when i do not have much to say but today i have a request for you people	fear	fear
1794	i think that now if i were to ride it without you or with another person present i would feel disheartened	sadness	sadness
1795	im feeling confident about it	happy	happy
1796	i wish i could say that i got a feeling that everything is going to be perfect and painless but i didnt	happy	happy
1797	i want them to feel as if they are intelligent and able to make their own decisions	happy	happy
1798	i feel really vulnerable with him i tell him too much im too honest and i hate it	fear	fear
1799	i begin to feel terribly rude and that causes me to become depressed	anger	anger
1800	i tried to answer as generally as i could but ive been struggling with my work lately and feeling pretty morose	sadness	happy
1801	i feel irritable or depressed during the course of the day i just stop and think am i too hungry angry lonely or tired	anger	anger
1802	im feeling rotten just talking about it	sadness	sadness
1803	As he nodded she went on , ` I 'd had a bit of a knock in -- in a relationship with a man in London , and I was very miserable over Elise 's deat	sadness	sadness
1804	im trying to find ways to add more sewing into my schedule without feeling completely overwhelmed	fear	fear
1805	im feeling sad so i can remind myself of how i am talented and good at things and also see things that inspire me all in once place	sadness	happy
1806	He said nothing , and from the anger on his face she saw that he did n't think he owed her a re	anger	anger
1807	"` You do these ? "" he asked an indignant Augu"	anger	anger
1808	ill dream about sol and wake up feeling distressed	fear	fear
1809	i feel reassured by how well we get on how much we love each other and i wonder why i ever worried	happy	happy
1810	i feel mad sad and discouraged there is something so marvelous about the lord jesus something about the holy word of god that ignites my soul with hope to once again keep moving forward	anger	anger
1811	i just tell you that the feeling of a skid is not pleasant	happy	happy
1812	i write on my blog here that i want or i am going to do something i feel more pressured for want of a better word to do it	fear	fear
1813	im looking up at the clouds moving across the sky and up up at the tallest buildings in the city i immediately feel a sense of calm surround me but oops	happy	happy
1814	im feeling oddly sentimental today	sadness	sadness
1815	i know ill feel shitty the whole time	sadness	sadness
1816	i feel glad that the stress that went into making sterile sky from spending nine months in senegal writing non stopped to facing some initial rejections at home farafina and cassava republic rejected the manuscript and to burdening friends with the manuscript is not in vain after all	happy	sadness
1817	i feel shy of sharing too much about it right now like its a delicate bird that hasnt taken flight	fear	fear
1818	I wanted to be a violinist -- that was my real ambition -- but I was too anxious to really get to grips with the instrume	fear	fear
1819	i am very stubborn but i feel like if i am going to be stubborn it should be in a manner that is going to help me	anger	anger
1820	i went into the movie i was feeling skeptical and slightly nervous that i was going to be disappointed	fear	fear
1821	i did feel that the ending was a bit rushed and i do wonder if i might have missed certain signs but its a small thing when the story happens to be addictive and you dont notice the time passing by	anger	anger
1822	i still feel extremely helpless	fear	fear
1823	i run a full computer scan with my avast antivirus it shows no viruses however i m still feeling kind of paranoid about these programs	fear	fear
1824	i guess im not ready for that still young and feeling rebellious	anger	anger
1825	im feeling a little bit embarrassed about the serious lapse in blogging but ive had an extremely busy past few months trying to finish new work in time for the toronto outdoor show as well as a number of other exhibitions	sadness	sadness
1826	i also feel terrified but i ve found that since i ve started saying i m terrified out loud i feel less terrified	fear	fear
1827	ive filled in some of the holes beneath my desk with foil as i feel distressed by the idea of losing one of my sewing machine feet or the bobbin case down there	fear	fear
1828	i have studied logic and ethics and i know with certainty that the motivation of feeling superior is not an excuse for judgement finger pointing and its eventual consequence hatred and in this case homophobia	happy	happy
1829	i feel and i think that should be respected	happy	happy
1830	i can t help but feel a little hesitant towards lily	fear	fear
1831	i feel tortured by this thought but it feels so true	fear	anger
1832	i wish there was something like this when i was younger i had a hard time asking questions without feeling embarrassed or awkward	sadness	sadness
1833	i discussed previously in my last blog post how apprehensive audiences have become towards bathrooms they automatically feel nervous which has become a fantastic trope for horror fiction	fear	fear
1834	i feel poisoned and tortured by this room	fear	anger
1835	i feel those memories are precious and i am so glad i have them	happy	happy
1836	i have an ironic feel i dont feel anything special but i still smile broadly whenever he tells me something	happy	happy
1837	i am not scared to let myself feel deeply many people are too frightened to let themselves div style clearboth padding bottom	fear	fear
1838	i feel so honored to know all of you	happy	happy
1839	i would like to take this opportunity to say how amazing his family are all of them made me feel welcomed and if i have children who are half as lovely as the children who were sat on my table i would very happy	happy	happy
1840	i a bad person for feeling burdened by our relationship	sadness	sadness
1841	i know at this point is im starting to feel doubtful of the decisions i made	fear	fear
1842	i stopped feeling mad that the machine stole my money and chose instead to feel grateful that i have clothes to wash in the first place	anger	anger
1843	i went to the doctor a few days into feeling weird	fear	fear
1844	i think i might be lacking in judgment about what matters and what doesnt but why do i feel like this is just going to go away in the most unfortunate regretful way possible	sadness	sadness
1845	Some of us contemplate this prospect with horr	fear	fear
1846	i feel like every day is special unique	happy	happy
1847	i grab it from the air its smooth frame feels cold to the touch	anger	anger
1848	i guess just like a porn star looking at a inch rubber dong i m feeling a bit hesitant about the whole thing	fear	fear
1849	i also wanted to let you know that despite doing this blog post im still feeling a bit weird about blogging	fear	fear
1850	i know that you feel pretty disgusted by the nonstop lefty propaganda the ministry churns out but of the public isn t that tuned in	anger	anger
1851	i only get to see master on the weekends i feel that i am only a submissive with him during the weekends	sadness	sadness
1852	i feel so lucky to be guest posting for kristi over at a href http www	happy	happy
1853	i often use disney to cheer me up when im feeling low and these past couple days have been no exception	sadness	sadness
1854	i am hoping the weatherman is right with his forecast of stay at home dont venture out rain for tomorrow i am feeling all kind of creative	happy	happy
1855	im feeling all jolly and warm inside but i just feel empty	happy	happy
1856	i feel jolly	happy	happy
1857	i could follow every twitch of thought and swell of feeling quiver through his tortured expression	anger	fear
1858	i headed there fully expecting them to have been sold out ages ago and that i would find myself staggering back upstairs without them feeling all bitter twisted and disappointed but at least with some of the allocated pennies still lurking in my own bank account	anger	anger
1859	i designed the retirement detox course for all those people who are maybe feeling a little disillusioned with retirement and are wondering is this all there is then	sadness	sadness
1860	i am so festive this feels so delicious wheeeeee what a great night	happy	happy
1861	i feel like i am gaining strength quickly and could probably start to ease back into running now but i am pretty much scared silly	fear	fear
1862	i feel like i totally fucked up	anger	anger
1863	i have not always believed that i deserved to feel this divine guidance	happy	happy
1864	i started having that creepy feeling again like she still hated me	anger	anger
1865	i didn t feel like i was being punished and didn t feel any pain at any time	sadness	sadness
1866	i think i started to feel a little homesick	sadness	sadness
1867	i am at the point of feeling resentful toward him and i don t want to be	anger	anger
1868	i always think say now feel a little hesitant i always think say now feel a little hesitant posted on may th by admin	fear	fear
1869	i had been feeling rather unhappy lately because id been feeling left out of groups friends	sadness	sadness
1870	i also feel overwhelmed by to do lists	fear	fear
1871	i couldnt help feeling a little envious of what treats the body power people might have in store for them demonstrations of super strength perfect specimens glistening with accentuating oil exercise gear to be seen in	anger	anger
1872	i always feel very afraid as i work on books egan tells kurt	fear	fear
1873	out on a weekend with a group of people	anger	anger
1874	i am only confirming that i feel what acker felt or recognise at least that rich world she describes	happy	happy
1875	i want to talk to you about but with the limited time we have on the phone and with our current arrangment i feel hesitant to bring it up	fear	fear
1876	ive collected as i feel its vital to create something precious from those items as a tribute to the earth and its power generosity	happy	happy
1877	i am so blessed and feel blessed to be able to share my creations with you	happy	happy
1878	i feel like a paranoid stalker or something	fear	fear
1879	i am too fragile to feel too vulnerable of pain and too easy for tears	fear	fear
1880	i just really need the money right now and i feel like some greedy nasty aunt for not wanting to hand everything over	anger	anger
1881	i feel completely honored to be an influence to this young talented fully alive beautiful girl woman	happy	happy
1882	i am feeling hesitant right now going in this alone but am trying to remain optimistic	fear	fear
1883	i hate feeling dumb i hate people who make me feel dumb or like i am being a baby	sadness	sadness
1884	i feel a little less fearful about it	fear	fear
1885	i cant feel remorseful for saying it	sadness	sadness
1886	i feel heartbroken but for some reason not strong enough to say i m finished with him	sadness	sadness
1887	i left feeling entertained but empty	happy	happy
1888	i went around for the rest of the day feeling distressed that i changed my appearance based on someones comments how i made myself even by coincidence more appealing to him and that just felt wrong wrong wrong	fear	fear
1889	Polanski had received notices of similar disquiet over his fil	fear	fear
1890	i was feeling frustrated	anger	anger
1891	ive been feeling very indecisive lately	fear	fear
1892	i began to feel such a strong connection to several of them	happy	happy
1893	i begin to feel even more agitated as i realize that keith has detoured for a tourist stop in another small mountain village on the way to xela	anger	anger
1894	i know i totes feel like a valued and equal person to my coworkers while theyre laughing over shutting women up	happy	happy
1895	im feeling cranky and horrible	anger	anger
1896	i am feeling like a generous and kind krem ill even show ye how tget the album	happy	happy
1897	i disinterested but when i do read it i leave off feeling inadequate	sadness	sadness
1898	i am feeling suspicious lj cut text suspicions	fear	fear
1899	i tried going raw vegan for two weeks and it made me feel awful	sadness	sadness
1900	i feel like even though i dont buy into societys ideas about what a woman should look like i am still constantly unhappy with myself	sadness	sadness
1901	i didn t feel as terrified or as nervous as i normally would in that type of situation	fear	fear
1902	i do not feel frantic	fear	fear
1903	An agitated old lady addressed Ramsey severely and asked why he did not go back to his own country and do good there instead of stirring up trouble in the United Stat	fear	anger
1904	i dont want the big buttons simply as i dont feel bothered with nice looking button holes maybe next time i have a suspicion they could be the cause of giving up again so to avoid negativity i ordered extra large red press studs that i will attach using a decorative stitch visible from the outside	anger	anger
1905	i go fishing i really feel so carefree can i fish everyday	happy	happy
1906	i feel so frightened i wanna run to you i wanna call but i ve been hit by lightning just can t stand up for falling apart can t see through this veil across my heart over you you ll always be the one you were the first you ll be the last	fear	fear
1907	i feel that one has to be passionate but not tensed	happy	happy
1908	The passengers looked horrifi	fear	fear
1909	i understand that but its so nice not to feel like the weird one	fear	fear
1910	I told Dana I could no longer bear the atmosphere of the city , the right-wing bullies , the Falangists , the deadening work of teaching mostly bored and resentful stude	anger	anger
1911	i didn t think that it would come that fast or would come at all but i suppose it is because i feel cranky today	anger	anger
1912	i feel deeply and truly content	happy	happy
1913	i have a feeling he s going to start popping up all over primetime with his innocent kid potential murderer face	happy	happy
1914	i can often go a week or two without iming anyone at all if im not feeling especially outgoing and no one pokes at me	happy	happy
1915	i really dont think he looks at my blog too often so i feel pretty safe posting it this layout is full of a href http www	happy	happy
1916	` Of course , we were devastated , but we knew now what had been wrong all along -- and at least they could n't blame me any more 	sadness	sadness
1917	There was something in the journalist 's manner that goaded Blanche 's exasperation into an	anger	anger
1918	i always had to eat everything on my plate and ate and ate and ate without feeling satisfied	happy	happy
1919	i feel sooooooooper vain taking pics of myself for the last hour	sadness	sadness
1920	i feel really greedy saying that	anger	anger
1921	i just act how i feel im becoming what ive always hated	anger	anger
1922	i always make things harder which im not going to lie i sometimes have a way of complicating the very simple however a new baby is a pretty big undertaking and from this comment and many many others i feel like he sees himself as being disturbed very little	sadness	sadness
1923	im happy there are people in this world that have been so untouched by mental health issues that they feel it is cute to make light the plight of the affected but unfortunately they dont realize the damage they are doing	happy	happy
1924	i dont know if i feel this way because i live in la and id rather be somewhere else or if its because im stressed about money work or if im just in need of a hug	sadness	anger
1925	i feel terribly helpless sometimes but even with the limited spiritual awareness that i have i am able to find the answers as i know the end is not the outcome of my decision i ll be able to move on readjust pick up the pieces re centre myself or enjoy my decision	fear	fear
1926	i started feeling a bit homesick with the mention of mulligans name	sadness	sadness
1927	i manage to reach a conclusion after all my musings i feel somehow more resolved	happy	happy
1928	i feel my desire to learn or explore the truth as they say in spirituality leads me to useful sources	happy	happy
1929	i have been on a roller coaster of emotions over these supposed feelings that something unpleasant was coming	sadness	sadness
1930	i feel a bit calm now	happy	happy
1931	i just feel weird doing it but i want to make sure he feels loved in there	fear	fear
1932	my roommates lack of consideration of me	anger	anger
1933	i don t feel guilty like i m not going to be able to cook for him	sadness	sadness
1934	i had a quarrel with my father	anger	sadness
1935	i have had my treasury selection on the front page a couple of times and believe me it is a real squeeee moment you feel jolly and smug and treat yourself to extra chocolate that day	happy	happy
1936	i guess it could be described as me just not really feeling like i m a part of the popular bands the up and comers or the growing local band	happy	happy
1937	i just cant stand that thick dragging feeling of oil paints so im glad i had the underlying texture on the wood to give the painting some extra interest	happy	happy
1938	i was feeling a bit jaded that day but told myself why the hell not	sadness	sadness
1939	i feel that life does not make sense and it would help a lot if suffering made sense	sadness	sadness
1940	i feel like i m falling quicker and quicker but i m not quite sure what i m falling into i m calling it love because that s what it feels like since my heart is beating rapidly and i can t seem to keep this tiny little smile off my face no matter what hour of the day	happy	happy
1941	i was in the bathroom i had sat down to pee it was to make me feel submissive again per instructions	sadness	sadness
1942	i feel satisfied when i am able to translate a funny idea in my brain	happy	happy
1943	i did not want to feel rushed through the program	anger	anger
1944	i feel you i can t take more than mg of seroquel either because the restless leg syndrome keeps me awake all night	fear	fear
1945	i feel a little overwhelmed	fear	fear
1946	i feel like i should care that im a bit heartless not to	anger	anger
1947	i do feel weird why seldom people eat at there	fear	fear
1948	i started feeling like myself again but it was a pretty rotten time in between	sadness	sadness
1949	i must say though i have been feeling pretty violent	anger	anger
1950	i didnt go into with any cardboard goals i feel i have been very successful with how turned out	happy	happy
1951	The more resentful and unforgiving Willie Morgan , was taken to court and then had to terminate a lucrative six year contract after only nine mon	anger	anger
1952	i was snapping at everybody and feeling very grumpy in general	anger	anger
1953	ive been feeling better about myself	happy	happy
1954	Always he gets angry when she takes customers hom	anger	anger
1955	im feeling relaxed	happy	happy
1956	i dont even know what i am going to write about but the wines been flowing and the dining rooms are playing on pandora so i am feeling cosmopolitian and artistic tonight	happy	happy
1957	i admittedly feel like crap and want to sleep all day and am so cranky i just want to yell at everyone	anger	anger
1958	i feel impatient yet i am not fully sure what i am searching for	anger	anger
1959	i find myself feeling anxious and unsure	fear	fear
1960	i have to deal with the fact that society wants everyone to feel like they re in fake love for a couple of days and then we can all forget what emotions are	sadness	sadness
1961	i feel hated and isolated but it doesn t hurt	anger	sadness
1962	i feel most vigorous while inspiration and motivation grip at my consciousness are also the times when physically i feel most dispirited	happy	happy
1963	i feel little impatient especially thinking of who the scoundrel will be coming to impose his her their will on me	anger	anger
1964	ive felt the last few days i feel fucking fantastic today	happy	happy
1965	i feel is that the most likeable characters aren t important enough to the plot	happy	happy
1966	i probably would have bailed at the half way mark when i was feeling quite low physically and mentally	sadness	sadness
1967	Every day they became more miserabl	sadness	sadness
1968	i was feeling discouraged and disgruntled and i was a href http tracifishbowl	sadness	sadness
1969	i must be really feeling shitty if im sinking down to that level	sadness	sadness
1970	im definitely feeling festive	happy	happy
1971	i was back home but feeling restless	fear	fear
1972	i feel a little frustrated an ache of longing has settled into my heart the weariness of life his slipped around my shoulders like an unwelcome friend	anger	sadness
1973	Some of his actions , in particular the unexpected introduction of a constitutional amendment allowing for an elected Vice-President and the subsequent appointment of Moudud Ahmed to that post , caused some disquiet among party membe	fear	fear
1974	i buy books about people i feel are equally fucked up as i am or books about zen approaches to shitty situations	anger	anger
1975	i feel intimidated by your question	fear	fear
1976	When Tina and the children moved into the School , Cecilia felt both dismay and guilty reli	fear	fear
1977	i feel envious that they can keep their posts regular and interesting and wish that i could feel this way to	anger	anger
1978	i am completely savouring each and every moment of the feeling of being single carefree and unbound	happy	happy
1979	i feel like it was all in vain cant be right and feel this wrong this heart of mine is just	sadness	sadness
1980	i feel a strange sense of foreboding	fear	fear
1981	i was feeling distracted yesterday	anger	anger
1982	i am feeling all melancholy	sadness	sadness
1983	i feel that animals are innocent and because they are innocent they shouldnt have to suffer because humans have problems	happy	happy
1984	i can feel my brain aching from the intense concentration required to try and keep up	sadness	sadness
1985	i am waking up in the middle of the night again with aches and pains and generally feeling grumpy	anger	anger
1986	i remember feeling so embarrassed the entire meeting	sadness	sadness
1987	i feel the need to reach out and see what fabulous plans you have for igniting your brand influence this summer	happy	happy
1988	i feel apprehensive while opening the blue door	fear	fear
1989	i was feeling determined it didnt take long for me to start nomming on naughty stuff again	happy	happy
1990	i feel humiliated said mohammed hussein a year old factory worker	sadness	sadness
1991	im feeling hopelessly restless	fear	fear
1992	i started to feel resentful of the whole situation and that s when something clicked	anger	anger
1993	i don t know this shit happens but every time i find out about yet another secret makeshift graveyard full of women s bones i feel that enraged impotence just like it was the first time	anger	anger
1994	im feeling a little apprehensive about it because i feel like im suddenly way too old compared to my mental age of about	fear	fear
1995	A patient in an anxious state is more likely to bump into , or trip over , objects ; shaking or tense hands are more likely to drop things , spill things and so 	fear	fear
1996	im not sure jeremy will be feeling quite so friendly later when luka a href http blog	happy	happy
1997	i hope the pair of us harbor no hard feelings and do enjoy casual chats about the ways our lives turn out without needing to press a title into everything	happy	happy
1998	i generally refrain from putting friends bands up here mostly because i feel pretty goddamn weird about it but fuck it	fear	fear
1999	i was feeling a little shaky and called it a day on the small bike	fear	fear
2000	i find interesting is how this supplement when used without going to the gym makes me feel liteheaded and listless and sick to the stomach but when i go to the gym and purpose to focus and pound it illicits the most incredible feeling of laser focused perserverence	sadness	sadness
2001	One career wife spoke about her exasperation when her husband listened to her with half an ear as he watched televis	anger	anger
2002	"` Good heavens , no , lady "" came the indignant re"	anger	anger
2003	i feel a little frantic because i know peoples will be leaving soon and just a little while ago i felt like i had hella time to waste and to hold off on things	fear	fear
2004	i feel like an abused puppy dog	sadness	sadness
2005	i can tell you the things i don t feel that maybe i should be feeling but i can t really put my finger on the cause of my being shaken	fear	fear
2006	i did at one point put my son in daycare but my mom constantly made me feel like a terrible parent because of it	sadness	sadness
2007	i don t know what to feel as in i am not sure should i feel sad cause it is ending or should i feel glad that it is over and i can move on	happy	happy
2008	i believe a publisher editor should bless his products with as light a hand as is possible and i feel that having my artwork on any of my chapbooks would strike one as being a little self aggrandisement and vain	sadness	sadness
2009	im feeling all bashful exposed and vulnerable because my blog crush is out in the open now	fear	fear
2010	i break down and it leaves me feeling bitter	anger	anger
2011	im most afraid of i already feel slightly out of place at cru because while most of them will say they are my friend very few of them bothered to reach out and ask how things were going in australia	anger	anger
2012	i cant help but feel someones going to end up pissed at me	anger	anger
2013	i needed to feel energetic and confident	happy	happy
2014	i hate it when i feel fearful for absolutely no reason	fear	fear
2015	i feel so respected now	happy	happy
2016	i had some delicious apple pie so needless to say i was feeling pretty groggy	sadness	sadness
2017	i could feel its warmth in the strange stillness and it comforted me	fear	fear
2018	im pretty effin excited that i feel like im back where i was when i started oh so fab therapy	happy	happy
2019	i was feeling pretty confused about my future career goals however after seeing how creatively stimulating and fulfilling teaching can be i now feel more confident in pursuing a career in education	fear	happy
2020	i left feeling completely disillusioned and a little more cautious with any contractual interactions with vietnamese people	sadness	sadness
2021	i have to admit i am feeling a bit intimidated by the challenge of	fear	fear
2022	i am again not inspired and after looking at ideas and images i feel that i dont appreciate them anymore they become useless and purely skill driven having nothing to do with thought	sadness	happy
2023	i feel this way is probably because i am dumb and i try my hardest to cover it up by reading lots and lots of books or you know becoming a doctor	sadness	sadness
2024	i feel all of this just from her eyes not from her touch or from her words but from her eyes i know that i can assuredly return this love and know that it shall not be in vain	sadness	sadness
2025	i have to mention that i feel slightly unhappy because i have yet to get back any of my prelim papers maths aside and because of that ive been feeling stuck in limbo for the last weeks because i cant really start studying properly until i get back my papers	sadness	sadness
2026	i didnt feel much like me but thats largely resolved itself	happy	happy
2027	i am feeling so sad right now	sadness	sadness
2028	i feel the need to write i always want to write in a clever way	happy	happy
2029	i leaned my head back and took a deep breath it s awful this feeling is awful it s making me sick	sadness	sadness
2030	heated discussion with spouse concerning new house	anger	fear
2031	i do feel alittle submissive it isnt the same	sadness	sadness
2032	i have a feeling im going to be seriously envious of whoever wins because i really want this one all to myself	anger	anger
2033	i feel so glad that were chosen in the same batch	happy	happy
2034	i feel so unwelcome there but not because of her or gary i just feel that i shouldnt be moving back in with them	sadness	sadness
2035	i feel really heartbroken	sadness	sadness
2036	i breathe and walk i feel less joyful than most other people	happy	happy
2037	im feeling shaky and feverish and mad	fear	fear
2038	i just feel complacent and not at all like bothering	happy	happy
2039	i feel threatened by anyone i get this feeling that i want to kill someone	fear	fear
2040	i want to write that makes you feel the frantic induced nightlife of being on speed	fear	fear
2041	When they got to the florist and Georg saw his father emerging he really was cross , so cross he leapt out from the driver 's seat and intercepted Willi on the pavem	anger	anger
2042	i feel agitated and anxious and just plain weird	fear	fear
2043	i started to mess around something must have distracted me cause now im feeling playful	happy	anger
2044	i got a lot of ideas and feel like the weekend had a very positive effect on me	happy	happy
2045	i do not feel particularly delighted in	happy	happy
2046	ive always been a giver not a taker i feel selfish in considering this idea	anger	anger
2047	im caught up on sleep and no longer feel like a zombie im excited to focus on being a good wife mother and homemaker again	happy	happy
2048	im feeling ecstatic about right now the classy ever after redesign project begins this week	happy	happy
2049	when going to the exam	fear	happy
2050	i use emoticons because it would be awkward writing i am feeling amused by what you are writing right now as opposed to xd	happy	happy
2051	i feel like i m a very very dangerous human being right now	anger	anger
2052	id just had a terrible nightmare and was feeling a little disturbed	sadness	sadness
2053	A miffed European Parliament head , President Jose Maria Gil -Robles , who is visiting Paris , promptly canceled a scheduled stop at de Charette 's office --- pending an apo	anger	anger
2054	i was wondering if you will focus on the problems because any way you are not care for themselves when complaining or feeling needy	sadness	sadness
2055	i did not care much about the number of viewers and the viewer ratings before but as the drama iris gained huge success i began to feel greedy about being successful	anger	anger
2056	i haven t been able to shake this akward and unusual feeling i feel irritable and space out all the time feels like i was surged as well as my computer	anger	anger
2057	i start to feel myself become irritated when conversing with him	anger	anger
2058	i feel like the emotional fog is finally starting to lift	sadness	sadness
2059	ive lost pounds in weeks and have lots of energy and feel terrific i exercise on the treadmill for about minutes days week	happy	happy
2060	i am standing in my oversized tee shirt baggy yoga pants pulled up hair already semi sweat streaked from spin and am trying to feel graceful and sexy	happy	happy
2061	She shot him a horrified lo	fear	fear
2062	i feel wronged by the world	anger	anger
2063	i have been feeling restless lately	fear	fear
2064	i feel like it is conor at his most sincere	happy	happy
2065	i feel totally listless exams have come and gone and now i have a whole five or so months in front of me with no uni and free time	sadness	sadness
2066	i now feel less doubtful towards that person about his her sincerity in rebuilding our relationship	fear	fear
2067	i feel combination slightly superior sitting in on virtual event you ll feel as if it s another day office	happy	happy
2068	i doing something that make you feel bothered	anger	anger
2069	i guess feelings aren t meant to be inhibited or prohibited	fear	fear
2070	im feeling very agitated right now	anger	fear
2071	i feel kind of reluctant and depressed when you told me that it s over i respected your decision	fear	fear
2072	i feel like people dont really want me in their company but also they dont want to hurt my feelings	sadness	sadness
2073	i feel so because i feel reluctant	fear	fear
2074	i feel when they are distressed in the night is perhaps more than empathy	fear	fear
2075	i could have used for this blog post but this one perfectly describes the way i feel as well as give tribute to my	happy	happy
2076	i feel peaceful centered and an endless supply of energy each day to accomplish what is most important	happy	happy
2077	i am bloging again i am sitting here feeling content with my dogs amp cat etc and i know that how lucky we are the truth is we	happy	happy
2078	i feel envious of ryota and keita going to the same school smiled kota	anger	anger
2079	i feel like i am i the only one out there who is as angry as i am about suffering such loss about stupid cancer about unfairness about what is even though nothing about it is right	anger	sadness
2080	i felt anger when at the end of a telephone call	anger	anger
2081	i didn t want to do too much and then leave it feeling awkward at times	sadness	sadness
2082	i feel that i can t trust my mentor with secrets because i am afraid that he or she would tell my parent guardian	fear	fear
2083	i feel no need to offer it though i do feel a bit suspicious in the area of is she doing this just to try and lump all the people who have bothered to argue cogently with her in with the woman hating misogynists	fear	fear
2084	i was starting to feel a little bitchy by this point	anger	anger
2085	i couldn t help but feel slightly skeptical and apprehensive as i realized the tough task funes was taking on that night	fear	fear
2086	i actually feel agitated which led to a terrible day yesterday in which i was unable to concentrate on anything and basically piddled the day away	anger	fear
2087	i think this will help somebody out there that feels hopeless and alone	sadness	sadness
2088	i am happpy when i get good results in the field of academics or athletics	happy	happy
2089	i feel nervous for our hyenas	fear	fear
2090	i have had no interest at all to make any effort to meet men and when the chance arrises i then feel burdened with negative thoughts of he ll just be another idiot only after one thing	sadness	sadness
2091	i can t fit in in beirut where i have the nagging feeling that i m in a heartless place	anger	anger
2092	i hate hate hate watching people work and me sitting and most of all i hate people having to take care of me so i thought i was healing at a fine rate i was feeling fairly strong and energetic just seemed to get tired quickly and i could manage the surgery healing pain	happy	happy
2093	i feel thrilled and quite humbled i wasn t expecting anything like that and it s a funny feeling	happy	happy
2094	i think about talking to a lawyer and finishing this i feel anxious	fear	fear
2095	i feel like im making all the effort and i cant be bothered with it anymore	anger	anger
2096	im siting on the couch feeling like i should be doing something productive but im not sure what	happy	happy
2097	i have moments where i just feel so overwhelmed that my eyes well up with tears	fear	fear
2098	i am not feeling so generous and he is sent to the sofa where he glares at me for the next six hours	happy	happy
2099	i feel listless and deflated	sadness	sadness
2100	i cant help but feel sentimental about the fact that we were drawn here	sadness	sadness
2101	i had seen but theres just something about their set that makes you feel so glad to be there	happy	happy
2102	i just want to achieve something to make myself feel worthwhile to dig myself out of this gaping hole of depression and ridiculous anguish i feel every day	happy	happy
2103	im feeling somewhat indecisive about what to do in terms of an alliance	fear	fear
2104	i sat there in our living room feeling the sun come through the window cuddling my gorgeous puppy and cried	happy	happy
2105	i feel is manifesting in strange ways	fear	fear
2106	i do know the main reason i feel like i m losing myself unsure if i ll ever get those pieces back but i m not quite ready to talk about that just yet	fear	fear
2107	i am feeling pressured to blog the bad	fear	fear
2108	i feel inhibited from spilling my	sadness	sadness
2109	i suddenly feel a lot smarter and more talented than i did last night	happy	happy
2110	He considered this thoughtfully , then a gleam of amusement came into his e	happy	happy
2111	It was a pretty despondent group that sat around the fire of the LRDG patrol , each sunk in his own thought	sadness	sadness
2112	i feel mellow i feel free and i feel completely unmoved by society	happy	happy
2113	i feel anxious and off	fear	fear
2114	when i was ditched by my girlfriend	sadness	fear
2115	i wish i did more of because every time i do i come away feeling invigorated and inspired	happy	happy
2116	i just plain feel envious of the self confidence they had	anger	anger
2117	ive been on a bike and this bike it feels kind of strange	fear	fear
2118	i know we create our own destiny but do you ever feel resentful for the way your life turned out	anger	anger
2119	i feel spiteful for typing this but the first hand knowledge and statistics ive gone over regarding mormons and anti depressants is startling	anger	anger
2120	i feel really wimpy saying it but	fear	fear
2121	i did behave the same way when she was going through all this maybe i was the same or acted the same i don t think i did but i guess it is a matter of perception but when it happens to you you feel devastated	sadness	sadness
2122	i looked at mabel this morning i named my left breast mabel my right one is hazel and i feel this weird mixture of anger and loss valerie wrote less than a month after her diagnosis	fear	fear
2123	i actually started this about hours ago and got distracted and now the flow is all odd and my roommate is here so i feel very rude just typing away	anger	anger
2124	ill take my gfathers ute down to get a load of shit or as some would prefer manure but im feeling hostile so let me have it and will attempt a version of a home made compost	anger	anger
2125	i feel threatened by people who actually learned stuff in college	fear	fear
2126	i could sense that he was uncomfortable when he came to deliver the letter but i was willing to attribute to him feeling weird about being so romantic and vulnerable	fear	fear
2127	i now feel that food is to be enjoyed and not abused	sadness	sadness
2128	i remember feeling so frightened that i could feel emotions at that high a level	fear	fear
2129	Irina hung up in exasperat	anger	anger
2130	i walk away feeling dissatisfied like i ve waited for my caffeine hit only to get a decaf	anger	anger
2131	i am feeling anxious that im not out watching this important game that im avoiding a bar because of an asshole who broke my heart and that im missing out meeting cute boys	fear	fear
2132	i feel that horrible helplessness to make things better for them and that feels like it will kill me inside	sadness	sadness
2133	i repeat over and over in my life in which i try to take control in my life but it when it doesn t work i feel afraid that i have no control	fear	fear
2134	i that it feels like she is being tortured	fear	anger
2135	i find that i cant do as much as i used to do without feeling exhausted	sadness	sadness
2136	i know that i still feel kind of agitated but i also switch from feeling hot to feeling cold when i lay down	anger	anger
2137	im still feeling all wimpy it may be another skip around	fear	fear
2138	i feel fake and forced where as the need to express myself as a woman seems true and natural but undeveloped	sadness	sadness
2139	i feel so helpless when i look out at the world	fear	fear
2140	i feel im being generous with that statement	happy	happy
2141	i am still setting myself the challenge of painting roses in a way that i feel i am capturing their beauty and sweet perfume	happy	happy
2142	i ate great and whats even better is that i feel terrific	happy	happy
2143	i think that our favorite activities as a child are often very telling and if someone is feeling a little unsure about their life s direction going back to those childhood favorite past times holds many rich clues	fear	fear
2144	i dont know about you guys but i certainly feel fabulous about myself	happy	happy
2145	i feeling confused with my life and want to know why my life	fear	fear
2146	i lose it and make myself heard i feel like an idiot because i suddenly realize my point was either unimportant or unnecessary	sadness	sadness
2147	i feel so fake	sadness	sadness
2148	i admits to feeling remorseful after her outbursts width height	sadness	sadness
2149	i could bottle this feeling as a weight loss strategy id be rich	happy	happy
2150	i feel weird having to yank it down and readjust it at points	fear	fear
2151	i have lost kg and feeling fab	happy	happy
2152	i don t feel sorry for wisdom i know how many sleep hui live to be now and enthusiasm for the new china s socialist construction work	sadness	sadness
2153	i have never been happier nor feel more accepted in my whole life	happy	happy
2154	i was powerless over my life and the things that left me feeling abused unhappy and generally discontent and miserable i was stuck	sadness	sadness
2155	i feel it must have been the violent dream i had to snap myself awake from a difficult dream of my mother representing anyone and everyone and self violence universal but beautiful in its metaphor	anger	anger
2156	At first Tony looked less happy than before , and said he had become somewhat despondent about his lack of progress in finding employmen	sadness	sadness
2157	i ended up feelin shitty in mind	sadness	sadness
2158	i know im quite selfish but sometimes i feel like i dont want to throw everything just for something that is uncertain	fear	anger
2159	As I read it , I was sad to think how miserable Anne had been , in a big house away from home , where no one understood he	sadness	sadness
2160	i feel about them i still end up nervous and have those naughty butterflies flying around my stomach	fear	fear
2161	i do not feel like i am hostile toward others just that i fail to be nice to them	anger	anger
2162	i am feeling doubtful confused lost and what not	fear	fear
2163	my classmate got a b for his homework while i only got a c when we got the results he acted as if he did not merit this grade i found that his humility was hypocritical and i found it disgusting	anger	anger
2164	i feel frustrated or impatient	anger	anger
2165	i believe we ve decided to catch the bus from there to burgos which again feels like a smart compromise for our feet and bodies	happy	happy
2166	My friend is very anxious about your welfa	fear	fear
2167	i feel permanently unimportant and i feel stupid	sadness	sadness
2168	i feel very privileged but it is also a lot of work	happy	happy
2169	He saw the look of horror on my fa	fear	fear
2170	i guess were annoyed agiatated and my sis feels hated darn cos i told her shes a geek i love you amy	anger	anger
2171	i also feel i have accepted my dark side and am finally realizing what of my dark side is healthy	happy	happy
2172	i had the feeling that it might not have been taken as the truthful and sincere compliment it would have been	happy	happy
2173	i do this because the worse they are the more justified i feel a needy man on the street suddenly represents a threat to my very peace and freedom	sadness	sadness
2174	i feel it is vital that a rlsh gimmick needs to be his or her own	happy	happy
2175	im just feeling so lethargic	sadness	sadness
2176	i am this evening having had a brilliant night fantastic run and feeling jolly darn good	happy	happy
2177	i feel restless in my own pursuits	fear	fear
2178	i feel indecisive on whether or not i feel the book huckleberry finn should be censored	fear	fear
2179	i listen although i don t feel very brave about it feeling skeptical about its possibilities here	happy	fear
2180	i taught him what it can look like and how it could make him feel scared confused excited nervous	fear	fear
2181	i was feeling a bit miserable and the only thing that could cheer me up is some good old baking	sadness	sadness
2182	i think the protection part is the part where i feel some has abused it more than the other reasons intended for the rights to bear arms	sadness	sadness
2183	i feel like there are people out there on the internet that have issues with my online friends and then expect me to be hateful or mean to them as well	anger	anger
2184	i was doing less yoga and feeling more agitated by my impetuous decision	fear	fear
2185	i feel could have been left out entirely they smack a bit of empty promotion and self congratulation but once one finds the real meat of the information its precious information indeed	sadness	happy
2186	And Victoria now pulled her granddaughter past the indignant old lady , whose face was expressing sh	anger	anger
2187	i love if i feel a cold coming on	anger	anger
2188	i am feeling very smug as i am continuing my resolution to use up some of this huge paper stack that i own and never cut into so heres the latest offering using more of my graphic curtain call papers	happy	happy
2189	i feel about as helpless and superfluous as i did when jenn had elaine naturally	fear	fear
2190	i feel less threatened by the world	fear	fear
2191	i feel all agitated and moody and wanting wanting wanting	fear	fear
2192	i might be feeling a bit cranky	anger	anger
2193	Lili was getting exaspera	anger	anger
2194	i feel a bit reluctant having to say anything at all because a popular blogger who i share similarities with had beat me to the chase	fear	fear
2195	i can feel their afraid	fear	fear
2196	i didnt feel discouraged or depressed though there are always challenges to be sure	sadness	sadness
2197	i shouldnt feel gloomy	sadness	sadness
2198	i am thankful for the opportunity to help others feel better about themselves and i am grateful that i can help educate others on have to achieve their goals as well	happy	happy
2199	i am comfortable and confident with feeling safe as i meditate	happy	happy
2200	i cant remember ever feeling so exhausted it took trips with the car on the last day to get everything brought to the trailer	sadness	sadness
2201	i want change but i feel like im discouraged because im living so comfortably	sadness	sadness
2202	i am not going to get into saturday night all im going to say is i once again went home sat with billy for a bit then went to bed feeling alone wasted not in the good way and abandoned	sadness	sadness
2203	i smoothly hand her a twenty feeling smug that they are both interested	happy	happy
2204	i have just finished my jubilation piece and i feel jubilant	happy	happy
2205	i am feeling impatient i havent been blogging because each day was pretty similar sleep eat pregnancy pains sleep etc	anger	anger
2206	i am feeling incredibly agitated today	fear	fear
2207	i was feeling pretty low and despite it being the wettest summer i can rec	sadness	sadness
2208	i stop being so reactive every little time i feel wronged or sense wrong in the universe	anger	anger
2209	i told him how he has been making me feel unimportant and insignificant	sadness	sadness
2210	i feel that they ignored the systemic nature of a pattern of sexual abuse and mishandling of reports of sexual abuse in the service of understandably wishing to defend and protect a friend and his reputation	sadness	sadness
2211	They 'd had a skinful so were n't in a particularly noticing mood but they saw and heard nothing , nothing except what they described as a kind of mournful whistling coming from deep in the wood 	sadness	sadness
2212	i mane is feeling generous and releases his new lp diary of a trap god for free	happy	happy
2213	We had n't gone very far when we met up with another Lancaster returning from a Cook 's Tour , and to my horror the two aircraft then flew wing-tip to wing-tip all the way ho	fear	fear
2214	i am feeling incredibly thankful for my family	happy	happy
2215	i leave feeling defeated hopeless and too weak to keep pressing into god and recovery	sadness	sadness
2216	i feel kind of sorry for him and the flirtiness between peeta and the heroine of the book makes me feel like i really dont want him to die even if just for katnisss feelings	sadness	sadness
2217	i am lost distraught and mainly at a state of feeling helpless	fear	fear
2218	i feel cold few days	anger	anger
2219	i feel like i ve always been jaded towards the classic movies but then when i actually sit down to watch them casablanca the great escape etc	sadness	sadness
2220	i feel almost outraged that such a crap day should fall on my most favourite of days	anger	anger
2221	i said in some recent interviews we will have two guests on the next alcest album and today i feel glad to reveal the first one	happy	happy
2222	i mean i feel i feel like the i feel the burden i cant breathe and suddenly im terrified of october what have i been doing the past weeks	fear	fear
2223	i feel isolated and overwhelmed this lie can cause me to abandon any project that a class zem slink title god href http en	sadness	sadness
2224	i gotta say that i feel like i was suckered into buying the iphone s because i saw the ads on how cool siri was	happy	happy
2225	i feel id be passionate to invest my time into not to mention i enjoy writing as it is	happy	happy
2226	i feel like im but at least im not feeling pressured to write when i dont want to	fear	fear
2227	ive gone for my k training or a swim then i feel energised and be productive like actually cleaning my room	happy	happy
2228	i sing decently but coming from the kind of family i do i always feel like im less talented so ive never really tried to learn as such	happy	happy
2229	im feeling a little lethargic lately but school is still school	sadness	sadness
2230	i have a heart to serve to better their situation but in that moment i feel so helpless	fear	fear
2231	i know the feel of her losing control against me and trusting me to catch her when she comes apart	happy	happy
2232	i or lambrusco but the quality is so much higher than a lot of those wines that i feel this is a smart buy for those who like a little sweet and a little bubbly	happy	happy
2233	im happy to have this in my kitchen but it feels like someone rushed this out and cut corners	anger	anger
2234	i woke up even more tired than the night before and feeling groggy	sadness	sadness
2235	im feeling brave today so here goes	happy	happy
2236	i am grateful for every single thing i have maybe then ill start feeling dismayed when i don t have more	sadness	sadness
2237	one night	happy	fear
2238	i feel totally comfortable without being wealthy and like the feeling to work hardly and a long time for every single wish in my mind that i want to become true	happy	happy
2239	i love tall guys they make me feel so little and innocent however innocent was the last thing that i was that night	happy	happy
2240	i hope i did not make you feel greedy o shit i hope i did not make you feel greedy or whore like sniiiiifff honey i was just trying to make you feel loved and happy	anger	anger
2241	i know in advance then i am fine with it but if i make plans and they change or fall through i end up not knowing what to do with myself and feeling very restless and angsty	fear	fear
2242	i feel very honoured and look forward to taking up the challenge	happy	happy
2243	i was thinking about going out to dinner but im feeling like i might not be bothered too	anger	anger
2244	A grief-stricken Mr Ellis said yesterday : ` It 's a nightmar	sadness	anger
2245	i feel the corners of my mouth curl into a triumphant grin	happy	happy
2246	i typically respond when i feel offended	anger	anger
2247	i feel so comfortable around him	happy	happy
2248	` Let me in for I am cold and desolate and hungry 	sadness	anger
2249	i will not consider homeschooling unless i feel we have exhausted every other option if i homeschool it will be temporary and my children will participate in non homeschooling activities as much as possible	sadness	sadness
2250	i feel very uncomfortable around people with down syndrome	fear	fear
2251	i feel pretty insecure about my current relationship	fear	fear
2252	i feel insulted by this that he doesnt even respect me enough to let me know hes not coming not until i indicated i was going to bed	anger	anger
2253	ive moved to northern saskatchewan i feel truly victimized	sadness	sadness
2254	i feel all messy	sadness	sadness
2255	i spent much of the morning feeling like an impostor or a visitor in someone elses life and uncertain what if anything i should do next	fear	fear
2256	i understand that chronically living makes some healthy people feel threatened or afraid	fear	fear
2257	i havent exactly gone for a spin around the block yet since id feel strange strapping in a teddy bear in place of a baby but it looks nice and sturdy and like it will do the trick	fear	fear
2258	i tried adding in any other type of cheese and we re talking small quantities i was right back to feeling shitty	sadness	sadness
2259	i cant shake the im hiding how i feel about myself beneath a fab jacket vibe and this style doesnt mesh well with most of the clothes i wear	happy	happy
2260	Anyone could have typed that message and his initial , she realised with dism	fear	fear
2261	` I 'm not particularly worried if players do n't score , but you just ca n't stroll arou	fear	sadness
2262	i feel greedy about wanting to see this film series continue	anger	anger
2263	im feeling shades of foolish	sadness	sadness
2264	im feeling agitated and pour more brandy on my coffee	fear	fear
2265	i feel hurt and i decide not to say that i am hurt but instead make up a story that takes the other person off the hook for being rude mean or unkind to me	sadness	anger
2266	i feel assured that it was the right answer	happy	happy
2267	i arabia indigenous believers in christ often feel isolated and alone	sadness	sadness
2268	im feeling reluctant to change anything because it is all working so well	fear	fear
2269	i like the kickoffs to borrow an expression from an englishman i know because i don t feel rushed in the morning	anger	anger
2270	i don t like feeling that my family damaged me in some way even though they didn t mean it	sadness	sadness
2271	i love your cuddles they make me feel safe and protected	happy	happy
2272	i am feeling a lil bit gloomy	sadness	sadness
2273	im so excited but feeling scared too	fear	fear
2274	Her voice shook , her face was white with anguis	sadness	happy
2275	i have ten years behind me now of painting professionally and i finally feel really confident now	happy	happy
2276	i see what being unhealthy does and i can feel the weight that i ve gained back and i am pissed that i let some of it creep back on	anger	anger
2277	i am feeling rather bitter and rather defeated over a multitude of subjects but lets talk about the main one	anger	anger
2278	i just feel so helpless i know deke s going to die and i can t do a fuckin thing about it	fear	fear
2279	i went to bed feeling lousy	sadness	sadness
2280	i feel about gift cards they re after thoughts and rude	anger	anger
2281	i usually increase the font and maybe if i am feeling brave change to a non standard font style	happy	happy
2282	i diss a bag only when i m feeling grouchy because of the lack of any inspiration whatsoever when it comes to fug bags but today i m not grouchy and it still sets me of which means this is a big deal	anger	anger
2283	i understood somewhere in my heart his feeling of decite and abandonment of all hope for ever trusting me again	happy	happy
2284	i am feeling low i turn to flowers	sadness	sadness
2285	i start to lose that sense of independence in that i feel a lot more hesitant to do things	fear	fear
2286	i feel like i should go for a run to expend all this idiotic energy but iv decided to do some homework now instead and store the energy for a social event im going to this evening	sadness	sadness
2287	im typing all of these im blowing my nose and feeling extremely cranky	anger	anger
2288	i forget that im supposed to be sad about being single or stressed about work and just smile and feel peaceful	happy	happy
2289	i woke up feeling incredibly content amp optimistic today however i woke up with a terrible cold and a complete lack of energy	happy	happy
2290	im beginning to feel isolated in the work place but i dont attribute blame to anyone or anything	sadness	sadness
2291	im re reading that sentence and feeling foolish	sadness	sadness
2292	i think about myself personally when it comes to investing i feel like i would fall into the investment category of getting greedy i think id invest into a bombing market like coca cola in the s	anger	anger
2293	i feel like i just wanna buy any cute make up i see online or even the one	happy	happy
2294	i am pleased that only pgce qualified teachers can work here it makes the effort expense to gain mine feel worthwhile	happy	happy
2295	i feel that disdain from him when i acted as if id been wronged by him	anger	anger
2296	ive been feeling low when i get home so i eat to fill my time and the hole in my heart	sadness	sadness
2297	i feel its rude to say he is better than all the other men	anger	anger
2298	The elite were offended , but the common people loved	anger	anger
2299	im feeling scared and the rage filled im mad at me	fear	fear
2300	i have to admit i feel a little hesitant about embedding a music video below in this case	fear	fear
2301	i feel extremely alone and isolated but the thing is is that nothing could be further from the truth	sadness	sadness
2302	i feel that they are vulnerable in the coming election given their performance	fear	fear
2303	i have been sitting at home revising today and all in all feeling quite stressed	anger	anger
2304	i feel very socially anxious around these ladies	fear	fear
2305	i did a sketch of mikala and started working on panel four but im feeling particularly drained tonight	sadness	sadness
2306	i feel greatly humiliated by the beauty of everything	sadness	sadness
2307	im feeling quite distressed about the amount of horses whose jaws are jammed shut with what i consider to be excessive nosebands along with a considerable amount of metal in their mouths	fear	fear
2308	` When we came to tell you that the service was postponed you were in a very agitated state -- but then it was difficult to persuade you to leave off playing	fear	fear
2309	i know im feeling agitated as it is from a side effect of the too high dose	fear	fear
2310	i really feel like i am very eager to destroy someones life and yet i always want to help everyone around me	happy	happy
2311	You could n't simply ignore the fact that he had sentenced you to death , but it was important to let him know that you were n't rattl	fear	happy
2312	when junior doctors returned to work after bunking them	anger	fear
2313	i really like in choir the people who i feel are really friends in choir who are sincere to me are not going for the trip and i feel really lost	happy	happy
2314	i still cognize that disregarding of how i feel this jesus thing is real and he has shaken my cosmos for the last about yearses	fear	fear
2315	i feel offended used and disgusted	anger	anger
2316	i just have to close my eyes and feel that sweet gentle ache and i know	happy	happy
2317	i know my best friend thinks i m a legend xd she tells me i m hilarious and a badass when most of the time i feel like a wimpy dork	fear	fear
2318	i have been feeling listless and loopy	sadness	sadness
2319	i did alright in class but a combination of feeling unsuccessful being man handled the stress of late and my horrible week resulted in my almost crying after i finished grappling	sadness	sadness
2320	i regret it because i feel shitty that i cant enjoy things if im alone i ended up seeing my brother afterwards who was in baltimore with his new girlfriend and wanted to see me as well as introduce me to her	sadness	sadness
2321	i feel all greedy	anger	anger
2322	i think it affects me so much because it results back to one of my biggest flaws which is not feeling enough pretty enough smart enough you name it	happy	happy
2323	When she was ecstatic , and she was often ecstatic , ecstasy flew from her face like the sun from a mir	happy	happy
2324	i feel glad to be able to help others through compassion and listening gifts the lord def gave me	happy	happy
2325	i need to move past the grief and maybe even feel angry	anger	anger
2326	i still feel mentally in the game but a string of unfortunate events most i haven t written about had me sitting on the sidelines temporarily	sadness	sadness
2327	i usually love being home im starting to feel anxious about all of this	fear	fear
2328	i feel rushed i make poor food choices and start to slide back towards bad habits	anger	anger
2329	i dont like the way i feel when i am angry	anger	anger
2330	i came up with the following i m drawing a blank as to what this is called to help me when i am feeling fearful or attacked	fear	fear
2331	in certain occasion i have a fight with my boyfriend during the fight i closed the door at his face he went away but came back next day	anger	happy
2332	im feeling hesitant to put much else into words	fear	fear
2333	i had been feeling was all my fault that i had wronged her and caused her to abandon me	anger	anger
2334	i feel like im gonna be so greedy with him cuz i just love him so much	anger	anger
2335	i have come to understand that feelings are neither positive nor negative	happy	happy
2336	i wont do it anymore i wont allow myself to be stressed and feeling rushed and like its all a race to be better and one up	anger	anger
2337	i have crossed over and i am on safe footing yet still feel this way fearful for the unknown shaky uncertain	fear	fear
2338	i reply i do my best to reply to questions but feel free to contact me via twitter isobelmeg xx	happy	happy
2339	Almost every month it seems as though some sad parent on the local news is bemoaning the loss of their teenager who died in this wa	sadness	sadness
2340	In a low , resentful voice , Cullam said , ` I was s	anger	anger
2341	i feel like i m being tortured for government secrets i don t know anything	anger	anger
2342	i can write as many entries as humanly possible in one day and still feeling dissatisfied that i write everything i wanted to the fact that i complain all the time about being lonely	anger	anger
2343	i feel and yet your still hesitant to tell me	fear	fear
2344	i feel like a lot of people are intimidated by false lashes because it seems like a largely unnecessary process during your makeup routine	fear	fear
2345	i feel like i need to be some tortured soul in order to create words or whatever	fear	anger
2346	i hate missing practice because i feel like the reps in practice are vital to your performance on sunday	happy	happy
2347	i feel the determined nudge of the holy spirit to end my slumber and self love	happy	happy
2348	i hate feeling so fucked up all the time because of this	anger	anger
2349	i left feeling helpless and more than a little sad	fear	sadness
2350	i miss how safe and comfortable he made me feel and how vulnerable i was able to be with him because i knew he loved me	fear	fear
2351	i am a quiet person but what i have to say i feel is important	happy	happy
2352	i know is sounds a tad silly but its a lovely feeling capturing moments and im just glad some people like them too	happy	happy
2353	i feel most inspired when i experience some sort of heightened situation	happy	happy
2354	i feel that i have to justify this behavior to you my faithful blog reader	happy	happy
2355	i still think it is worth posting here as a reminder for the next time i feel anxious	fear	fear
2356	i love this little boy and sometimes i feel how inadequate i am as a parent to him	sadness	sadness
2357	im feeling very uncomfortable which isnt helping im sure	fear	fear
2358	i don t feel the least bit unwelcome in my party and my views are not uncommon	sadness	sadness
2359	i decide that picking the easy route would get me nowhere and i feel like other people want me tortured so i follow the blue path	fear	anger
2360	i have to actually tell myself to breathe breathe breathe in and out when i feel absolutely terrified because i know i can t just go home that the life i missed isn t there anymore	fear	fear
2361	i hate seeing people hate one each other and like everyone i cant stand feeling hated on	sadness	anger
2362	im sore and feeling very unsure of how in the world i will go more miles in weeks	fear	fear
2363	ive been resting and feeling generally unpleasant and queasy but in that frustrating background way where you dont feel right but cant place an exact cause	sadness	sadness
2364	i thought i wont be affected by how youre thinking feeling but the petty side of you digust me	anger	anger
2365	i tend not to want to cook if i feel grumpy or tired or just stressed	anger	anger
2366	i feel like there is no way out being humiliated by asa a guy i was obssessed about who played an embarrassing joke on me getting caught by tabbys wife tabby is a lover i once had who was married and i blindly fell in love with him	sadness	sadness
2367	i have had some very emotional nights of crying feeling unsure and angry	fear	fear
2368	i have my lowest level class first which is definitely the most difficult to manage with the hotshot boys men then my best class very last period which leaves me feeling somewhat useful at the end of each day	happy	happy
2369	i want other sufferers to be able to find me in the hope that my battle can help them to feel that they are not alone	sadness	sadness
2370	i feel bitchy today its as if today i realized that i couldnt count on any of my friends anymore	anger	anger
2371	i lay reading by headlamp and feeling the tent shaken as if by a giant hand	fear	fear
2372	i feel vaguely frustrated with the extent that thoughts about cycling invade the space in my mind	anger	anger
2373	ive had a few moments the past couple of days were i feel so restless like i need to be moving around constantly	fear	fear
2374	i wake up feeling exhausted as if the running and hiding had been real	sadness	sadness
2375	im feeling so goddamn pissed and just	anger	anger
2376	He 'll be cross , but I 'll	anger	anger
2377	i feel like i am doomed to spend the rest of my life in customer service i	sadness	sadness
2378	i feel like its become socially acceptable to allow traditional views to be threw under the bus without a fight because youll offend someone if you stand up	happy	happy
2379	i was in seoul i could help but feel jealous	anger	anger
2380	i feel its my job to give you perspective to at least attempt to provide context as to why seemingly intelligent folk say such unimaginable things	happy	happy
2381	i have this kind of life so my girlfriend would feel very lonely for sure	sadness	sadness
2382	i found myself looking at the clock and starting to feel irritated	anger	anger
2383	i was feeling out of sorts anxious not sure what to do with myself	fear	fear
2384	one afternoon	fear	sadness
2385	Cranston , too , was thinking about events in the Tower but was too anxious to concentrate on the problems they pos	fear	fear
2386	i feel like an idiot for looking a bunch of keys that weren t there and i m getting frantic about nick not letting me in for forgetting my keys	fear	fear
2387	i only feel irritated by it	anger	anger
2388	ive spent years feeling resentful and trying to curb that feeling of resentment	anger	anger
2389	i started off feeling rather cranky and grumpy and ultimately ordinary then there was a little facebook flash from my cousin in west meath and suddenly we were pinging bad jokes and naughty stories about rudolph valentino performing unspeakable acts back and forth and it felt like a party	anger	anger
2390	i feel tortured every moment and theres nowhere i can go to get away from it or to get back to what i was used to	anger	anger
2391	i am feeling discouraged it is	sadness	sadness
2392	i mean already as a parent from the moment the iolani left my body i can tell you i feel like im constantly fearful for something horrible happening to her thats out of my control	fear	fear
2393	i feel like its important to vote on all of the local stuff	happy	happy
2394	i was feeling emotional i sat backstage during the two hour play and ate	sadness	sadness
2395	But the parting has brought some sweet sorrow to her and her landlor	sadness	happy
2396	i feel i have a lot of strong points concerning the economy unemployment debt and other options	happy	happy
2397	im going to be after the birth of this baby feels shaky	fear	fear
2398	i think i have made it known how i feel about cold weather we are not friends i am ready for winter to be finished please please be finished	anger	anger
2399	i feel pressured to say something	fear	fear
2400	i bought into what the world had told me would fill this emptiness but all it did was leave me lonely feeling confused at the emotional baggage and physical consequences i never expected	fear	fear
2401	i was intensely conscious of how much cash i had left in my gas and food envelope and i still have what i intended to save for next week which helps me not feel so stressed and scared	anger	anger
2402	ive been feeling incredibly inadequate more so than usual and its gotten to a point where i almost feel paralyzed by it	sadness	sadness
2403	i am reliving all of the feelings of being rejected less than and not good enough from years ago	sadness	sadness
2404	i consulted my aunt a doctor partially because i wanted counsel without copay but mostly because i had a feeling my doctors would be skeptical	fear	fear
2405	i am feeling so much love for my own mother and appreciative of all that she has done for me	happy	happy
2406	i like to pull out when i ever i feel like being snobbish about my musical tastes	anger	anger
2407	i know first hand and all too well those feelings of pain hurt embarrassment and even shame over self image body shape physical features weight etc because of what i have let my body become	sadness	sadness
2408	i like to finish on a positive note that whenever i feel a bit fearful or down i can just remember something nice about me and rich and it cheers me up	fear	fear
2409	i feel but distressed is sufficient	fear	fear
2410	i do not want to feel regretful because i did not stop you from smoking before so much damage was done	sadness	sadness
2411	Gabriel forgot his own sadness when he saw the bitterness and deep despair on the farmer 's fac	sadness	sadness
2412	A group of thirty or forty downcast men stood apart in the canter of thin ring , their heads and arms hanging slack in attitudes of despai	sadness	sadness
2413	ive been saying things for a number of days that i feel may be too optimistic	happy	happy
2414	i feel a little intimidated	fear	fear
2415	One of the three khthons began to hum a sorrowful melod	sadness	sadness
2416	i havent written in awhile and it feels terrific to scribble stuff down in a notebook from time to time	happy	happy
2417	im feeling envious of my pregant co workers	anger	anger
2418	im feeling very petty right now	anger	anger
2419	i vocalize my pain and hurt about how i feel like an outsider to others and they tell me its because they just dont think about me or that they never see me and then on the other hand to be told im faithful at what ive committed to in service and coming to everything	happy	happy
2420	i feel really angry sometimes because for the love of god havent we been through enough	anger	anger
2421	i don t know if i have told this to you but i feel intimidated by how smart you are	fear	fear
2422	i feel it more when i see you not bothered	anger	anger
2423	i basically have a gut feeling of whether i think that person is genuinely sincere or not	happy	happy
2424	ive worked really hard all year to try to make each child in the class feel like they are valued	happy	happy
2425	i do not see but could feel that she is someone i am very reluctant to let go	fear	fear
2426	i woke up feeling groggy and grumpy and like the last thing i wanted to do was make dinner	sadness	anger
2427	i sound feeling ballroom cd rel nofollow target blank va prandi sound feeling ballroom cd	sadness	sadness
2428	i feel like i have an uncomfortable limit	fear	fear
2429	ive had that vomity shocked feeling from jealousy before and its not something you want to keep feeling and its definitely something you want to get resolved as soon as possible	happy	happy
2430	i knew that if we werent giving thanks its because i wasnt feeling very thankful either	happy	happy
2431	i say that to myself when i am unsure or feeling insecure about what others think of me	fear	fear
2432	i feel that because pencil skirts are so elegant they look their best paired simply with minimal colours to complement the chic structured design	happy	happy
2433	i feel it s a bit of a from how i was dressing in summer with mostly jeremy scott murua amp glad news	happy	happy
2434	i feel that spitting on somebody is the most vicious kind of disrespect that you can do he said	anger	sadness
2435	i never draw on both sides of the pages and like to know i can add to drawings when i feel like it rather than feeling pressured that they have to be finished all in one go	fear	fear
2436	i kind of struggled with it though and didnt feel like it was super powerful	happy	happy
2437	i feel somehow regretful	sadness	sadness
2438	One woman , who already had a job and a busy life of her own , was surprised to find how sad she felt when her children left home in quick successio	sadness	sadness
2439	i type i feel bouncy and excited to get out my ideas	happy	happy
2440	i feel horrible for people whose babies accidentally suffocate from blankets and stuff because the guilt must be terrible but in a case like that it was avoidable so its more frustrating than anything	sadness	sadness
2441	i just feel extremely comfortable with the group of people that i dont even need to hide myself	happy	happy
2442	i feel so awful she said	sadness	sadness
2443	i suppose i was moping in my own misery feeling extremely agitated by a lot of people	fear	fear
2444	i will probably do but for some reason i feel a bit agitated by it all	fear	fear
2445	im feeling a bit shaken but not stirred nice bond reference ehh	fear	fear
2446	i was feeling that we had two too many as it was but oh well	happy	sadness
2447	i am feeling pretty homesick this weekend	sadness	sadness
2448	im feeling abit grouchy with kim	anger	anger
2449	i feel an important experience for short term mission groups	happy	happy
2450	i was afraid of feeling helpless	sadness	fear
2451	i am feeling lost for not being on a regimented strength program	sadness	sadness
2452	im good at hiding my true feelings or blurting them out in sarcastic tones	anger	anger
2453	i just remember getting in the car and my body feeling really lame	sadness	sadness
2454	i feel i cant breathe at times but its the cute nervous where you know this person is the one you should be with because you dont feel it with anyone else	happy	fear
2455	i was a smoker for years and quit weeks ago right after i finished your book and i cant believe how free i feel i knew that i had to quit but i was terrified of my life without cigarettes	fear	fear
2456	i will reach out to you when i am feeling uncertain and needing the support or the slap upside the head that i know you can provide me	fear	fear
2457	im feeling quite lonely here now and its only monday of half term	sadness	sadness
2458	i wont go on about the anxieties i am feeling about this is being as neurotic as me about this	fear	fear
2459	ill just say it i feel horrible about my body	sadness	sadness
2460	i arrived at the monastery one week later i was feeling terrified	fear	fear
2461	i do give up at times when i feel there s no point in a friendship when one cant be bothered	anger	anger
2462	i got a feeling give it up i got a feeling get away becuz i m cuz i m dangerous oh i m a badman ah	anger	anger
2463	i feel like waiting for you to be online and you didnt makes me furious	anger	anger
2464	i feel rewarded and useful and valuable anyway	happy	happy
2465	as in sadness a	anger	sadness
2466	i end up feeling exhausted for all the rest of the day	sadness	sadness
2467	"` Ma , "" he said in a tentative tone of voice , his face going slowly pink with the strain of trying to communicate with his despondent paren"	sadness	sadness
2468	i have been walking around feeling pissed off at the world lately	anger	anger
2469	i feel very low already	sadness	sadness
2470	i feel a bit relieved	happy	happy
2471	i feel thrilled that i actually got to see this marvelous home	happy	happy
2472	i feel like im facing alone my love hes gone	sadness	sadness
2473	i feel im not sure if ill do this again or not	happy	happy
2474	i can t take medication because its triggering i have to be really at the point of i can t stand what i m feeling anymore just so i can get past that barrier but medicine has me afraid of vomiting	fear	fear
2475	i sometimes have urges to just freak out because i feel so bothered and usually nothing has caused me to feel bothered or irritated i scratch my arms when i m mad	anger	anger
2476	i dont know whats wrong with me i try studying but i just feel like im fluffing around and getting distracted all the time	anger	anger
2477	i won t get into making excuses for the man he s a big boy and can do that for himself and his staff i walked away from red rooster feeling dissatisfied underwhelmed and confused	anger	anger
2478	i am talking purely about feeling here but i just didnt feel that emotional when the boy was killed	sadness	sadness
2479	im sure there are situations when this happens with the older crowd i feel its dangerous to do online dating when youre young	anger	anger
2480	i was feeling quite impatient and must have hit the ad because thats when my internet died and vista virus pro started to bother me	anger	anger
2481	i woke up the morning of our hike feeling jubilant	happy	happy
2482	i feel agitated and jumpy and like i just ate a bottle of caffeine pills	fear	anger
2483	im feeling a little vulnerable	fear	fear
2484	i feel the cool night air against my face	happy	happy
2485	i hear about a teenaged girl devastated by the pimple on her face the morning of prom i feel devastated for her	sadness	sadness
2486	i still feel violent but my ideas of torturing are far more tame than they were yesterday	anger	anger
2487	i feel amused and kind of tired still in the morning i	happy	happy
2488	i just feel like being selfish and really live my life	anger	anger
2489	i am just feeling a little irritable because mun was part fun part stressful part uncomfortable making and part horrible but regardless record being set straight now	anger	anger
2490	i became more dismayed as i studied what people were wearing and started feeling like though some of the outfits were gorgeous they were bought that way	happy	sadness
2491	i also feel a little selfish when i get excited about hitting it off with our friends friends because it makes me feel victorious in our choices	anger	anger
2492	There were dry gingers and tonics prepared for the whiskies and gins which everyone hoped would drown the star 's sorrow	sadness	sadness
2493	i just know to begin with i am going to feel shy about it	fear	fear
2494	i feel shaken and scared	fear	fear
2495	i feel very confident that its a good one	happy	happy
2496	i just love the feeling of something warmly hugging you and feeling so precious and small precious to someone something	happy	happy
2497	im sitting outside mildly determined to just write what i feel its gorgeous outside even if the bugs are buzzing around	happy	happy
2498	id fancy or feel particularly delicious about either	happy	happy
2499	i am feeling rather thrilled	happy	happy
2500	i started to question whether or not i was on course because i was feeling that confused	fear	fear
2501	i feel more sociable these days	happy	happy
2502	i feel unprotected a class post count link href http reprogramming in process	sadness	fear
2503	i feel and however tragic their situation that s no reason to increase the wage	sadness	sadness
2504	i sobbed and cried to him feeling quite vulnerable and he did nothing said nothing	fear	fear
2505	i don t feel like i m a valuable person	happy	happy
2506	i wouldnt have beared witness to the incredibly well spoken bouncer making an emo kid feel completely unwelcome	sadness	sadness
2507	i left that meeting feeling helpless and betrayed by the very laws that are supposed to protect me and other people in this state	fear	fear
2508	i went to him personally and started talking about the way i feel and why i broke it off with him	sadness	sadness
2509	when reading a newspaper story of a man who had committed incestuous acts on his twoyear old child the thought that anyone could do such a thing is abhorrent to me	anger	anger
2510	i am not comfortable with are the individuals who feel that the newcomers should throw away what they have valued back in their home country and abide by whats deemed as normal here	happy	happy
2511	i decided that this one lesson i had had was enough practise for me so its fair to say i was feeling slightly apprehensive walking over to the nursery slopes	fear	fear
2512	I was so desolate about Chi	sadness	sadness
2513	im feeling rather nervous	fear	fear
2514	i just feel more resentful and tell myself it was better if i did not share with him	anger	anger
2515	i love him but i feel threatened with him around a little	fear	fear
2516	i did not feel any passionate joy	happy	happy
2517	i feel is most important and an issue often glossed over in education and clinical training is the mental health of the therapist	happy	happy
2518	i love those kiddos and yet am left feeling so helpless	sadness	fear
2519	i really shut myself off a lot at the end of my pregnancy when i was feeling even more irritable and anxious so maybe now i need to bounce back from that and get back to normal again	anger	anger
2520	i am feeling reassured by this a wave of missing hits	happy	happy
2521	i feel completely groggy this morning	sadness	sadness
2522	i was just feeling so annoyed about everything	anger	anger
2523	i know everyone if anyone who reads this feels skeptical to try beachbody	fear	fear
2524	i was feeling somewhat irritable through the whole thing	anger	anger
2525	i feel as a person and a politician i cannot allow dogs to run around on our streets that are more dangerous than others	anger	anger
2526	i do my best but it feels uncomfortable	fear	fear
2527	i get the feeling that people have died it s bothered me so much that in the past i ve cried my hair must look perfect whatever the weather all of this anxiety brings me to the end of my tether	anger	anger
2528	i also tell you in hopes that anyone who is still feeling stigmatized or ashamed of their mental health issues will let go of the stigma let go of the shame	sadness	sadness
2529	im feeling kind of melancholy and really want to go home and cuddle up with my boys	sadness	sadness
2530	i feel like an ungrateful ass	sadness	sadness
2531	im facing the consequences of my little fall yesterday all day and night yesterday i could feel every little muscle in my back slowly knotting up in protest at the unkind treatment they have received	anger	anger
2532	i struggling to find a common ground with not feeling deprived managing my stress and activity and living a healthy lifestyle	sadness	sadness
2533	Then she was silent , staring at him with horrified ey	fear	fear
2534	i don t know what it feels like to be in love so i m starting to get scared that i don t actually love him	fear	fear
2535	i feel so helpless right now	fear	fear
2536	i get the feeling hes pretty proud of his work	happy	happy
2537	i think and it feels a little weird	fear	fear
2538	i doubt theres any greater reluctance by federal authorities to employ tear gas and plain force if they feel threatened	fear	fear
2539	i feel helpless because i cannot stop it	fear	fear
2540	i would watch him and feel frustrated he didn t realize that fifteen feet away was the ocean the freaking wave crashing covering the majority of the earth ocean	anger	anger
2541	i just don t understand the betrayal the lying the hiding and the making me feel like crap with comments of you re paranoid	fear	fear
2542	i was transferred to the operating bed i began to feel a little apprehensive	fear	fear
2543	i even feel punished lately it s really not like that	sadness	sadness
2544	i feel hopeless because i know i can t control other people s desire to want to know me the way my soul burns to know them	sadness	sadness
2545	i was thinking that i might be ready but was feeling unsure of my assessment	fear	fear
2546	i feel bad saying that and like its just an excuse or something	sadness	sadness
2547	He sifted , somewhat peeved , through the remaining unopened m	anger	sadness
2548	i mean i feel even more disgusted at myself after ive moved here when im usually just disgusted at the human race in general something like that	anger	anger
2549	i feel like normally i would be angry because thats what i actually think that i could never be beautiful at my size	anger	anger
2550	i feel it is of vital importance and stress we show love towards one another and genuine love please people otherwise feel free to go cold on me i do not like being misled	happy	happy
2551	i have a very difficult time allowing people to do nice things for me without feeling either insulted or like i m in their debt	anger	anger
2552	i really feel so vunerable and frightened	fear	fear
2553	i feel you are very charming but do the other people feel very terrible	happy	happy
2554	i want to stop taking it one day but also feel terrified that lots of feelings of anxiety panic will come flooding back	fear	fear
2555	i can honestly say that after each sistahs chat i feel invigorated and blessed	happy	happy
2556	i feel like a mollusk repeatedly beaten with a wet cloth and stabbed times in the back just for the sake of it	sadness	sadness
2557	i almost feel intimidated by the attempt to describe it	fear	fear
2558	i feel at the end of a run isn t because i broke a personal record or enjoyed the fog rising over the boardwalk during sunrise it s the sense of accomplishment knowing i beat my mind	sadness	sadness
2559	i do exercise i feel energetic and i am able to perform my other tasks in a very good manner	happy	happy
2560	"This last may be a source of considerable disquiet and one might not at first see how such obviously ` immoral "" content could be defended as part of a system of morali"	fear	fear
2561	i ask to know things and then everything changes and then i feel a bit shaky as i try to keep up with my own leading edge and the huge amount of change i m invited to allow as i come into alignment with and catch up with me	fear	fear
2562	i might do so simply because i couldnt keep my mouth shut makes me feel terrible	sadness	sadness
2563	i didn t feel like she was shy so much as taking it all in as her mother has described her	fear	fear
2564	i am feeling mellow excited about it partly because i know annie will churn all kinds of emotions inside of me esp	happy	happy
2565	i feel like im too frickin uptight to let loose enough to love anyone else or more importantly myself	fear	fear
2566	She jumped up , frowning in dism	fear	fear
2567	i get the feeling that after today and yesterday ive gained back every pound ive lost	sadness	sadness
2568	This did the trick : the boys now have a more distant friendship and David is much happ	happy	happy
2569	i want to feel emotions other than sorrowful ones without the help of drugs	sadness	sadness
2570	i have no idea what to do i have no idea how to help him and i m feeling pretty damn useless right now	sadness	sadness
2571	i will remember you as someone who i could feel so comfortable around	happy	happy
2572	i can feel like crap and be safe	happy	happy
2573	im really feeling good	happy	happy
2574	i didn t feel intimidated or overwhelmed with information though	fear	fear
2575	The priest became agitat	fear	fear
2576	im starting to feel overwhelmed again when it comes to the research for this book	fear	fear
2577	i know if i do ill get guilted about making her feel unwelcome	sadness	sadness
2578	i hate feeling like this im always getting mad for no reason feeling lonely	anger	anger
2579	To the dismay of German suppliers , Mr Lopez is also eager to share this advice with foreign competito	fear	fear
2580	i can feel that they are kind friendly and can understand my feelings	happy	happy
2581	i really have much of a clue how my ex actually feels or felt about anything really except that he hated it when i didnt screw the lids back on jars in the kitchen	anger	anger
2582	i feeling soo agitated	fear	fear
2583	i left the office feeling discouraged	sadness	sadness
2584	i know it meant that i will get ignored more and that i will have that feeling more still i did keeping all the sadness and all the ignored feeling	sadness	sadness
2585	i dream of jeannie i could still feel the violent grip of his hands on my shoulders	anger	anger
2586	i supposed to feel about a persom that i was wickdly in love with for so long for me who tells me that he will not see me when hes got a girlfriend because he can not be faithful to her if im around	happy	happy
2587	i feel honoured to have readers who understand and will incorporate it into their sport	happy	happy
2588	im not feeling well a href http	happy	happy
2589	Miss Worthington often felt it would have been an unendurable sorrow to her parents if they had lived to witness the extent of the deterioratio	sadness	sadness
2590	i had finally had enough of feeling defeated by myself	sadness	sadness
2591	i feel more shy in swedish	fear	fear
2592	i come out of that fight feeling whipped and saddened and hated for who i am and i have to put on my big girl panties and pretend hey everything s fine even though we re pissy at each other	sadness	anger
2593	People waiting for trains watched in horror as the violence spread towards the Festi Ha	fear	fear
2594	i feel super awkward and out of place right now	happy	sadness
2595	i remember feeling how my husband felt when i would see people being rude to my mom and mom just being her sweet self to them	anger	anger
2596	i feel so uptight and tense	fear	fear
2597	i get the feeling she doesnt really want to talk to me now so im hesitant on what to do from now on	fear	fear
2598	i feel so empty while i m turning your corpse inside out like something broken never actually alive but now you re ended one more for my collection	sadness	sadness
2599	i feel my morals are being seriously assaulted and comprimised	fear	fear
2600	i dont know who wrote the following little note but this is how i feel today if u r offended by the following posting then you obviously have not lived long enough to be compromised on how you act or believe	anger	anger
2601	i know is that i feel fantastic	happy	happy
2602	The poem interlocks the narrative description with Mariana 's own sorrowful moan	sadness	sadness
2603	i do feel proud and happy and also very grateful to all who read me	happy	happy
2604	i was battling the desire to move away from her not wanting to be rude but seriously feeling disturbed by her nearness	sadness	anger
2605	i feel the vile rising in my throat flipping up the lid on the toilet to let it out	anger	anger
2606	im feeling rather inspired yet low i will enjoy my writing and even though i may be writing about morbid things i will find a way to make it interesting to read	happy	happy
2607	i was up early today to vote before the lines got too long and i didnt have that feeling at all but i was uncomfortable for another reason	fear	fear
2608	i stopped writing because people stopped noticing me i was feel like i was ignored so why to write but now i feel i write for myself not for people why should i want be noticeable	sadness	sadness
2609	i do love the idea of having slave brothers but not at expense that i feel ignored lonely and frustrated and so depressed	sadness	sadness
2610	Applause rang out , and she twirled around to acknowledge it in demure delight , clapping the barman -- and then being crushed against the ample bosom of the barman 's w	happy	fear
2611	im feeling a little groggy with a mild headache after a non wild and crazy evening	sadness	sadness
2612	i do feel insecure because if there was a way to examine boyfriends he d be exempted	fear	fear
2613	i got a feeling that it was rushed to	anger	anger
2614	i feel more inhibited to practice during public sessions compared to the lessons but any ice time is good ice time	sadness	sadness
2615	i feel like i should be listening to chinesepod and working on my mandarin but what i really want to listen to is the savage love podcast or car talk	anger	anger
2616	i really feel quite honoured to represent my country	happy	happy
2617	i am still undeniably big having that weight gone feels pretty terrific	happy	happy
2618	i had the feeling stubborn and ridiculous and possibly several more colourful turns of phrase as the children were all still asleep were on the tip of her tongue but she settled for heaving a sigh and turning to leave	anger	anger
2619	i feel tortured	anger	anger
2620	i do at times feel a bit strange with my mom ushering her about as though shes her traumatic brain injury is really doing a toll on her mental and physical capacities	fear	fear
2621	i have been trying to come to terms with my own emotionally damaged thinking but now i almost feel convinced that my thoughts are full of validity	happy	happy
2622	i feel almost embarrassed to be writing its been so long since i have	sadness	sadness
2623	i thought i would feel apprehensive about it i was surprisingly comfortable while he was gone	fear	fear
2624	i can say my body doesnt feel deprived because it isnt being deprived of nutrition	sadness	sadness
2625	im not really terrified of childbirth this time around and even though i know no matter what unexpectedly pops up you really can survive it and even though the author of my baby planner would be beaming with pride that i followed her instructions to the letter im still feeling a bit uncertain	fear	fear
2626	i am feeling so honoured to be a	happy	happy
2627	i told him that maybe i just need time to think how ive been feeling indecisive about things lately	fear	fear
2628	i feel pressured at times to succumb to fear and insecurities but thankfully i am still able to hold it on my own	fear	fear
2629	i hope mine goes well again because at the moment i m unfortunately feeling a bit resentful with the aftermath of the holidays	anger	anger
2630	i feel and i dont need some dumb reason to legitimize or excuse the way im feeling	sadness	sadness
2631	i feel this game is so precious to everyone not only to the players	happy	happy
2632	i worry theyll feel rejected or take my chosen plans as an insult	sadness	sadness
2633	He was very frightened n	fear	fear
2634	i have been feeling very shaky and weak and light headed starting from yesterday and this morning when i woke up i couldn t breathe properly no matter how many deep breaths i took in i just felt there just wasn t enough oxygen going in	fear	fear
2635	i do know is this i have no desire to spend my life feeling discontent so i seek a solution to the problem	sadness	sadness
2636	i am afraid that once again i will feel hopeless and lose all of the peace that i gained after my last episode	sadness	sadness
2637	i am this thing i have these feelings and i m not afraid to express them and to stand up for what i believe in	fear	fear
2638	i had a quarrel with my parents i was convinced to be right	anger	happy
2639	i don t recall ever feeling carefree	happy	happy
2640	i am horrible about articulating my feelings particularly verbally sometimes i cant even remember incidents just that i was mad at something	anger	anger
2641	i feel twitchy and physically agitated	anger	fear
2642	i just feel too overwhelmed i can t see the forest for the trees as the saying goes	fear	fear
2643	There was considerable public disquiet anyway , but now that bugger Parkhurst has panicked the entire country , we are going to have to lie very low	fear	fear
2644	i have to say that when i received a gorgeous parcel of therapi skincare the beauty of the products absolutely took my breath away the lovely white glass packaging looks luxe but retains an apothecary feel perfect for an organic brand	happy	happy
2645	im feeling a bit greedy	anger	anger
2646	i suppose i m feeling a little sarcastic about today s holiday	anger	anger
2647	i feel like nothing i do will be successful against him and that helpless feeling is super sucky and counterproductive	happy	happy
2648	i feel it is not a talented precisely i need a tiger the tiger is a dance from the tiger	happy	happy
2649	i am planning for at the beginning of this year and feeling only a little smug about it	happy	happy
2650	i know is that i feel somewhat defective in the romance department	sadness	sadness
2651	i never have it feels insincere and a little nosy you get a hint that something might be wrong and want to jump in and get all the details	anger	happy
2652	i need to manage my spending money more wisely but im feeling uncertain and stressed as of late	fear	fear
2653	i will say that a little piece of me feels agitated when i watch discussions on race and there will i style color font family georgia serif font size px line height	fear	fear
2654	i think i am starting to feel jealous	anger	anger
2655	i felt sad and apprehensive and angry that i d had vertigo and that it had left me feeling uncertain	fear	fear
2656	i feel hated i feel like i dont belong and more and more i feel that i want to die	anger	anger
2657	i always feel like the life s been drained from me and that i ve been injected with some kind of venom	sadness	sadness
2658	Michelle did not raise her head from Tess 's shoulder and the resentful words were muff	anger	anger
2659	i feel like a stubborn year old	anger	anger
2660	i secretly well i guess not secretly anymore feel insecure about this but at the same time want them to learn how to come up with common ground by themselves	fear	fear
2661	i am new to this so feels kind of strange but i will push through it	fear	fear
2662	i stole a book from one of my all time favorite authors and now i feel like a rotten person	sadness	sadness
2663	i feel this effect backfires as the changes were distracting and solondz is talented enough to gain our sympathy sans gimmicks	happy	happy
2664	im also feeling more shaky in my confidence in my faith but at the same time i feel like im growing spiritually a lot and also growing a lot in my understanding of the world around me	fear	fear
2665	i need to listen to a song where i can be angry and feel accepted at the same time	happy	happy
2666	i personalities that can feel pain and suffering	sadness	sadness
2667	i feel so drained at the end of a novel because i try my very hardest to get something from it that will change and impact my life	sadness	sadness
2668	i can write about it in my journal or something i am good at keeping a secret from the world no it depresses me and although i feel idiotic happiuness is bliss i watch the news	sadness	sadness
2669	i feel how totally utterly trusting and reliant on me you are i cant bear the idea of ever not being here	happy	happy
2670	i feel listless but today was aiiiiighhhht	sadness	sadness
2671	i began feeling shaky my heart was sort of skipping around i felt like someone who had been drinking coffee all day long	fear	fear
2672	i was lured into the idea of the event with the promise of free champagne you know me and a brilliant talk by bestselling author kathy lette but left feeling genuinely inspired and empowered	happy	happy
2673	Despite the disquiet at the club this year , Mr Stringer still appears more relaxed and more in control than he did when he first took charge in that winter of 19	fear	fear
2674	i feel so paranoid and im really gonna cut down the hours and frequencies of me wearing contact lenses	fear	fear
2675	i feel getting or gifting a life time subscription is vital	happy	happy
2676	i feel the divine envelope me when i watch literally hundreds of faithful at mass in line for eucharist hundreds of people who include professors homeless bankers students rich poor mentally ill healthy conservatives liberals gay straight sweet rude arrogant kind	happy	anger
2677	when a very close friend with whom i have a very intimate and bodily relationship he had a girlfriend started to avoid me and didnt want to talk to me any more	anger	fear
2678	i spent my vacation from school feeling confused and heartbroken	fear	sadness
2679	im sorry i feel so uncertain about it	fear	fear
2680	i am feeling exceptionally brave and daring i may even make the corset	happy	happy
2681	i don t feel amazing or good afterwards then i m not pleased	happy	happy
2682	i feel eager to see the show sometimes i just cringe at the thought of watching it again	happy	happy
2683	i constantly feel these fits of discontent	sadness	sadness
2684	i sit six weeks into my sabbatical and i feel completely worthless	sadness	sadness
2685	i swear is releasing my neighbors inner crazy weve had cops called on our block like out of days this week im feeling inspired	happy	happy
2686	i feel the need to be out of the house and doing something worthwhile and productive but also i have a huge desire to curl up in my room and hide my existence from the world	happy	happy
2687	The poor frightened girl packed her things and ran out , saying she was going to Reno for a divor	fear	fear
2688	i feel lousy about how much i have to study	sadness	sadness
2689	i know what happened might still feel real feel dangerous but i don t plan on going anywhere any time soon	anger	anger
2690	i feel overwhelmed or a little blue usually around that time of the month but i manage those feelings well	fear	fear
2691	when my little sister was sick at home and i thought that she would die	fear	anger
2692	i feel so embarrassed of myself for even having the nerve to post them all up for everyone else to read	sadness	sadness
2693	i felt the sadness and remorse we are supposed to feel when we realize we have wronged someone corinthians	anger	anger
2694	i just wanted the world to feel strange to me again	fear	fear
2695	i do feel apprehensive and nervous at times about how i am performing with my modules	fear	fear
2696	i guess i should feel appreciative of that	happy	happy
2697	i entered the office though feeling the monday blues with a joyful and serene spirit dominating	happy	happy
2698	ive been feeling jealous lately of bloggers going off to author readings and book si	anger	anger
2699	ive been feeling distressed	fear	fear
2700	I understood that this was my mother 's wedding , and although I was necessary to it I was expected to do nothing but be there and appear conten	happy	fear
2701	i do this i feel lethargic uninspired and the next morning have a go at myself	sadness	sadness
2702	i feel like i am supporting households and i only get paid for hours per week	happy	happy
2703	One insider said last week : ` The sheer anger of people has taken everybody by surpr	anger	anger
2704	i feel very frustrated and very sad	anger	anger
2705	i came home feeling depressed	sadness	sadness
2706	i get of oz is the occassional viewings of home and away and even a bit of neighbours if im feeling really tragic	sadness	sadness
2707	im wanting you to look at me that it makes people feel ok to ask questions	happy	happy
2708	i feel the more im convinced that i dont want to let this go	happy	happy
2709	i don t feel brave though	happy	happy
2710	i think you would all agree that feeling your toes and fingers go numb is perhaps one of the most unpleasant feelings ever	sadness	sadness
2711	i run into feel useless i understand that but not because of my retirement it is because my daily struggle overwhelms me often	sadness	sadness
2712	i feel like someone s strange uncle trying to break the ice at a party by showing this amazing talent thinking that guests will be impressed but in turn just made everything a hundred times more awkward	fear	fear
2713	In icy tones , the offended bureaucrat replied : ` For future reference , you will call me Mr Hooton , not Richar	anger	anger
2714	ive written that blog post and i am feeling even more energetic	happy	happy
2715	i try to hold my tongue try to see it from his point of view but inside i am feeling agitated and irritable about all this pressure to please him when i cannot seem to get my own self in order	fear	anger
2716	i acted withdrawn and cold towards others in situations that required empathy its not that i dont care i just dont always feel the feelings so i fake it	sadness	sadness
2717	There was a nervous laugh at this topical sally provided by the Zola tri	fear	fear
2718	i keep feel irritated	anger	anger
2719	i was not going to be able to sleep until i knew how it ended and mostly because of another thing which i am not even going to talk about here because it makes me angry all over again and also because i feel horribly neurotic and immature getting upset about it and so we will gloss over that bit	fear	fear
2720	i feel all rushed to get ready for tomorrow	anger	anger
2721	i ask myself why does the hip hop generation of african americans feel the word nigga is ok	happy	happy
2722	i am still glad to help when someone asks makes me feel complacent at least i am good at something	happy	happy
2723	i feel useless and gross and cant seem to find one positive thing about myself	sadness	sadness
2724	i was having a cig and feeling like ok ill just write my colomn about how conservatish men are tha best bfs and tha best lovers	happy	happy
2725	i feel like ive shaken off some of the funk thats been floating around me for the last bit	fear	fear
2726	im feeling adventurous and successful in my quest so far	happy	happy
2727	i know it is so disgusting horrifying i feel so dirty	sadness	sadness
2728	i feel shaky from the battering of emotions but im still standing	fear	fear
2729	i feel he should have been punished	sadness	sadness
2730	i feel quite distracted as mum told me that my paws werent looking their best so instead of a nap ive had to do another pawdicur	anger	anger
2731	i cant even explain how difficult it is to tear yourself away from something you both love and feel doubtful of	fear	fear
2732	im referring to a comment in the pattern right now not feeling that divine really since i probably was born with a set of dpns in my hands	happy	happy
2733	id told him about my private session with cn was that it was remedial sparring help so i was feeling a little unpleasant pressure from the beginning to pull off something spectacular and it was difficult to try to relax	sadness	sadness
2734	i did on weekends was sleep and feel bitter about the world	anger	anger
2735	There was anger in Jacob 's voice and stance as he led her towards Sylvie 's bedr	anger	anger
2736	ive been feeling completely stupid about this whole thing	sadness	sadness
2737	i confess that i was feeling nervous as i made my way to the event venue	fear	fear
2738	im not feeling pressured to perform athletic moves in order to stay on the field	fear	fear
2739	im feeling on the mellow side today	happy	happy
2740	i feel like there has been way too much products on the blog lately and i miss the amazing home	happy	happy
2741	i cant feel the pain but i feel the aching ness of my cheek dont know if its because of the long period of opening my mouth	sadness	sadness
2742	i am appalled that i feel violent toward another human being	anger	anger
2743	i feel the tingle in my stomach and the pleasant fullness of satisfaction	happy	happy
2744	i also know that if i forget for a period of time it would cause tension or a feeling of unease that maybe i am mad at him	anger	anger
2745	ive been frustrated that i dont walk around floating on air seeing the good in every sidewalk pothole i trip into beating myself up over feeling unsure and scared	fear	fear
2746	i feel uptight my day is complete when hes around i feel so right a little nervs i dream about what we can do date and all the things we can pursue wedding i always dream that your mine very day min	fear	fear
2747	i see jacque i feel extremely guilty because she still hasn t forgiven me	sadness	sadness
2748	i felt i completely belonged and i didn t feel shy and frightened any more	fear	fear
2749	i am on so many social networks right now and sometimes i feel like that i am pretty talked out	happy	sadness
2750	i compare it to mine i feel irritated but i tried to be realistic to calm my self down	anger	anger
2751	i was abruptly reminded of why i was feeling so agitated in la	fear	fear
2752	As he told Barbara afterwards , he had never felt more depresse	sadness	sadness
2753	i hope something magical happens today because im feeling kind of listless	sadness	sadness
2754	i am feeling rebellious i will start from the end instead of the beginning a very good place to start	anger	anger
2755	i wanna scream out my feelings that i keep until it bleeds the life is sometimes prejudiced it kills happiness thus it becomes even worst feeling like the life is now meaningless why should i be the victim	sadness	anger
2756	i am sure its meant as a celebration of the various shades of red out there i feel insulted	anger	anger
2757	Eyewitnesses told of the horror as shrapnel rained down on shoppers from two devices placed in cast-litter bins less than ten yards apa	fear	fear
2758	i think that we must continue to seek each other s good even as we feel offended and to always look for ways to go lower and walk in the humility that jesus walked in	anger	anger
2759	i was not feeling the song but i was delighted with his re emergence	happy	happy
2760	i feel agitated and the result is not pleasant the opposite of calm and peaceful	anger	anger
2761	i dnt want yu guys t feel shamed fr knwing nthing instead f pretending r having plastikan with me	sadness	sadness
2762	i was feeling very bah humbugish coming out of this year s thanksgiving weekend and was not thinking pleasant christmas thoughts about the gift giving guilt trip conspiracy run by the marketing racket the decorating and the whole thing in general	happy	happy
2763	i finally get it right i feel happily smug and relieved that a piece of work is done	happy	happy
2764	There was a trace of exasperation in his voice as he said : ` I 've told my promoter Dan Duva that I want to fight all those contenders that the people want me to fi	anger	anger
2765	i have a mini list of good things about me that i can refer to the next time i m feeling shitty	sadness	sadness
2766	i kicked you in the throat and now i feel terrific	happy	happy
2767	i don t feel so self assured i need to compete or to justify why i m so clearly not doing as well as someone else	happy	happy
2768	i still feel good about the fact that im smaller than her now but thats not the drive that got me here	happy	happy
2769	i am feeling that bitter sweetness that comes from a deep recess in my soul	anger	anger
2770	i feel like it is so important for me to publicly bless my virus	happy	happy
2771	i cant abide the political mess the country is in though i feel equally enraged about the state of uk politics	anger	anger
2772	i laughed then bitterly again but i wasnt feeling bitter	anger	anger
2773	i do not see or feel the need to respond to any of your ludicrous questions concerning anything	sadness	happy
2774	i feel i am determined to regain my routine i once had and of which i was so proud	happy	happy
2775	i have to be honest and say that the first two chapters sort of overwhelmed me and i wasnt sure that i was going to be able to follow everything and was feeling kind of dumb	sadness	sadness
2776	im feeling a bit apprehensive but excited as well	fear	fear
2777	i feel like i m trying to convince the most skeptical disbelieving person in the world that yes i really do have bipolar disorder	fear	fear
2778	i am sure feeling nervous about potential air raids from the luftwaffe	fear	fear
2779	i feel so humiliated by my own self	sadness	sadness
2780	i felt even more frustrated and discouraged when i realized my reputation had been damaged but i also realized i had a choice i could feel resentful for the situation i was in or i could rebuild my good reputation	anger	anger
2781	Perhaps he was just imagining the undercurrent of nostalgia , he told himself as he looked at Cora-Beth 's flushed , excited f	happy	happy
2782	i am feeling resentful because i am thinking to myself that she should trust me	anger	anger
2783	ive been feeling a bit guilty lately that i havent indulged my project lovin girl with creative things during our afternoons together	sadness	sadness
2784	i left feeling annoyed and angry thinking that i was the center of some stupid joke	anger	anger
2785	i has for this other woman she feels greedy and wants kairi all for herself	anger	anger
2786	Nor was the thought that he alone might hold the key to the mystery the sole component in his strangely elated st	happy	fear
2787	i mean think about how that would feel that would be stupid embarrassing	sadness	sadness
2788	I have received no representations on that matter and I am not aware of any disquiet among the groups that the hon. Gentleman describ	fear	fear
2789	i feel passionate that students should have choice in their reading and that it is my job to encourage a love of reading	happy	happy
2790	i feel overwhelmed stressed and pressured inside something magical happens when i take off my shoes and go for a walk in the park or on the beach	fear	fear
2791	She looked a little less resentful than earlier , and -- dare he hope it ? -- even slightly anxious for 	anger	anger
2792	i feel like when you only have one child that the time you have with them is all the more precious	happy	happy
2793	i didnt feel if i was having a shitty day i wouldnt usually come right out and say i was having a shitty day	sadness	sadness
2794	i feel so beaten down and defeated	sadness	sadness
2795	i dont remember how january was like last year thats why i need a real diary but this one is feeling bitter dark and boring	anger	anger
2796	i am feeling particularly annoyed at my co workers i sometimes make the rounds of the floors finding literally pounds of white paper in the trash	anger	anger
2797	i am skinny look at me i am thin i love myself but i am feeling ignored i am thinner now i try to disappear	sadness	sadness
2798	i just feel like no one cares and no one can be bothered to make the effort and meet up	anger	anger
2799	i do feel sad for myself for not wanting that and thoughts extend up to a point that ill die alone	sadness	sadness
2800	i walked away from those years believing it was that i didnt want to ever make other people feel like they were as worthless as i often felt	sadness	sadness
2801	im feeling fine	happy	happy
2802	Li Shai Tung looked across at him , smiling ; but behind the smile -- beyond it , in some darker , less accessible place -- lay a deep disqui	fear	fear
2803	i wasnt the only one feeling very pleased about it all laurie was beside himself that all the old structures and artefacts were still sitting around untouched in pretty much the same condition as the day the last locomotive went through	happy	happy
2804	i come out of the cinema feeling like a giggly schoolgirl	happy	happy
2805	The organisation is glum about the social consequences for Europ	sadness	sadness
2806	She looked into his eyes and saw terrible pain and inconsolable grie	sadness	sadness
2807	i feel kind of petty blogging about this	anger	anger
2808	that day i was alone at home after coming home from school i did not know where everyone else had gone	fear	anger
2809	i feel like i need to do something to change this vicious cycle of being good and letting cravings drive me to madness and binging	anger	happy
2810	i feel really overwhelmed with mine	fear	fear
2811	i feel skeptical about relationships between others when they seem so upfront about there emotions	fear	fear
2812	i feel though its pretty dangerous to to apply one strategy to match	anger	anger
2813	i tend to have a discomforting feeling or maybe get disturbed but that sense of emotion only plays out the way the book is being interpreted	sadness	sadness
2814	i feel like i want to hide away amp be distracted at the same time	anger	anger
2815	i mean how can you not feel festive when youre wearing a great big snow man on your chest	happy	happy
2816	i feel very blessed to call them mom and dad	happy	happy
2817	i punched out of work sunday sighed and the brunch trumpeter waldo carter said from behind i know exactly how you feel this startled me and i flinched	fear	fear
2818	ive always been able to produce work despite a day job and that i suspect professional pressures might add to a feeling of artistic foment it would take quite a bit to get me out of the saddle	happy	happy
2819	i feel sexually threatened because some guys can be assholes fuck you of course im going to be a bitch and do whatever i need to do to get my ass out of the situation	fear	fear
2820	i feel like i missed out on so much during juliannas first two years while i was working full time but we are making up for lost time now	sadness	sadness
2821	i feel horrible about wanting sonipro amp source geekparty linkedin a target blank title share on tumblr rel nofollow href http www	sadness	sadness
2822	i feel like i should be thrilled and i am but at the same time i feel like crap	happy	happy
2823	i am feeling hopeful excited and very much being made new	happy	happy
2824	i refuse to stay silent when confronted with pricks who instead of no response or sorry not interested actually go out of their way to make someone feel shitty	sadness	sadness
2825	i have a feeling that the robin that builds her next under our deck is getting pissed too	anger	anger
2826	i started feeling a bit alarmed but i was not afraid for some reason	fear	fear
2827	i start to see it s a problem when one afternoon i feel so depressed i can t wait the one hour until my friend comes back to talk to her	sadness	sadness
2828	i came to review however im not entirely sure what it is that leaves me feeling somewhat dissatisfied and a bit brassed off that more didnt happen	anger	anger
2829	i feel i can never thank you enough for helping this girl with a troubled past become who she is today	sadness	sadness
2830	i want them to feel eager to attend a amp m i want them to feel like they belong	happy	happy
2831	i feel like there must be more to life than this and i m afraid there isn t	fear	fear
2832	i feel very angry but once a simple msg made me blur really blur	anger	anger
2833	i am feeling spiteful	anger	anger
2834	im feeling slightly more graceful in the ballet of it all but thats always temporary	happy	happy
2835	i seriously considered pulling the offer and i was feeling that we rushed into it all too quickly	anger	anger
2836	i understand that he was feeling devastated and i sympathize	sadness	sadness
2837	i havent been feeling too bouncy lately so ive been quietly keeping my head down til the phase passes hence my almost complete absence from lj	happy	happy
2838	i feel that i don t have anything to contribute to the conversation about books and that my writing is boring shallow bunk	sadness	sadness
2839	i have an uneasy feeling about the stupidly talented eagles mainly because as good as they are at most positions they re dangerously thin at others	happy	happy
2840	im feeling stressed retail therapy is the way	anger	anger
2841	im feeling a bit needy i keep thinking i would appreciate any attention but of course that is not true	sadness	sadness
2842	i felt good before the race but once i started to run i guess i was feeling the effects of the cold and congestion i didnt really realize i still had	anger	anger
2843	i shall just sleep feeling pissed psssh	anger	anger
2844	i feel generous and remain composed	happy	happy
2845	i don t always feel joyful and i quite often throw prayer out the window	happy	happy
2846	i believe and some i feel sadly are not truthful	happy	happy
2847	i was quite the outsider due to my british mentality and feeling embarrassed that my european and north american high school teachers knew more about my culture than i did i felt the desire to change that fact	sadness	sadness
2848	i know killing myself solves nothing but the hopelessness and sadness is destroying me slowly and i feel like being selfish might be a good choice	anger	anger
2849	Lady followed her example rather than suffer at the hands of her infuriated mas	anger	anger
2850	i got home feeling miserable at my lack of shopping skillzz i remembered the bag of un opened un used make up sitting in my bedroom that i forgot all about	sadness	sadness
2851	Protagonists of unity may have been despondent about the loss of the EDC and the European Political Community , but were not route	sadness	sadness
2852	i think about the book i wrote that i feel like i ve talked incessantly about to you gracious beautiful you but i think about it because it s coming close to the point where i no longer have a hand in the words anymore the point where my hands are off and yours are on	happy	happy
2853	i tend to lose feel for the water pretty quickly when im not in the water every other day and i felt this during the race	happy	happy
2854	im feeling just a little bit pleased with myself	happy	happy
2855	i feel unwelcome in this home of mine	sadness	sadness
2856	i really feel valued	happy	happy
2857	i feel a little strange recommending this one because i wrote the first night marshal book and invited glenn to write the second	fear	fear
2858	i feel vital full of energy every day and super positive	happy	happy
2859	i really hate that feeling when youre unsure about something	fear	fear
2860	i feel really damn terrified and rushed to my classroom where my friends are playing and joking around	fear	fear
2861	i feel low energy i m just thirsty	sadness	sadness
2862	i feel alan clay who is rather pathetic has a huge mass on the back of his neck that he is convinced is cancer	sadness	sadness
2863	i don t know how i feel about today because part of me is convinced that i am making this so much more difficult than it actually is or as mehow casually remarks in the april infield insider getting out of the box you are in that was never there in the first place	happy	happy
2864	i am actually quite likes this kind of busy feeling just because i am forget every unhappy things then i wont keep on think of it	sadness	sadness
2865	i also told my cousin that i feel like the other family members do not know how to talk to me or are afraid to talk to me	fear	fear
2866	i could look it up and act like i know what it is and lie to you about it and feel smug in my know it all ness but frankly i m way too lazy for all that	happy	happy
2867	i feel fucked up on the inside	anger	anger
2868	i understand because of what but even towards the end when she starts going outside again i feel like she ll never be truly happy again	happy	happy
2869	i feel depressed or even short tempered some days	sadness	sadness
2870	i feel accepted and loved and forgiven the grace of god is so healing	happy	happy
2871	im not appreciative enough does not love and care for myself enough and does not feel contented of what i have now i will never be happy	happy	happy
2872	i will spend my vacation on me no obligations no headaches no feeling like i am being emotional blackmailed into being three places at once	sadness	sadness
2873	i fall victim to feeling inadequate if i am anywhere short of perfection in what i set of my expectations or what i perceive are the expectations of others	sadness	sadness
2874	i feel so pissed off that i can bite off a fucking tree log	anger	anger
2875	i see other people writing about love when they have just brokeup and finding another person in his her life i kinda feel so disgusted	anger	anger
2876	i feel the pain of this in ways that only a tortured ti could possibly understand	fear	anger
2877	i was really upset when he went away though i can understand how he must feel and i wont be greedy and pester him about it	anger	anger
2878	i feel like i cant take it anymore i told my boyfriend and he is furious	anger	anger
2879	ive been feeling restless inside and i dont understand why	fear	fear
2880	As the frightened boy bolted to Gooseneck 's side , there was a scream from Fishbane 's corner where an unwary Pole had reaped the consequences of turning her back to view the dra	fear	fear
2881	im still feeling a bit shaken up	fear	fear
2882	i feel like this never get impatient around sharp objects as it will inevitably lead to tears	anger	anger
2883	i went outside to shut in the hens then was tempted by the brilliance of the stars to walk across the frozen fields feeling very cold looking up into the sky	anger	anger
2884	i am feeling very inadequate about how to share my feelings and of how to write this blog post but i am going to give it a go and hope that it makes sense	sadness	sadness
2885	Some members of the UN Security Council will be mi	anger	happy
2886	i feel agitated im nervous im anxious	anger	fear
2887	i experience all my normal moods feel annoyed when my year old whines or my baby wants to be held while im making dinner but i no longer feel consumed by these emotions	anger	anger
2888	i feel like a bit of a turd that my body instantly rejected the lemonade	sadness	sadness
2889	i wanted to be here and it seems as though the feeling is mutual the club was keen to keep me	happy	happy
2890	i couldnt feel more blessed at this time	happy	happy
2891	Alexandra grew even crosser as it became obvious that Matthew had been invited in his own ri	anger	anger
2892	i feel despised and i dont deserve that	anger	anger
2893	i do feel confused	fear	fear
2894	i have been feeling i find myself becoming less and less amused and interested in many of the activities and attitudes that have brought me joy in the past	happy	happy
2895	i just feel sooooooooooo fucked up at this moment	anger	anger
2896	i managed km in one go once feeling really exhausted afterwards but i survived	sadness	sadness
2897	i just feel so discontent about my life these days	sadness	sadness
2898	i did not feel dangerous enough to get in	anger	anger
2899	i think it s the easiest time of year to feel dissatisfied	anger	anger
2900	i will always wake up feeling miserable and heartbroken	sadness	sadness
2901	i sit here tonight i feel anxious	fear	fear
2902	i feel more irritable and i feel more sensible now than ever	anger	anger
2903	i feel suspicious of informality and a lack of credentials	fear	fear
2904	i feel relieved and excited that someone else feels the same way that i do	happy	happy
2905	i can think about is how lonely i feel im all grouchy and agitated and esily airritated	anger	anger
2906	i want to be able to leave my house on my own without feeling terrified and im going to work on this every day	fear	fear
2907	i have paused on purpose that i must step back and recognize why im walking around feeling discontent and then make the needed adjustments	sadness	sadness
2908	i feel like a dumb blonde she mumbled not realizing that alli was standing right next to her she desperately hoped she hadn t heard her say that	sadness	sadness
2909	i would have liked to go but that i wouldnt leave without reason because that would feel highly uncomfortable	fear	fear
2910	i have a feeling the googler in this case was again dissatisfied with his search results	anger	anger
2911	i have found myself fighting back as he wakes me from my sleep time and time again feeling the hurt and sting of my own abandonment to my first love	sadness	sadness
2912	watched a horror movie which involved sexual attacks on women	fear	fear
2913	i feel like they hated me since then	anger	anger
2914	i feel so insecure about my writing	fear	fear
2915	i have no idea why this particular region seems to lack a visibly necessary outer carniola as well and i feel actually somewhat bothered by this possible evidence of lack of suburban spirit	anger	anger
2916	i get on new years eve but it makes me feel rebellious being underage and all	anger	anger
2917	i denied my feelings amp claimed that we were less than what we were cause i was hesitant to jump into anything new	fear	fear
2918	i feel so worthless beaten and broken	sadness	sadness
2919	i get some exercise and feel like im doing something worthwhile in the meantime	happy	happy
2920	i was alone in a cottage i often stay in i was woken up by a rustling sound in the middle of the night	fear	sadness
2921	i read the sentinel article on hanford city councilman dan chins proposed media policy and the secret committee meetings my feelings could be summed up in a single word alarmed	fear	fear
2922	i feel like the town loner with all of the things i ll need that day in a suspicious bag	fear	fear
2923	i am tired and feeling giggly but not witty	happy	happy
2924	Gary 's expression became even more anxio	fear	fear
2925	im feeling angry i think i strop about ruffling the air and inflating my position and exaggerating the issue	anger	anger
2926	ive been feeling quite disillusioned with christmas this year	sadness	sadness
2927	i feel like i have an artistic block right now and my artwork looks stiff and forced when that happens	happy	happy
2928	i think back i feel like ive been spending a lot of time running around aimlessly unsure of where im going or why im doing this	fear	fear
2929	i bet almost each of us though once in their life ever had this kind of feeling called jealous	anger	anger
2930	i literally fell on my knees during one episode which feels so pathetic	sadness	sadness
2931	im not feeling very festive this year	happy	happy
2932	i also tended to either attract drama or not know how to handle it before people got their feelings hurt or not really know how to prevent or deal with conflict in the groups	sadness	sadness
2933	im feeling really festive this year usually i dont get in the mood until mid december	happy	happy
2934	i feel that i really ought to assert myself in some way but she smiles a pleasant blonde woman of early middle age young to me and it seems fine to drift on	happy	happy
2935	i started feeling my back aching especially the lower back	sadness	sadness
2936	i feel so hesitant to say anything positive trying to hold my breath so to speak because none of this really matters until i know that shaun has passed the dlpt	fear	fear
2937	im not trying to disagree with same sex intercourse or what to me it just feels weird gt	fear	fear
2938	ive been feeling kind of distracted and that is obviously not conducive for working philosophy problems out	anger	anger
2939	im feeling doubtful about my writing dreams to know shes behind me	fear	fear
2940	i am and feeling total love and acceptance for my body in the moment is just as important as experiencing the exhilaration of a new experience	happy	happy
2941	i got high in the pleasing feelings that appear deceptively benevolent like convenience or comfort	happy	happy
2942	im feeling smug that i didnt wear pearls	happy	happy
2943	But he felt ` dismay and sorrow for so many people in our country who do not share this personal good fortune	fear	fear
2944	i feel they are the last of the tortured fandoms remaining save saints football fans but thats the wrong sport	anger	anger
2945	i would feel the speech is successful if its very uplifting and gives props to the graduating class	happy	happy
2946	There I lay , half-roasted on one side , freezing on the other , in a sort of trance , more abjectly miserable than I can tel	sadness	sadness
2947	Not everybody wants   and trailed into silence , for Lily 's eyelids were now fluttering , holding back offended te	anger	anger
2948	i feel content if not happy	happy	happy
2949	i don t know what i want in my life at the moment and even though things are really good and stable in many ways i still don t feel content with it	happy	happy
2950	i often feel so distressed and freaked out whenever my child gets sick	fear	fear
2951	i quite like to do it standing on public transport or busy places when you often feel your space being invaded which can make you feel stressed	sadness	anger
2952	i could look for solutions instead of just feeling helpless actually made a big difference	fear	fear
2953	im feeling a bit neurotic that ill lose my job	fear	fear
2954	i feel dissatisfied with the advances we ve made rather than this team stinks	anger	anger
2955	i am feeling a tad smug right now	happy	happy
2956	i feel most passionate and artistic and settled into my craft	happy	happy
2957	i feel helpless as her mother i should be able to take the pain away as a small child i could do this but she is a young adult now the same age i was when i had her and it hurts to see her in pain	fear	fear
2958	i have immense sympathy with the general point but as a possible proto writer trying to find time to write in the corners of life and with no sign of an agent let alone a publishing contract this feels a little precious	happy	happy
2959	im still paying attention but i feel distracted	anger	anger
2960	im excited to get home and spend time with everyone please feel free to email call or text and let me know if youre available for dinner or coffee or anything	happy	happy
2961	The advertisements appeared in Novoye Russkoye at the weekend , causing a buzz of excitement in the Soviet expatriate enclave of Brighton Beach , also known as Little Ode	happy	happy
2962	i feel that the media cannot be resolved effectively	happy	happy
2963	Furious Tory MPs now want to go to the High Court to force a new bal	anger	sadness
2964	i feel like my life is practically perfect in every way right now and i am every so happy	happy	happy
2965	i start feeling myself getting overwhelmed or frustrated i have tried to open up more about it instead of pushing it down deep slapping on a fake smile and waiting until i boil over	fear	sadness
2966	i feel awkward saying such things	sadness	sadness
2967	i feel lucky that theyve chosen to share their lives with me	happy	happy
2968	i giggle nervously when i feel threatened	fear	fear
2969	im feeling totally lame for not posting anything in forever and not even checking this blog in forever	sadness	sadness
2970	i feel vulnerable when im alone not only because i feel so incapable of defending myself but also because i could go into labour at any point	fear	fear
2971	i hear someone say we should just let gardeners be let folks do whatever they want i feel pretty aggravated	anger	anger
2972	Manager Graeme Souness 's touchline ban meant he could only watch in anguish from the directors ' bo	sadness	sadness
2973	i feeling so agitated right now	anger	fear
2974	i feel beaten and bruised from their harshness and wearied by their relentlessness	sadness	sadness
2975	i feel utterly depend on my sweet jesus to carry me through the next day hour mile conversation minute	happy	happy
2976	She did n't look quite so indignant as she 'd looked bef	anger	anger
2977	i growled at her i began to feel extremely annoyed with her	anger	anger
2978	i know i ll never commit incest but why it feels so much charming	happy	happy
2979	i can run i can dress up in public for fun and i can be the center of attention without feeling humiliated	sadness	sadness
2980	i guess im just feeling a little rebellious	anger	anger
2981	i find myself trying to discreetly smell his breath but then feel guilty for being so suspicious	sadness	fear
2982	i keep telling myself ill feel like celebrating when ive passed my boards date still to be determined	happy	happy
2983	i feel the matter has been resolved	happy	happy
2984	i hate feeling so despised and detested by someone who i truly care for and completely love	anger	anger
2985	i feel like i ve been beaten up by an american footballer then run over by a london bus	sadness	sadness
2986	i can usually do a month without feeling homesick	sadness	sadness
2987	i feel like i m uncertain about things i was once so certain	fear	fear
2988	i feel is vital to keeping my spirit young even as my body fades	happy	happy
2989	i feel quite devastated when i have to rush away sometimes	sadness	sadness
2990	i wish there was something i could do sitting here in the midwest i feel so helpless	fear	fear
2991	i won t feel like there would be a dull moment with him	sadness	sadness
2992	i wont go on into a full in depth review of it just say why i feel its the superior version	happy	happy
2993	i feel the only news which soothes the troubled minds is the news from uk	sadness	sadness
2994	i guess i am just feeling slightly shaken at this sudden news	fear	fear
2995	i feel like im being greedy asking for something so expensive	anger	anger
2996	i feel irritated by everything	anger	anger
2997	im just feeling rather sentimental right now and just have to say i feel so lucky to be maxs mom	sadness	sadness
2998	i get it crumble but thanks for feeling the need to tell me that im the one who is fucked up	anger	anger
2999	i stop learning or if i am feeling inhibited my performance flounders	fear	fear
3000	There was one other horrified observer of the sce	fear	fear
3001	i would have wasted time and money and i just feel really pressured because i dont want to do that	fear	fear
3002	i will share my home my life and what i feel is gorgeous fun and noteworthy all the while tracking my existence day to day	happy	happy
3003	i am normally better at avoiding the expensive pre packaged products when i go to waitrose but i was still feeling a bit shaken up from the parking issues so bought some extra bits to calm my nerves	fear	fear
3004	i feel tranquil and content	happy	happy
3005	i feel as though i cant bear the motion of quilting it even though the idea of it delighted me so only a few days ago	happy	happy
3006	i spent two weeks in zombie mode then two weeks feeling all my feelings again after being numb for so long	sadness	sadness
3007	i admit i was feeling agitated so when hubby asked me if i want to join them for a drink i agreed	anger	fear
3008	i feel paranoid about this you havent talked to me in two days and im scared	fear	fear
3009	i feel so envious and proud of you at the same time if it is at all possible to feel that way	anger	anger
3010	i feel pretty lame all together so i will stop here and share a bit more of my fudgy mediocre doodles	sadness	sadness
3011	i feel terribly like cassandra locking myself in attics and barns to write in beloved journals warmed by my ginger cat mine huckleberry and hers abelard	happy	sadness
3012	i feel especially vulnerable to being treated as a second class citizen	fear	fear
3013	i feel it is important to support young people in their creative endeavors	happy	happy
3014	i would love to hear from you so feel free to add your comments or to send me an email info wolfiewolfgang	happy	happy
3015	i feel that his apology was sincere i just couldnt help feeling a bit more unhappy about what happened	happy	sadness
3016	i feel convinced that i am on the brink of something amazing	happy	happy
3017	Now it was the Young King who drew back and , doubtless to their father 's immense exasperation , refused to accept Richard 's hom	anger	anger
3018	i think there are quality submissions out there but authors are conforming more to writing in genres they feel will get accepted by a publisher	happy	happy
3019	i was supposed to feel sympathy for emma im afraid i failed	fear	fear
3020	i feel groggy today and tired	sadness	sadness
3021	i admit to feeling sympathy with the dignified and the defiant	happy	sadness
3022	i cant help but feel that if i hadnt had been so selfish then i could have sheltered you from feeling this way now	anger	anger
3023	i feel all weird when i have to meet w people i text but like dont talk face to face w	fear	fear
3024	im feeling quite well acquainted with	happy	happy
3025	i have not done any hill training but am not feeling apprehensive about it at all	fear	fear
3026	i face turn red and feel shy emm no	fear	fear
3027	i too still believe in feminism and i still believe in the saving power of rock music as bauer proclaims at the end of the article so why am i left feeling skeptical and unconvinced	fear	fear
3028	i can feel my self as a fearless continuous being	happy	happy
3029	im feeling distracted i tend to practice with my eyes shut as much as possible	anger	anger
3030	i am thrilled for a lot of these things i feel petrified	fear	fear
3031	i want to feel pretty or handsome or something	happy	happy
3032	i feel so frightened i just wanted to document the way i m feeling	fear	fear
3033	i feel hateful of myself for being alone	anger	anger
3034	Alexandra was extremely excited , over-excited in Janet 's opin	happy	happy
3035	i say whatever comes in my mind tell you directly what i feel a jealous girl not because i m insecure but because i just love that person a trust worthy friend sweet to the one i love	anger	fear
3036	i tell myself i dont open my mouth and say what i really feel because i know im a loon and im smart enough to know im a loon and i never ever know if what im doing the choices i make are really what i want or need or even the right thing or if its the disease	happy	happy
3037	i feel inside cause life is like a game sometimes then you came around me the walls just disappeared nothing to surround me and keep me from my fears im unprotected see how ive opened up oh youve made me trust cause ive never felt like this before im naked around you does it show	sadness	fear
3038	i feel very amused at that pic	happy	happy
3039	i sometimes feel so overwhelmed by the hats that i wear and trying to figure out who the real emily is	fear	fear
3040	i come home feeling drained and paralysed and when i try to study my brain just shuts down and ill end up snoring away on my bed and visiting dreamland	sadness	sadness
3041	i feel about this totally and completely pissed angry sad disappointed and absolutely furious at tough mudder the biggest rip off on planet earth	anger	anger
3042	i feel you are being wronged i will back you	anger	anger
3043	i have to cop out on feeling regretful	sadness	sadness
3044	i will come across a book that i feel has valuable information in it that i should keep for perusal at a later date	happy	happy
3045	i have this nagging feeling that i fucked everything up on the first try	anger	anger
3046	i made some chilli oil because it s monday and i was feeling dangerous	anger	anger
3047	i used to be able to hang around talk with the cashier when i was putting away my money now i feel rushed and stressed if i take a second to fumble with the coins and put them in my purse	anger	anger
3048	i feel sorry seeing my parents	sadness	sadness
3049	i say his name over and over and feel the change in him the nearly violent desire he reigns in with difficulty as the first waves of orgasmic stupor envelops me	anger	anger
3050	i feel restless otherwise known as useless or lazy when i take long breaks from writing	fear	fear
3051	i should somehow feel hesitant about that	fear	fear
3052	i feel after i quit a job i hated class thumbnail width	sadness	anger
3053	i don t know what to do about it or how to do it almost feeling angry within myself that i can t do something tangible and pragmatic to help my sisters	anger	anger
3054	i havent been feeling homesick knowing they were all getting together to enjoy my mums cooking did make me want a teleporter	sadness	sadness
3055	i wake up feeling cranky and out of sorts	anger	anger
3056	i started to feel cold like symptoms of light nausea cough and tiredness	anger	anger
3057	i used to have this friend who always always had to have a boyfriend and if she didnt she would get majorly depressed and feel defective or something and i think she was that way because of her mom and i always felt really bad for her	sadness	sadness
3058	i can t justify i get a little annoyed when non diabetics say they have low blood sugar because i imagine their low blood sugars don t feel as terrible as mine do	sadness	anger
3059	i was feeling pretty bitchy	anger	anger
3060	i started to see a concerning pattern i d rush home at the end of the evening s activities to write out a post sometimes i d be feeling frustrated and flustered while sometimes i was eager and inspired	anger	anger
3061	i feel relaxed merson said	happy	happy
3062	i feel virtuous expressing my fears of contamination	happy	happy
3063	i feel like a vile traitor even saying such a thing but its the truth	anger	anger
3064	i feel like i ve lost some of my main roots i feel less secure emotionally financially and socially	sadness	sadness
3065	Why ever did he bother to write them out ? the landlady asked , gravely vexed and insul	anger	anger
3066	i feel we re seeing now is a clash between those who are very alarmed at the changes in our planet and those who are rather laconic about the whole thing	fear	fear
3067	i leave class feeling more confused every week	fear	fear
3068	i feel like a distracted robot	anger	anger
3069	i feel so shitty right now i just arugh	sadness	sadness
3070	i feel that it is something that will never really be resolved	happy	happy
3071	i realized i was a total idiot and forgot clarinet choir making me feel even more idiotic and stupid then i already was	sadness	sadness
3072	i scanned through several old blog posts and i could still feel the hurt from them	sadness	sadness
3073	i still cannot find the damned tin certificate but i feeling mellow i clean up cart out two salt bags full of junk to the rubbish bin	happy	happy
3074	i personally feel is a massively talented actor is chris evans captain america	happy	happy
3075	im still feeling indecisive im polling yall p	fear	fear
3076	i feel so isolated cut off out of sinc	sadness	sadness
3077	i feel about this band perhaps i m too distracted by the hardcore dancers flailing around	anger	anger
3078	i came close to just packing up and heading home but then i wondered would home feel less awful	sadness	sadness
3079	i actually put forth the effort and stick to a routine though i am busier i feel less stressed and more fulfilled at the end of the day and am better able to enjoy the simple moments of motherhood	sadness	anger
3080	i might be able to recreate the feeling when i get back into the cold fog that awaits me tomorrow night	anger	anger
3081	I kept trying to get back to Changez 's lugubrious face , which reclined morosely in his good hand as the guests filled the air around him with cultivated noise	sadness	sadness
3082	i felt like the boys were disadvantaged missing out on all the exciting entertainments at home for children but now i feel like they have had a precious opportunity to get close and familiar with nature	happy	happy
3083	im feeling resentful and persecuted about that whole aspect	anger	anger
3084	i kept feeling like i missed something and i needed to go back and re read	sadness	sadness
3085	i know that tenge will get me to and from almost anywhere so if i am feeling impatient i offer more	anger	anger
3086	i was ready to go if need be and fortunately tim was feeling ok and feeling well enough to go	happy	happy
3087	i make it to am and then i make it to pm and then when i make it to the night that s when i feel triumphant and beaten down	happy	happy
3088	ive been feeling immensely overwhelmed	fear	fear
3089	i feel like it looks gorgeous with curls so instead of making the full transition i ended up getting extremely natural red lowlights on the bottom section of my hair	happy	happy
3090	i feel proud to be queer performing at lovebox	happy	happy
3091	i think i am feeling more generous today	happy	happy
3092	i don t know i just had this gut feeling and it just really bothered me he said	anger	anger
3093	getting a low grade on my physics midterm	anger	sadness
3094	im feeling cooped up and impatient and annoyingly bored	anger	anger
3095	i feel about oprah she is such a draw to women she is friendly has dealt with her struggles openly such as weight and abuse and seems to genuinely care about issues that concern our lives	happy	happy
3096	i think were on a level of understanding though i still feel hes hesitant	fear	fear
3097	i feel helpless because i cant protect my family he adds	fear	fear
3098	i feel so thankful i have been able to figure out ways to get around or deal with most of these minor side effects and that i have not dealt with anything too serious	happy	happy
3099	i got on and was nervous feeling very timid and shy but after a while we were talking like weve known each other our whole lives	fear	fear
3100	For some the strain of living together without legal ties leads to considerable anguis	sadness	anger
3101	i know it s gross to think that you are putting snail mucus on your face but it s a small price for beauty plus the texture of the product is just like any other face cream so it won t feel weird	fear	fear
3102	i feel like i got resentful and tired and i just wanted to talk to him so badly	anger	anger
3103	i have been feeling grumpy for the past few days and i just dont feel like being my upbeat self here on my blog	anger	anger
3104	i feel this perverse pleasure in knowing how were so much the opposite of everything youre supposed to do	sadness	sadness
3105	i feel incredibly charmed that i have these people in my life and that i am at such an exciting amazing chapter of things	happy	happy
3106	i feel i don t need to describe how gorgeous the dominican republic was i ll let the film speak for itself	happy	happy
3107	im feeling gently hesitant about posting these photos because this time the race slapped do not copy on every picture	fear	fear
3108	i am not wishing november away or trying to forget about thanksgiving but i need to be mindful of what really matters when i feel overwhelmed	fear	fear
3109	i feel so cranky right now	anger	anger
3110	i feel like these words from today s passage send the church of today a warning just as much as jesus was sending his beloved disciples a warning	happy	sadness
3111	This can be dangerous work : three field workers in Korup were trapped behind a tree by an enraged elephant after their tranquilliser dart missed its tar	anger	anger
3112	i was sitting here feeling defeated	sadness	sadness
3113	ive never made anything from this book as they all look quite scary and complicated but i was feeling brave	happy	happy
3114	i don t know how i feel i should be bothered	anger	anger
3115	i either feel like crap about myself all day and try to make up for it the rest of the day and am exhausted	sadness	sadness
3116	i am feeling gloomy like the weather	sadness	sadness
3117	i pull this out and reread it when im feeling low	sadness	sadness
3118	im kinda exhausted today and you might be feeling exhausted reading this post too	sadness	sadness
3119	i still feel like the debate was vicious on both sides	anger	anger
3120	i feel truly impatient that this is taking so long	anger	anger
3121	i have just been feeling so thankful humbled and blessed for my family and where we are in our life	happy	happy
3122	i know it was not pleasant for her and i feel selfish saying it but i think i would have fallen apart if i had been there	anger	anger
3123	i lve the fact that yu genuinely feel scared when playing this game	fear	fear
3124	i began the day feeling intimidated courthouses are designed to intimidate but ended the day cheerfully chatting with the judge in his chambers	fear	fear
3125	i never know if theres enough light to properly expose the photo and i feel like often i end up with dull images that disappoint	sadness	sadness
3126	i felt like i was losing control of my body and it was hard for me to feel calm and positive about that because it wasn t an irrational thought	happy	happy
3127	i am ashamed when i feel like that the moment i see terrified crying children and dead ones	fear	fear
3128	i feel helpless and hopeless because i feel like i am not in control over my own life even though in all actuality i totally am	sadness	sadness
3129	i feel the other person is unimportant but it is my interpretation see the trend that i have been misunderstood and that instead of wasting time hence the impatience part having them explain what i feel is already a misunderstanding i try to reexplain my intent	sadness	sadness
3130	i have found that some korean men are turning to foreign women because of the freedom they feel it can be easily accounted for that dating between koreans can be a casual thing but more often than not it tends to be a serious matter	happy	happy
3131	i feel pressured to be the perfect happy woman but it s because i have a hard time letting people in past a certain level so it just is easier to default to happy go lucky which i usually am anyway	fear	fear
3132	i was to do the same to them i would have this guilty conscience and i would feel like a heartless bitch	anger	anger
3133	i closed my eyes tightly and covered my ears and thank god i woke up before i apologize for the brutality of my nightmare it left me feeling shaken and nauseous to say the least	fear	fear
3134	i can put on it without words since i just cant type on that it was so lovely this morning yes im feeling sarcastic today	anger	anger
3135	i don t speak more than a few words of the local language and i have to rely on him to translate the conversations for me i feel submissive	sadness	sadness
3136	The anger in her voice took him ab	anger	anger
3137	i feel as if today was a positive gift delivered to us teachers on a very stressful week	happy	happy
3138	i feel it is very rude and ingorant	anger	anger
3139	i was wasting my life away going out with one person after another to find love feeling shitty and anti social about my polytechnic life i met this guy	sadness	sadness
3140	i feel a little disheartened but i dont think i feel bad as maybe i should	sadness	sadness
3141	i feel shame but i never change it it s sweet a la la la la long i ve been watching you jajaja s	happy	happy
3142	The RUC men who had conducted the police investigations were fiercely indignant and a senior officer threatened to res	anger	fear
3143	i feel you and its so sincere	happy	happy
3144	i started to feel that irritated feeling	anger	anger
3145	i didn t even think i was the type of person that could feel homesick	sadness	sadness
3146	i have the capacity for great care and compassion as well as the ability to bite metaphorically speaking when i feel threatened	fear	fear
3147	i was actually starting to feel pretty cranky about the situation and was avoiding a lot of phone calls because i really just didnt want to talk to anyone about being late	anger	anger
3148	i feel reluctant talking about myself and my current situation to you as i don t know how you ll feel but i guess its important you know all about me and the situation i am in so that we ll know if we can go further	fear	fear
3149	i feel sad when i see your son uhuru being persecuted by men of ill will and a woman martha karua is carrying their bags	sadness	sadness
3150	im feeling good though	happy	happy
3151	His face darkened with an	anger	anger
3152	i may trust my partner to look after me and my needs and those of our relationship i feel threatened because they arent in control of the situation and obviously neither am i	fear	fear
3153	i can vent some feelings or keep one person entertained then i will be happy	happy	happy
3154	a study visit to a chicken factory the butchery	anger	sadness
3155	i still do feel left out i do feel like the most hated kid in the asian crew	anger	anger
3156	ill admit there is definitely some sort of testosterone laden feeling of accomplishment in being a fucking savage helping women who cannot control a way unruly crowd	anger	anger
3157	i still very much feel submissive	sadness	sadness
3158	i feel so doomed all the time	sadness	sadness
3159	i think he is what really made us decide to stay with multiband because he made us feel valued and listen to the fact i am a student and need to do homework	happy	happy
3160	i hardly feel deprived	sadness	sadness
3161	i actually went into pilates yesterday feeling somewhat remorseful for the shoes i wore that day shoes i often refer to as stinky feet katie shoes	sadness	sadness
3162	i hate ever putting anyone in awkward situations and ever causing anyone to feel unwelcome such thoughts strain my heart so	sadness	sadness
3163	i feel somewhat frightened by the number of policemen that arrived but told them they may come inside and search for whatever they need to	fear	fear
3164	i still feel quite contented amp happy lah	happy	happy
3165	i feel like i should have actively hated every single second rather than just borne it all	anger	anger
3166	i feel that i was a girl that always being foolish and annoyed by boys	sadness	anger
3167	i didn t feel like doing much chris and i mostly just took too many pictures of unimportant stuff	sadness	sadness
3168	i equally feel relieved that i was not a hardcore supporter of them and did not post anything big about them in social media because if i had done that i would have had to undergo plastic surgery and change my name today to hide my face	happy	happy
3169	The horror in her voice was almost ludicrous , and Briant raised his eyebrows slight	fear	fear
3170	i feel so vulnerable	fear	fear
3171	i feel like we just rushed around trying to see things its still quite beautiful	anger	anger
3172	i am balancing on my hands with my feet hanging over and it feels like pretty far and im terrified to let them drop but im totally calm at the same time hanging here	fear	fear
3173	i could think was i wonder how many days i have until i am feeling terrible	sadness	sadness
3174	im a rather confident person i understand that a lot of times they just cant help it but feel lousy about themselves	sadness	sadness
3175	i feel agitated	anger	anger
3176	im feeling increasingly comfortable with the return of laddies marking skills	happy	happy
3177	i was feeling cold and wet most of the time	anger	anger
3178	i was feeling adventurous though so i went with some asian flavors of ginger and sesame oil for my salad	happy	happy
3179	i feel it is unfortunate that governor riley has stated that he and the republican party are raising funds to unseat democrats in the elections	sadness	sadness
3180	i feel like i tend be more passionate about things that are less popular to talk about	happy	happy
3181	ill go because it warms my muscles and i always laugh in the midst of our quirky little inter generational exercise family and after six months im a regular which reminds me that ive accomplished the epic feat of no longer feeling in some way intimidated when i go to the gym	fear	fear
3182	i love wearing new shoes i just feel so glamourous and when i get a pair of designer shoes i love the box and all the trimmings that come with them	happy	happy
3183	i feel reluctant to talk about an issue which is so immediate especially as one cannot make too much of a difference about it individually but what i can do is to spread the word	fear	fear
3184	i feel like my life has become rather dull it lacks excitement but i feel next year will be different	sadness	sadness
3185	im not feeling obnoxious with myself anymore	anger	anger
3186	i was feeling very pressured	fear	fear
3187	i must bring some perspective into the equation consider how you would feel if you went a week without calling and then phoned up to find out youd missed your final opportunity to talk with a parent	sadness	sadness
3188	i feel very agitated and sort of lost	anger	fear
3189	im not going to lie i had started to feel over confident with the skinny fiber again as i had now dropped from a size x to a size x in clothing	happy	happy
3190	i feel like people like this arent getting caught therefore the government plays it up when they catch criminals of petty crimes to make themselves look better	anger	anger
3191	i feel nervous just walking outside	fear	fear
3192	i feel neglectful that i have to skip over all the entries from this community and that i dont have the time to be as religious as i had been	sadness	sadness
3193	i feel drained without clozapine	sadness	sadness
3194	i feel someone has been wronged when i feel i have been wronged or when i get riled up against an action i find offensive i unsheathe my sword and good lord you better look out	anger	anger
3195	i think browsers are more comfortable in my booth if all my attention is not focused on them and they don t feel pressured to make a purchase	fear	fear
3196	i feel very honoured and look forward to my time with this apron	happy	happy
3197	i feel more adventurous willing to take risks	happy	happy
3198	i see the look of doubt on your face i feel the scorn in your eyes but for anyone skeptical of grits dinner grits please see this as a totally amazing sister to mashed potatoes	fear	fear
3199	i walia feels suspicious about tarun and bani	fear	fear
3200	i feel but i m trying to be stubborn and ignorant at the same time so that i can keep going	anger	anger
3201	im feeling a little stressed out with it all	sadness	anger
3202	i feel assured that foods that are grown organic free from pesticides in soil and water that aren t contaminated that s good for us	happy	happy
3203	i feel so selfish so self indulgent	anger	anger
3204	i also feel fearful and concerned for them both worried	fear	fear
3205	my girlfriend sent me a letter with a shiny picture in it	happy	fear
3206	i am feeling shaky and tired i feel like i do when i go on a long run without eating and come home and just really wanting a banana or some gatorade	fear	fear
3207	i feel not heartless because my heart hurts so i still feel it i feel so much pain	anger	anger
3208	i wish i could help take the pain and anguish these families must be feeling innocent children killed while in school where they should be safe	happy	happy
3209	i feel outraged that my life is so easy so blessed	anger	anger
3210	i got home feeling exhausted and discouraged	sadness	sadness
3211	i should feel blessed to have but what about me cause i thought i mattered in this situation	happy	happy
3212	i hope i would be able to understand and not make my friend feel pressured into doing anything they did not want to do	fear	fear
3213	i go snowboarding feeling very apprehensive	fear	fear
3214	i feel a bit timid about using this blog because i know that other classmates and even complete strangers will be able to read it	fear	fear
3215	i also have started taking b and it works a charm my lashes are getting longer thicker and i feel that i dont need to coat so much mascara on or wear fake lashes as much as i did before yay	sadness	sadness
3216	i feel cooler just looking at these gorgeous rooms	happy	happy
3217	im not feeling lucky	happy	happy
3218	i was feeling pretty cranky and down and all i could think of what how much better i feel when i cut my hair off	anger	anger
3219	i feel fucked	anger	anger
3220	i must find a way to accept these limitations until they are older without feeling held back or resentful	anger	anger
3221	im going to say is that i know my activities are out of balance when i start feeling burdened by something that is supposed to be fun	sadness	sadness
3222	i felt really bad because claudia and i have always had an amazing time in la and i could feel that she was disappointed that this trip was not turning out to be as fun and amazing as it could have been	sadness	happy
3223	i feel paranoid like we just stepped into a private club where everyone knows each other and we are standing out like nudists at a suit convention	fear	fear
3224	i got caught shoplifting a package of gummy bears	fear	fear
3225	i cant help but feel somewhat heartbroken by this news	sadness	sadness
3226	i feel angry because i have led myself to leading people to believe i couldnt do this	anger	anger
3227	i feel like these lenses look so cute	happy	happy
3228	i feel totally disillusioned with med school with london but most especially with my uni	sadness	sadness
3229	i feel horrible because i didn t post on the day but i did manage to get pictures	sadness	sadness
3230	i am feeling a little irritated with some close friends and yes i feel like i have an ongoing hangover but those arent reasons for my bad mood	anger	anger
3231	i feel like i have been a bit obnoxious in my picture posting	anger	anger
3232	im lying in bed feeling very anxious and have a knot in my stomach	fear	fear
3233	i feeling im look a like those innocent lame hunting group old dirty hyena so not have any hope and ways to be free of dead	happy	sadness
3234	i really feel like i am useless in this world	sadness	sadness
3235	i even had a deep feeling for alaska and the cold and snowy and yet big open land with the pine trees and mountains but im destined to live in southern california	anger	anger
3236	at the hypocrisy of some of my friends	anger	anger
3237	i feel so divine to be so cared for	happy	happy
3238	i feel like i dont need school to be intelligent	happy	happy
3239	i try not to let their ignorance get to me if i have the energy and it feels important sometimes ill engage them in a little light debate and try and to broaden their view of the world	happy	happy
3240	im already feeling sentimental about his time as a newborn as he was so wee and has sadly outgrown some fave thrifted outfits	sadness	sadness
3241	i have friends and family back home that can help me when i m feeling homesick because i m sure i will be	sadness	sadness
3242	i plot that makes the reader feel like he is with owen morgan during his dangerous undertaking	anger	anger
3243	i also feel strange that by the ripe old age of twenty three i want a goddamn life partner	fear	fear
3244	i often feel fucked regardless	anger	anger
3245	i want to feel assured that my life will be good and i know it will be when i trust the lord	happy	happy
3246	i feel that grits and even polenta are an unfortunate fate for corn	sadness	sadness
3247	i feel heartbroken one middle aged woman told pyongyang s state run media	sadness	sadness
3248	i feel like thats a cop out having safe people	happy	happy
3249	i began my focus on scripture a good hours ago and i still feel like a rejected woman who has no control but the feeling of abandonment has begun to subside	sadness	sadness
3250	i guess i wont feel too jealous since i often do my mothering at the pool but its nice to have a husband again	anger	anger
3251	i feel like i have suddenly lost a limb in a tragic accident	sadness	sadness
3252	She 's in a lot of pain , and is extremely anxious about her condition	fear	fear
3253	i may be feeling more generous than normal but i really think a lot of teams did well in drafting good players at good spots and filling needs	happy	happy
